-1,-1,IMXNN4QSP3autsAYjE/BLXYxx1c=,DoxJmHYSLGa/oQi4XLAom4NnEiI=
-1,-2,6sNetXIE4CDlyKM5a2ety0B+JnM=,44rAi+UF8Ml8T/6KgyxSnIpvovs=
-1,-3,6sNetXIE4CDlyKM5a2ety0B+JnM=,x4wwGmjgmVLdx4X2v/jlLYtp5uI=
-1,-4,i/Yx1dubs/pOMP1CNEjsTt9g/js=,Ry4vmESeFTkRONRr9DdaKqhzL3w=
-2,-2,+Ma1vyEXjW/VTYfFfMwLHZQr3qo=,7KUWQEUJGM1XFhFHsEswExkUwBI=
-2,-1,kgvtqhw53a4w2IUYvPjVdqxKdIA=,PUBy6kYBjpvqsLLCoiwnMZ7jO6U=
-2,-4,kgvtqhw53a4w2IUYvPjVdqxKdIA=,VbBPSVMkxdabr+Zmgt77ADUT7pA=
-2,-3,qXNuuakhIA38rSrZEJf0WixPjQc=,h90V449vsbZ530+CCC8FlEaQFnk=
-3,-3,/Ltxy6TpdbeCrGizs3usfejV3t4=,ThgRlO59e0WacMuHCHqdbz171iA=
-3,-4,eed5E0QgvGNG9vfxn2L+JEsirWM=,BOR0sFGSciFdhKjcQBqQiBcot3o=
-3,-1,eed5E0QgvGNG9vfxn2L+JEsirWM=,daok3CMkwXTLbtncmFsU+HkwHTA=
-3,-2,eT1CHXH0ksMxXEWkwGaiXKh5mtU=,4RCN3mv1zUzoEkUAyFHB2HLTey0=
-4,-4,6FMJhP4aJz54iin8M68iUsAPU7s=,K0Xfzro5elQRX/nxLB3yaNxFycI=
-4,-3,6FMJhP4aJz54iin8M68iUsAPU7s=,K0Xfzro5elQRX/nxLB3yaNxFycI=
-4,-2,dyFFW9Y7IUiTRjuGqsvRsDcVbSw=,K6v7J+WOlE1eCkbOzgBqDoL7BCc=
-4,-1,dyFFW9Y7IUiTRjuGqsvRsDcVbSw=,sVfQPh0Q6yGwXMIgY0FOooXYvv8=
