3,-1,p6t78c+fDsrvTUPQuwg1S2DWnVE=,QO6dWE16t6O04WhUzQymJuOD5Bw=
3,-2,p6t78c+fDsrvTUPQuwg1S2DWnVE=,TBC+OPSSsKVeJ1jmmM932WUrfYI=
3,-3,p6t78c+fDsrvTUPQuwg1S2DWnVE=,kHW+LadnDsLZVoQUdxugK736uRA=
3,-4,4B5qvYLyUDQ6b1t7MkzppX5Nyzc=,Xqrt/NmL6FTK+17niI2QX8Pv1ZY=
2,-2,KiBv/AeJBhqwW9Zk9AACF+DwNl8=,GDs3J4+KRQT++jrS5gSnfK0Xy+Q=
2,-1,KiBv/AeJBhqwW9Zk9AACF+DwNl8=,ZdljSUxeuoT4ETQAjkx/NJRIUT4=
2,-4,KiBv/AeJBhqwW9Zk9AACF+DwNl8=,VfMIp2HNcO+/5atXaX70EdQ/iuU=
2,-3,KiBv/AeJBhqwW9Zk9AACF+DwNl8=,7ugTtr8taPN3s+H0lczdPgbKf+g=
1,-3,HWBP8O/cqq3xMZcXSfaAm1aa0O4=,tTDtLnKF2mK8PIthZjx0qQA5oYk=
1,-4,HWBP8O/cqq3xMZcXSfaAm1aa0O4=,6BTuendT/YpyhHQJnXKJChEbSfs=
1,-1,HWBP8O/cqq3xMZcXSfaAm1aa0O4=,Qfnu8km2HqQw1+K4d5L/ig04EZI=
1,-2,HWBP8O/cqq3xMZcXSfaAm1aa0O4=,ZiWHqW4ckZ6IUXqwTxIk0/q7r44=
0,-4,3AMMZPATJN0gg0gRa1GtXGHRbKY=,vAuzPE4yKHRAw0QSQyPyDy/XUe4=
0,-3,3AMMZPATJN0gg0gRa1GtXGHRbKY=,O7LRu/jF3HIKCtanHUdqVlcSi9M=
0,-2,3AMMZPATJN0gg0gRa1GtXGHRbKY=,IX4fTAX3Ug13fSRpvJhaAFzEQf8=
0,-1,/knMH6nJV/4Zh0DMhRL9fj4qfes=,cshX6OYHdq3FgMQFJ0KPvKgJkUQ=
