-1,-1,Hu9zkEr8mIAMapRPEy9WPpqb+yg=,sWlWaDO1Xv9tYmecQ/bDwhCq2zk=
-1,-2,SaaKGNHiJ8TeT+Mk8B8mErf+7YA=,ySJwWizLicG3KWq2R25ToW5Y9Pg=
-1,-3,SaaKGNHiJ8TeT+Mk8B8mErf+7YA=,XcKScjyAlx1NCdDtmct323BgSuE=
-1,-4,SaaKGNHiJ8TeT+Mk8B8mErf+7YA=,qXItz8CzY0j1pVivu3EL9K3Fl2Y=
-2,-2,AYYl6NMtTmDudot8eSOBUy5hyeg=,AQwaELPqCSubyiXQGmYPOq0qMr0=
-2,-1,AYYl6NMtTmDudot8eSOBUy5hyeg=,RGLAGUDmcFFW/bB1cnKwZ/iMmNs=
-2,-4,AYYl6NMtTmDudot8eSOBUy5hyeg=,SC2Pwi5Lwe1yxIt9VvljV4dt0ZU=
-2,-3,AYYl6NMtTmDudot8eSOBUy5hyeg=,EnIcA4kZoks3ePk+zY+v1GZgaA8=
-3,-3,urL63U7k49hGTcnoI34+h/ssjGY=,lsqmsv7FznjTjGJUEA7C4TfZwh4=
-3,-4,urL63U7k49hGTcnoI34+h/ssjGY=,fmrFhs9jhC0sztc1+c1Ohu2fi9g=
-3,-1,urL63U7k49hGTcnoI34+h/ssjGY=,CJc9Omr4cHPKJyZX2ar3BKz4V8s=
-3,-2,VFMv/G6gO+UvVrlAmpPV5T1v/90=,x/s4dE9itaBQQS2XNCYTxF9eJ6I=
-4,-4,PcUFNP07ZEHUk62JbI3jRZ4Sc/A=,52O+vGpXPmAYHGG/t+v/cDYGo70=
-4,-3,PcUFNP07ZEHUk62JbI3jRZ4Sc/A=,6C71WSzW3rAMTJKEWnm6KTZLjmI=
-4,-2,PcUFNP07ZEHUk62JbI3jRZ4Sc/A=,m9ylfYxEvtevAHWhnIFgTut/82c=
-4,-1,PcUFNP07ZEHUk62JbI3jRZ4Sc/A=,T1QxlaPjCPUH+tpztFaCXyMz7GM=
