0,0,Hu9zkEr8mIAMapRPEy9WPpqb+yg=,v0rFWE7lvPXUHt6McbEnE1rNxMI=
0,1,Hu9zkEr8mIAMapRPEy9WPpqb+yg=,yrIdcN9Bzvq0T3tgSPcPKfAhUrQ=
0,2,Hu9zkEr8mIAMapRPEy9WPpqb+yg=,wik3T5niAAygElx98VcWDJmYb3o=
0,3,Hu9zkEr8mIAMapRPEy9WPpqb+yg=,hQgSumOiEVxqKKZRK0VrGVAb17A=
1,1,SaaKGNHiJ8TeT+Mk8B8mErf+7YA=,Xz98IBXwi1cg6Ul2yqzjDqa/eIM=
1,0,SaaKGNHiJ8TeT+Mk8B8mErf+7YA=,pLDfQuxiHRSIVM5EK2ea9OOcfA0=
1,3,SaaKGNHiJ8TeT+Mk8B8mErf+7YA=,3rd/4XbHM6HIh/W2Rgs7kQGpeZg=
1,2,AYYl6NMtTmDudot8eSOBUy5hyeg=,IttiDmelxGl9Di2fccWL0HrZ4bw=
2,2,AYYl6NMtTmDudot8eSOBUy5hyeg=,kFzQy+JE4fGeqqOIVUHDdZdQ7wM=
2,3,AYYl6NMtTmDudot8eSOBUy5hyeg=,BQHgHSGADI092k/o/vaalMrcoW4=
2,0,6gT7T60PZG+ydb7ACHU7nlicTYg=,7HfOiJufaG4RfOEhVxg0q+AK+9s=
2,1,6gT7T60PZG+ydb7ACHU7nlicTYg=,D/4/YalwLj6zQ9Jwxqu56pzJoug=
3,3,51/lOuqeKjrhHiYKtPUw/wDuw20=,OqSB4NXb7Cqfs5Zmy0MjG+/ZO7U=
3,2,51/lOuqeKjrhHiYKtPUw/wDuw20=,r3kkjxVEXyQB8QLZP8YNtgT02a0=
3,1,51/lOuqeKjrhHiYKtPUw/wDuw20=,hq7zErmEkvfiuzGiN8GyCCXOpuo=
3,0,51/lOuqeKjrhHiYKtPUw/wDuw20=,KD1pIC0LU11KJZiC+8hHurGv6u8=
