-34,-44,rGO5EW9L6NYo3YvxLE1kLyCgDLk=,mzObkpTGCRpVXlQtTu/BO0U9ozQ=
-34,-37,CKnbuXzCfDrx4vyycoCKpwrUw/s=,uLu450nJnV/qeZMfldcG9dIhwwM=
-40,-36,CKnbuXzCfDrx4vyycoCKpwrUw/s=,uLu450nJnV/qeZMfldcG9dIhwwM=
-39,-36,CKnbuXzCfDrx4vyycoCKpwrUw/s=,uLu450nJnV/qeZMfldcG9dIhwwM=
-44,-39,CKnbuXzCfDrx4vyycoCKpwrUw/s=,N1SQ+umayBSrH9NXcWpdDVI5a84=
-39,-40,CKnbuXzCfDrx4vyycoCKpwrUw/s=,uLu450nJnV/qeZMfldcG9dIhwwM=
-38,-36,CKnbuXzCfDrx4vyycoCKpwrUw/s=,uLu450nJnV/qeZMfldcG9dIhwwM=
-42,-39,CKnbuXzCfDrx4vyycoCKpwrUw/s=,N1SQ+umayBSrH9NXcWpdDVI5a84=
-35,-44,CKnbuXzCfDrx4vyycoCKpwrUw/s=,mzObkpTGCRpVXlQtTu/BO0U9ozQ=
-43,-39,CKnbuXzCfDrx4vyycoCKpwrUw/s=,N1SQ+umayBSrH9NXcWpdDVI5a84=
-40,-37,CKnbuXzCfDrx4vyycoCKpwrUw/s=,uLu450nJnV/qeZMfldcG9dIhwwM=
-35,-37,CKnbuXzCfDrx4vyycoCKpwrUw/s=,uLu450nJnV/qeZMfldcG9dIhwwM=
-37,-36,CKnbuXzCfDrx4vyycoCKpwrUw/s=,uLu450nJnV/qeZMfldcG9dIhwwM=
-36,-44,CKnbuXzCfDrx4vyycoCKpwrUw/s=,mzObkpTGCRpVXlQtTu/BO0U9ozQ=
-42,-46,CKnbuXzCfDrx4vyycoCKpwrUw/s=,+aX1D005tS5rrI3iyW3KiXlnC3I=
-34,-38,CKnbuXzCfDrx4vyycoCKpwrUw/s=,uLu450nJnV/qeZMfldcG9dIhwwM=
-37,-44,CKnbuXzCfDrx4vyycoCKpwrUw/s=,mzObkpTGCRpVXlQtTu/BO0U9ozQ=
-36,-36,CKnbuXzCfDrx4vyycoCKpwrUw/s=,uLu450nJnV/qeZMfldcG9dIhwwM=
-41,-35,CKnbuXzCfDrx4vyycoCKpwrUw/s=,N1SQ+umayBSrH9NXcWpdDVI5a84=
-41,-39,CKnbuXzCfDrx4vyycoCKpwrUw/s=,N1SQ+umayBSrH9NXcWpdDVI5a84=
-38,-44,CKnbuXzCfDrx4vyycoCKpwrUw/s=,mzObkpTGCRpVXlQtTu/BO0U9ozQ=
-45,-39,CKnbuXzCfDrx4vyycoCKpwrUw/s=,N1SQ+umayBSrH9NXcWpdDVI5a84=
-41,-46,CKnbuXzCfDrx4vyycoCKpwrUw/s=,+aX1D005tS5rrI3iyW3KiXlnC3I=
-39,-44,CKnbuXzCfDrx4vyycoCKpwrUw/s=,mzObkpTGCRpVXlQtTu/BO0U9ozQ=
-42,-35,CKnbuXzCfDrx4vyycoCKpwrUw/s=,N1SQ+umayBSrH9NXcWpdDVI5a84=
-47,-38,CKnbuXzCfDrx4vyycoCKpwrUw/s=,N1SQ+umayBSrH9NXcWpdDVI5a84=
-35,-38,CKnbuXzCfDrx4vyycoCKpwrUw/s=,uLu450nJnV/qeZMfldcG9dIhwwM=
-35,-36,CKnbuXzCfDrx4vyycoCKpwrUw/s=,uLu450nJnV/qeZMfldcG9dIhwwM=
-34,-45,CKnbuXzCfDrx4vyycoCKpwrUw/s=,mzObkpTGCRpVXlQtTu/BO0U9ozQ=
-40,-43,CKnbuXzCfDrx4vyycoCKpwrUw/s=,mzObkpTGCRpVXlQtTu/BO0U9ozQ=
-46,-39,CKnbuXzCfDrx4vyycoCKpwrUw/s=,N1SQ+umayBSrH9NXcWpdDVI5a84=
-46,-38,CKnbuXzCfDrx4vyycoCKpwrUw/s=,N1SQ+umayBSrH9NXcWpdDVI5a84=
-34,-36,CKnbuXzCfDrx4vyycoCKpwrUw/s=,uLu450nJnV/qeZMfldcG9dIhwwM=
-35,-45,CKnbuXzCfDrx4vyycoCKpwrUw/s=,mzObkpTGCRpVXlQtTu/BO0U9ozQ=
-36,-37,CKnbuXzCfDrx4vyycoCKpwrUw/s=,uLu450nJnV/qeZMfldcG9dIhwwM=
-36,-45,CKnbuXzCfDrx4vyycoCKpwrUw/s=,mzObkpTGCRpVXlQtTu/BO0U9ozQ=
-43,-35,CKnbuXzCfDrx4vyycoCKpwrUw/s=,N1SQ+umayBSrH9NXcWpdDVI5a84=
-47,-45,CKnbuXzCfDrx4vyycoCKpwrUw/s=,+aX1D005tS5rrI3iyW3KiXlnC3I=
-37,-45,CKnbuXzCfDrx4vyycoCKpwrUw/s=,mzObkpTGCRpVXlQtTu/BO0U9ozQ=
-45,-38,CKnbuXzCfDrx4vyycoCKpwrUw/s=,N1SQ+umayBSrH9NXcWpdDVI5a84=
-39,-35,CKnbuXzCfDrx4vyycoCKpwrUw/s=,uLu450nJnV/qeZMfldcG9dIhwwM=
-38,-45,CKnbuXzCfDrx4vyycoCKpwrUw/s=,mzObkpTGCRpVXlQtTu/BO0U9ozQ=
-36,-38,CKnbuXzCfDrx4vyycoCKpwrUw/s=,uLu450nJnV/qeZMfldcG9dIhwwM=
-46,-45,CKnbuXzCfDrx4vyycoCKpwrUw/s=,+aX1D005tS5rrI3iyW3KiXlnC3I=
-39,-45,CKnbuXzCfDrx4vyycoCKpwrUw/s=,mzObkpTGCRpVXlQtTu/BO0U9ozQ=
-40,-38,CKnbuXzCfDrx4vyycoCKpwrUw/s=,uLu450nJnV/qeZMfldcG9dIhwwM=
-38,-35,CKnbuXzCfDrx4vyycoCKpwrUw/s=,uLu450nJnV/qeZMfldcG9dIhwwM=
-34,-39,CKnbuXzCfDrx4vyycoCKpwrUw/s=,uLu450nJnV/qeZMfldcG9dIhwwM=
-34,-46,CKnbuXzCfDrx4vyycoCKpwrUw/s=,mzObkpTGCRpVXlQtTu/BO0U9ozQ=
-35,-39,CKnbuXzCfDrx4vyycoCKpwrUw/s=,uLu450nJnV/qeZMfldcG9dIhwwM=
-47,-39,CKnbuXzCfDrx4vyycoCKpwrUw/s=,N1SQ+umayBSrH9NXcWpdDVI5a84=
-45,-45,CKnbuXzCfDrx4vyycoCKpwrUw/s=,+aX1D005tS5rrI3iyW3KiXlnC3I=
-40,-35,CKnbuXzCfDrx4vyycoCKpwrUw/s=,uLu450nJnV/qeZMfldcG9dIhwwM=
-43,-46,CKnbuXzCfDrx4vyycoCKpwrUw/s=,+aX1D005tS5rrI3iyW3KiXlnC3I=
-38,-40,CKnbuXzCfDrx4vyycoCKpwrUw/s=,uLu450nJnV/qeZMfldcG9dIhwwM=
-36,-39,CKnbuXzCfDrx4vyycoCKpwrUw/s=,uLu450nJnV/qeZMfldcG9dIhwwM=
-35,-46,CKnbuXzCfDrx4vyycoCKpwrUw/s=,mzObkpTGCRpVXlQtTu/BO0U9ozQ=
-44,-45,CKnbuXzCfDrx4vyycoCKpwrUw/s=,+aX1D005tS5rrI3iyW3KiXlnC3I=
-36,-46,CKnbuXzCfDrx4vyycoCKpwrUw/s=,mzObkpTGCRpVXlQtTu/BO0U9ozQ=
-37,-46,CKnbuXzCfDrx4vyycoCKpwrUw/s=,mzObkpTGCRpVXlQtTu/BO0U9ozQ=
-37,-35,CKnbuXzCfDrx4vyycoCKpwrUw/s=,uLu450nJnV/qeZMfldcG9dIhwwM=
-44,-38,CKnbuXzCfDrx4vyycoCKpwrUw/s=,N1SQ+umayBSrH9NXcWpdDVI5a84=
-38,-46,CKnbuXzCfDrx4vyycoCKpwrUw/s=,mzObkpTGCRpVXlQtTu/BO0U9ozQ=
-39,-46,CKnbuXzCfDrx4vyycoCKpwrUw/s=,mzObkpTGCRpVXlQtTu/BO0U9ozQ=
-34,-47,CKnbuXzCfDrx4vyycoCKpwrUw/s=,mzObkpTGCRpVXlQtTu/BO0U9ozQ=
-43,-45,CKnbuXzCfDrx4vyycoCKpwrUw/s=,+aX1D005tS5rrI3iyW3KiXlnC3I=
-37,-40,CKnbuXzCfDrx4vyycoCKpwrUw/s=,uLu450nJnV/qeZMfldcG9dIhwwM=
-35,-47,CKnbuXzCfDrx4vyycoCKpwrUw/s=,mzObkpTGCRpVXlQtTu/BO0U9ozQ=
-43,-38,CKnbuXzCfDrx4vyycoCKpwrUw/s=,N1SQ+umayBSrH9NXcWpdDVI5a84=
-36,-47,CKnbuXzCfDrx4vyycoCKpwrUw/s=,mzObkpTGCRpVXlQtTu/BO0U9ozQ=
-37,-47,CKnbuXzCfDrx4vyycoCKpwrUw/s=,mzObkpTGCRpVXlQtTu/BO0U9ozQ=
-42,-45,CKnbuXzCfDrx4vyycoCKpwrUw/s=,+aX1D005tS5rrI3iyW3KiXlnC3I=
-39,-37,CKnbuXzCfDrx4vyycoCKpwrUw/s=,uLu450nJnV/qeZMfldcG9dIhwwM=
-45,-35,CKnbuXzCfDrx4vyycoCKpwrUw/s=,N1SQ+umayBSrH9NXcWpdDVI5a84=
-40,-34,CKnbuXzCfDrx4vyycoCKpwrUw/s=,uLu450nJnV/qeZMfldcG9dIhwwM=
-44,-35,CKnbuXzCfDrx4vyycoCKpwrUw/s=,N1SQ+umayBSrH9NXcWpdDVI5a84=
-37,-39,CKnbuXzCfDrx4vyycoCKpwrUw/s=,uLu450nJnV/qeZMfldcG9dIhwwM=
-38,-39,CKnbuXzCfDrx4vyycoCKpwrUw/s=,uLu450nJnV/qeZMfldcG9dIhwwM=
-40,-42,CKnbuXzCfDrx4vyycoCKpwrUw/s=,mzObkpTGCRpVXlQtTu/BO0U9ozQ=
-36,-40,CKnbuXzCfDrx4vyycoCKpwrUw/s=,uLu450nJnV/qeZMfldcG9dIhwwM=
-38,-47,CKnbuXzCfDrx4vyycoCKpwrUw/s=,mzObkpTGCRpVXlQtTu/BO0U9ozQ=
-42,-38,CKnbuXzCfDrx4vyycoCKpwrUw/s=,N1SQ+umayBSrH9NXcWpdDVI5a84=
-39,-47,CKnbuXzCfDrx4vyycoCKpwrUw/s=,mzObkpTGCRpVXlQtTu/BO0U9ozQ=
-41,-45,CKnbuXzCfDrx4vyycoCKpwrUw/s=,+aX1D005tS5rrI3iyW3KiXlnC3I=
-34,-42,CKnbuXzCfDrx4vyycoCKpwrUw/s=,mzObkpTGCRpVXlQtTu/BO0U9ozQ=
-35,-42,CKnbuXzCfDrx4vyycoCKpwrUw/s=,mzObkpTGCRpVXlQtTu/BO0U9ozQ=
-36,-42,CKnbuXzCfDrx4vyycoCKpwrUw/s=,mzObkpTGCRpVXlQtTu/BO0U9ozQ=
-36,-35,CKnbuXzCfDrx4vyycoCKpwrUw/s=,uLu450nJnV/qeZMfldcG9dIhwwM=
-41,-38,CKnbuXzCfDrx4vyycoCKpwrUw/s=,N1SQ+umayBSrH9NXcWpdDVI5a84=
-37,-42,CKnbuXzCfDrx4vyycoCKpwrUw/s=,mzObkpTGCRpVXlQtTu/BO0U9ozQ=
-39,-39,CKnbuXzCfDrx4vyycoCKpwrUw/s=,uLu450nJnV/qeZMfldcG9dIhwwM=
-47,-44,CKnbuXzCfDrx4vyycoCKpwrUw/s=,+aX1D005tS5rrI3iyW3KiXlnC3I=
-38,-42,CKnbuXzCfDrx4vyycoCKpwrUw/s=,mzObkpTGCRpVXlQtTu/BO0U9ozQ=
-35,-35,CKnbuXzCfDrx4vyycoCKpwrUw/s=,uLu450nJnV/qeZMfldcG9dIhwwM=
-44,-46,CKnbuXzCfDrx4vyycoCKpwrUw/s=,+aX1D005tS5rrI3iyW3KiXlnC3I=
-47,-37,CKnbuXzCfDrx4vyycoCKpwrUw/s=,N1SQ+umayBSrH9NXcWpdDVI5a84=
-37,-37,CKnbuXzCfDrx4vyycoCKpwrUw/s=,uLu450nJnV/qeZMfldcG9dIhwwM=
-37,-38,CKnbuXzCfDrx4vyycoCKpwrUw/s=,uLu450nJnV/qeZMfldcG9dIhwwM=
-46,-44,CKnbuXzCfDrx4vyycoCKpwrUw/s=,+aX1D005tS5rrI3iyW3KiXlnC3I=
-34,-41,CKnbuXzCfDrx4vyycoCKpwrUw/s=,mzObkpTGCRpVXlQtTu/BO0U9ozQ=
-46,-35,CKnbuXzCfDrx4vyycoCKpwrUw/s=,N1SQ+umayBSrH9NXcWpdDVI5a84=
-34,-35,CKnbuXzCfDrx4vyycoCKpwrUw/s=,uLu450nJnV/qeZMfldcG9dIhwwM=
-35,-41,CKnbuXzCfDrx4vyycoCKpwrUw/s=,mzObkpTGCRpVXlQtTu/BO0U9ozQ=
-46,-37,CKnbuXzCfDrx4vyycoCKpwrUw/s=,N1SQ+umayBSrH9NXcWpdDVI5a84=
-45,-44,CKnbuXzCfDrx4vyycoCKpwrUw/s=,+aX1D005tS5rrI3iyW3KiXlnC3I=
-36,-41,CKnbuXzCfDrx4vyycoCKpwrUw/s=,mzObkpTGCRpVXlQtTu/BO0U9ozQ=
-34,-40,CKnbuXzCfDrx4vyycoCKpwrUw/s=,uLu450nJnV/qeZMfldcG9dIhwwM=
-35,-40,CKnbuXzCfDrx4vyycoCKpwrUw/s=,uLu450nJnV/qeZMfldcG9dIhwwM=
-39,-42,CKnbuXzCfDrx4vyycoCKpwrUw/s=,mzObkpTGCRpVXlQtTu/BO0U9ozQ=
-45,-37,CKnbuXzCfDrx4vyycoCKpwrUw/s=,N1SQ+umayBSrH9NXcWpdDVI5a84=
-34,-43,CKnbuXzCfDrx4vyycoCKpwrUw/s=,mzObkpTGCRpVXlQtTu/BO0U9ozQ=
-37,-41,CKnbuXzCfDrx4vyycoCKpwrUw/s=,mzObkpTGCRpVXlQtTu/BO0U9ozQ=
-40,-41,CKnbuXzCfDrx4vyycoCKpwrUw/s=,mzObkpTGCRpVXlQtTu/BO0U9ozQ=
-35,-43,CKnbuXzCfDrx4vyycoCKpwrUw/s=,mzObkpTGCRpVXlQtTu/BO0U9ozQ=
-39,-41,CKnbuXzCfDrx4vyycoCKpwrUw/s=,mzObkpTGCRpVXlQtTu/BO0U9ozQ=
-45,-46,CKnbuXzCfDrx4vyycoCKpwrUw/s=,+aX1D005tS5rrI3iyW3KiXlnC3I=
-44,-37,CKnbuXzCfDrx4vyycoCKpwrUw/s=,N1SQ+umayBSrH9NXcWpdDVI5a84=
-41,-34,CKnbuXzCfDrx4vyycoCKpwrUw/s=,N1SQ+umayBSrH9NXcWpdDVI5a84=
-44,-44,CKnbuXzCfDrx4vyycoCKpwrUw/s=,+aX1D005tS5rrI3iyW3KiXlnC3I=
-36,-43,CKnbuXzCfDrx4vyycoCKpwrUw/s=,mzObkpTGCRpVXlQtTu/BO0U9ozQ=
-37,-43,CKnbuXzCfDrx4vyycoCKpwrUw/s=,mzObkpTGCRpVXlQtTu/BO0U9ozQ=
-39,-34,CKnbuXzCfDrx4vyycoCKpwrUw/s=,uLu450nJnV/qeZMfldcG9dIhwwM=
-38,-43,CKnbuXzCfDrx4vyycoCKpwrUw/s=,mzObkpTGCRpVXlQtTu/BO0U9ozQ=
-43,-37,CKnbuXzCfDrx4vyycoCKpwrUw/s=,N1SQ+umayBSrH9NXcWpdDVI5a84=
-43,-44,CKnbuXzCfDrx4vyycoCKpwrUw/s=,+aX1D005tS5rrI3iyW3KiXlnC3I=
-39,-43,CKnbuXzCfDrx4vyycoCKpwrUw/s=,mzObkpTGCRpVXlQtTu/BO0U9ozQ=
-47,-35,CKnbuXzCfDrx4vyycoCKpwrUw/s=,N1SQ+umayBSrH9NXcWpdDVI5a84=
-38,-34,CKnbuXzCfDrx4vyycoCKpwrUw/s=,uLu450nJnV/qeZMfldcG9dIhwwM=
-42,-44,CKnbuXzCfDrx4vyycoCKpwrUw/s=,+aX1D005tS5rrI3iyW3KiXlnC3I=
-42,-37,CKnbuXzCfDrx4vyycoCKpwrUw/s=,N1SQ+umayBSrH9NXcWpdDVI5a84=
-42,-34,CKnbuXzCfDrx4vyycoCKpwrUw/s=,N1SQ+umayBSrH9NXcWpdDVI5a84=
-37,-34,CKnbuXzCfDrx4vyycoCKpwrUw/s=,uLu450nJnV/qeZMfldcG9dIhwwM=
-46,-46,CKnbuXzCfDrx4vyycoCKpwrUw/s=,+aX1D005tS5rrI3iyW3KiXlnC3I=
-41,-44,CKnbuXzCfDrx4vyycoCKpwrUw/s=,+aX1D005tS5rrI3iyW3KiXlnC3I=
-41,-37,CKnbuXzCfDrx4vyycoCKpwrUw/s=,N1SQ+umayBSrH9NXcWpdDVI5a84=
-42,-40,CKnbuXzCfDrx4vyycoCKpwrUw/s=,N1SQ+umayBSrH9NXcWpdDVI5a84=
-41,-40,CKnbuXzCfDrx4vyycoCKpwrUw/s=,N1SQ+umayBSrH9NXcWpdDVI5a84=
-38,-38,CKnbuXzCfDrx4vyycoCKpwrUw/s=,uLu450nJnV/qeZMfldcG9dIhwwM=
-47,-33,CKnbuXzCfDrx4vyycoCKpwrUw/s=,N1SQ+umayBSrH9NXcWpdDVI5a84=
-36,-34,CKnbuXzCfDrx4vyycoCKpwrUw/s=,uLu450nJnV/qeZMfldcG9dIhwwM=
-47,-43,CKnbuXzCfDrx4vyycoCKpwrUw/s=,+aX1D005tS5rrI3iyW3KiXlnC3I=
-43,-34,CKnbuXzCfDrx4vyycoCKpwrUw/s=,N1SQ+umayBSrH9NXcWpdDVI5a84=
-40,-39,CKnbuXzCfDrx4vyycoCKpwrUw/s=,uLu450nJnV/qeZMfldcG9dIhwwM=
-46,-33,CKnbuXzCfDrx4vyycoCKpwrUw/s=,N1SQ+umayBSrH9NXcWpdDVI5a84=
-47,-46,CKnbuXzCfDrx4vyycoCKpwrUw/s=,+aX1D005tS5rrI3iyW3KiXlnC3I=
-38,-41,CKnbuXzCfDrx4vyycoCKpwrUw/s=,mzObkpTGCRpVXlQtTu/BO0U9ozQ=
-39,-38,CKnbuXzCfDrx4vyycoCKpwrUw/s=,uLu450nJnV/qeZMfldcG9dIhwwM=
-47,-36,CKnbuXzCfDrx4vyycoCKpwrUw/s=,N1SQ+umayBSrH9NXcWpdDVI5a84=
-46,-43,CKnbuXzCfDrx4vyycoCKpwrUw/s=,+aX1D005tS5rrI3iyW3KiXlnC3I=
-45,-33,CKnbuXzCfDrx4vyycoCKpwrUw/s=,N1SQ+umayBSrH9NXcWpdDVI5a84=
-41,-47,CKnbuXzCfDrx4vyycoCKpwrUw/s=,+aX1D005tS5rrI3iyW3KiXlnC3I=
-44,-34,CKnbuXzCfDrx4vyycoCKpwrUw/s=,N1SQ+umayBSrH9NXcWpdDVI5a84=
-35,-34,CKnbuXzCfDrx4vyycoCKpwrUw/s=,uLu450nJnV/qeZMfldcG9dIhwwM=
-38,-37,CKnbuXzCfDrx4vyycoCKpwrUw/s=,uLu450nJnV/qeZMfldcG9dIhwwM=
-45,-43,CKnbuXzCfDrx4vyycoCKpwrUw/s=,+aX1D005tS5rrI3iyW3KiXlnC3I=
-44,-33,CKnbuXzCfDrx4vyycoCKpwrUw/s=,N1SQ+umayBSrH9NXcWpdDVI5a84=
-46,-36,CKnbuXzCfDrx4vyycoCKpwrUw/s=,N1SQ+umayBSrH9NXcWpdDVI5a84=
-45,-34,CKnbuXzCfDrx4vyycoCKpwrUw/s=,N1SQ+umayBSrH9NXcWpdDVI5a84=
-46,-34,CKnbuXzCfDrx4vyycoCKpwrUw/s=,N1SQ+umayBSrH9NXcWpdDVI5a84=
-34,-34,CKnbuXzCfDrx4vyycoCKpwrUw/s=,uLu450nJnV/qeZMfldcG9dIhwwM=
-44,-43,CKnbuXzCfDrx4vyycoCKpwrUw/s=,+aX1D005tS5rrI3iyW3KiXlnC3I=
-43,-33,CKnbuXzCfDrx4vyycoCKpwrUw/s=,N1SQ+umayBSrH9NXcWpdDVI5a84=
-45,-36,CKnbuXzCfDrx4vyycoCKpwrUw/s=,N1SQ+umayBSrH9NXcWpdDVI5a84=
-43,-40,CKnbuXzCfDrx4vyycoCKpwrUw/s=,N1SQ+umayBSrH9NXcWpdDVI5a84=
-43,-43,CKnbuXzCfDrx4vyycoCKpwrUw/s=,+aX1D005tS5rrI3iyW3KiXlnC3I=
-42,-33,CKnbuXzCfDrx4vyycoCKpwrUw/s=,N1SQ+umayBSrH9NXcWpdDVI5a84=
-44,-36,CKnbuXzCfDrx4vyycoCKpwrUw/s=,N1SQ+umayBSrH9NXcWpdDVI5a84=
-44,-40,CKnbuXzCfDrx4vyycoCKpwrUw/s=,N1SQ+umayBSrH9NXcWpdDVI5a84=
-40,-33,CKnbuXzCfDrx4vyycoCKpwrUw/s=,uLu450nJnV/qeZMfldcG9dIhwwM=
-45,-40,CKnbuXzCfDrx4vyycoCKpwrUw/s=,N1SQ+umayBSrH9NXcWpdDVI5a84=
-42,-43,CKnbuXzCfDrx4vyycoCKpwrUw/s=,+aX1D005tS5rrI3iyW3KiXlnC3I=
-43,-36,CKnbuXzCfDrx4vyycoCKpwrUw/s=,N1SQ+umayBSrH9NXcWpdDVI5a84=
-39,-33,CKnbuXzCfDrx4vyycoCKpwrUw/s=,uLu450nJnV/qeZMfldcG9dIhwwM=
-40,-47,CKnbuXzCfDrx4vyycoCKpwrUw/s=,mzObkpTGCRpVXlQtTu/BO0U9ozQ=
-47,-34,CKnbuXzCfDrx4vyycoCKpwrUw/s=,N1SQ+umayBSrH9NXcWpdDVI5a84=
-46,-40,CKnbuXzCfDrx4vyycoCKpwrUw/s=,N1SQ+umayBSrH9NXcWpdDVI5a84=
-42,-36,CKnbuXzCfDrx4vyycoCKpwrUw/s=,N1SQ+umayBSrH9NXcWpdDVI5a84=
-38,-33,CKnbuXzCfDrx4vyycoCKpwrUw/s=,uLu450nJnV/qeZMfldcG9dIhwwM=
-47,-40,CKnbuXzCfDrx4vyycoCKpwrUw/s=,N1SQ+umayBSrH9NXcWpdDVI5a84=
-41,-43,CKnbuXzCfDrx4vyycoCKpwrUw/s=,+aX1D005tS5rrI3iyW3KiXlnC3I=
-41,-36,CKnbuXzCfDrx4vyycoCKpwrUw/s=,N1SQ+umayBSrH9NXcWpdDVI5a84=
-33,-37,CKnbuXzCfDrx4vyycoCKpwrUw/s=,uLu450nJnV/qeZMfldcG9dIhwwM=
-33,-38,CKnbuXzCfDrx4vyycoCKpwrUw/s=,uLu450nJnV/qeZMfldcG9dIhwwM=
-37,-33,CKnbuXzCfDrx4vyycoCKpwrUw/s=,uLu450nJnV/qeZMfldcG9dIhwwM=
-47,-42,CKnbuXzCfDrx4vyycoCKpwrUw/s=,+aX1D005tS5rrI3iyW3KiXlnC3I=
-33,-39,CKnbuXzCfDrx4vyycoCKpwrUw/s=,uLu450nJnV/qeZMfldcG9dIhwwM=
-33,-34,CKnbuXzCfDrx4vyycoCKpwrUw/s=,uLu450nJnV/qeZMfldcG9dIhwwM=
-33,-35,CKnbuXzCfDrx4vyycoCKpwrUw/s=,uLu450nJnV/qeZMfldcG9dIhwwM=
-36,-33,CKnbuXzCfDrx4vyycoCKpwrUw/s=,uLu450nJnV/qeZMfldcG9dIhwwM=
-33,-36,CKnbuXzCfDrx4vyycoCKpwrUw/s=,uLu450nJnV/qeZMfldcG9dIhwwM=
-46,-42,CKnbuXzCfDrx4vyycoCKpwrUw/s=,+aX1D005tS5rrI3iyW3KiXlnC3I=
-35,-33,CKnbuXzCfDrx4vyycoCKpwrUw/s=,uLu450nJnV/qeZMfldcG9dIhwwM=
-45,-42,CKnbuXzCfDrx4vyycoCKpwrUw/s=,+aX1D005tS5rrI3iyW3KiXlnC3I=
-33,-44,CKnbuXzCfDrx4vyycoCKpwrUw/s=,mzObkpTGCRpVXlQtTu/BO0U9ozQ=
-41,-41,CKnbuXzCfDrx4vyycoCKpwrUw/s=,+aX1D005tS5rrI3iyW3KiXlnC3I=
-42,-41,CKnbuXzCfDrx4vyycoCKpwrUw/s=,+aX1D005tS5rrI3iyW3KiXlnC3I=
-44,-42,CKnbuXzCfDrx4vyycoCKpwrUw/s=,+aX1D005tS5rrI3iyW3KiXlnC3I=
-33,-43,CKnbuXzCfDrx4vyycoCKpwrUw/s=,mzObkpTGCRpVXlQtTu/BO0U9ozQ=
-34,-33,CKnbuXzCfDrx4vyycoCKpwrUw/s=,uLu450nJnV/qeZMfldcG9dIhwwM=
-41,-33,CKnbuXzCfDrx4vyycoCKpwrUw/s=,N1SQ+umayBSrH9NXcWpdDVI5a84=
-39,-48,CKnbuXzCfDrx4vyycoCKpwrUw/s=,mzObkpTGCRpVXlQtTu/BO0U9ozQ=
-33,-42,CKnbuXzCfDrx4vyycoCKpwrUw/s=,mzObkpTGCRpVXlQtTu/BO0U9ozQ=
-43,-42,CKnbuXzCfDrx4vyycoCKpwrUw/s=,+aX1D005tS5rrI3iyW3KiXlnC3I=
-33,-45,CKnbuXzCfDrx4vyycoCKpwrUw/s=,mzObkpTGCRpVXlQtTu/BO0U9ozQ=
-38,-48,CKnbuXzCfDrx4vyycoCKpwrUw/s=,mzObkpTGCRpVXlQtTu/BO0U9ozQ=
-33,-41,CKnbuXzCfDrx4vyycoCKpwrUw/s=,mzObkpTGCRpVXlQtTu/BO0U9ozQ=
-33,-46,CKnbuXzCfDrx4vyycoCKpwrUw/s=,mzObkpTGCRpVXlQtTu/BO0U9ozQ=
-33,-40,CKnbuXzCfDrx4vyycoCKpwrUw/s=,uLu450nJnV/qeZMfldcG9dIhwwM=
-40,-46,CKnbuXzCfDrx4vyycoCKpwrUw/s=,mzObkpTGCRpVXlQtTu/BO0U9ozQ=
-40,-48,CKnbuXzCfDrx4vyycoCKpwrUw/s=,mzObkpTGCRpVXlQtTu/BO0U9ozQ=
-33,-47,CKnbuXzCfDrx4vyycoCKpwrUw/s=,mzObkpTGCRpVXlQtTu/BO0U9ozQ=
-37,-48,CKnbuXzCfDrx4vyycoCKpwrUw/s=,mzObkpTGCRpVXlQtTu/BO0U9ozQ=
-43,-41,CKnbuXzCfDrx4vyycoCKpwrUw/s=,+aX1D005tS5rrI3iyW3KiXlnC3I=
-34,-48,CKnbuXzCfDrx4vyycoCKpwrUw/s=,mzObkpTGCRpVXlQtTu/BO0U9ozQ=
-42,-42,CKnbuXzCfDrx4vyycoCKpwrUw/s=,+aX1D005tS5rrI3iyW3KiXlnC3I=
-47,-48,CKnbuXzCfDrx4vyycoCKpwrUw/s=,+aX1D005tS5rrI3iyW3KiXlnC3I=
-47,-47,CKnbuXzCfDrx4vyycoCKpwrUw/s=,+aX1D005tS5rrI3iyW3KiXlnC3I=
-36,-48,CKnbuXzCfDrx4vyycoCKpwrUw/s=,mzObkpTGCRpVXlQtTu/BO0U9ozQ=
-46,-48,CKnbuXzCfDrx4vyycoCKpwrUw/s=,+aX1D005tS5rrI3iyW3KiXlnC3I=
-48,-45,CKnbuXzCfDrx4vyycoCKpwrUw/s=,+aX1D005tS5rrI3iyW3KiXlnC3I=
-35,-48,CKnbuXzCfDrx4vyycoCKpwrUw/s=,mzObkpTGCRpVXlQtTu/BO0U9ozQ=
-41,-48,CKnbuXzCfDrx4vyycoCKpwrUw/s=,+aX1D005tS5rrI3iyW3KiXlnC3I=
-40,-44,CKnbuXzCfDrx4vyycoCKpwrUw/s=,mzObkpTGCRpVXlQtTu/BO0U9ozQ=
-40,-45,CKnbuXzCfDrx4vyycoCKpwrUw/s=,mzObkpTGCRpVXlQtTu/BO0U9ozQ=
-48,-44,CKnbuXzCfDrx4vyycoCKpwrUw/s=,+aX1D005tS5rrI3iyW3KiXlnC3I=
-45,-48,CKnbuXzCfDrx4vyycoCKpwrUw/s=,+aX1D005tS5rrI3iyW3KiXlnC3I=
-40,-40,CKnbuXzCfDrx4vyycoCKpwrUw/s=,uLu450nJnV/qeZMfldcG9dIhwwM=
-48,-46,CKnbuXzCfDrx4vyycoCKpwrUw/s=,+aX1D005tS5rrI3iyW3KiXlnC3I=
-44,-41,CKnbuXzCfDrx4vyycoCKpwrUw/s=,+aX1D005tS5rrI3iyW3KiXlnC3I=
-45,-41,CKnbuXzCfDrx4vyycoCKpwrUw/s=,+aX1D005tS5rrI3iyW3KiXlnC3I=
-48,-43,CKnbuXzCfDrx4vyycoCKpwrUw/s=,+aX1D005tS5rrI3iyW3KiXlnC3I=
-48,-38,CKnbuXzCfDrx4vyycoCKpwrUw/s=,N1SQ+umayBSrH9NXcWpdDVI5a84=
-44,-48,CKnbuXzCfDrx4vyycoCKpwrUw/s=,+aX1D005tS5rrI3iyW3KiXlnC3I=
-46,-47,CKnbuXzCfDrx4vyycoCKpwrUw/s=,+aX1D005tS5rrI3iyW3KiXlnC3I=
-42,-48,CKnbuXzCfDrx4vyycoCKpwrUw/s=,+aX1D005tS5rrI3iyW3KiXlnC3I=
-48,-47,CKnbuXzCfDrx4vyycoCKpwrUw/s=,+aX1D005tS5rrI3iyW3KiXlnC3I=
-42,-47,CKnbuXzCfDrx4vyycoCKpwrUw/s=,+aX1D005tS5rrI3iyW3KiXlnC3I=
-48,-37,CKnbuXzCfDrx4vyycoCKpwrUw/s=,N1SQ+umayBSrH9NXcWpdDVI5a84=
-48,-42,CKnbuXzCfDrx4vyycoCKpwrUw/s=,+aX1D005tS5rrI3iyW3KiXlnC3I=
-43,-48,CKnbuXzCfDrx4vyycoCKpwrUw/s=,+aX1D005tS5rrI3iyW3KiXlnC3I=
-41,-42,CKnbuXzCfDrx4vyycoCKpwrUw/s=,+aX1D005tS5rrI3iyW3KiXlnC3I=
-48,-36,CKnbuXzCfDrx4vyycoCKpwrUw/s=,N1SQ+umayBSrH9NXcWpdDVI5a84=
-48,-39,CKnbuXzCfDrx4vyycoCKpwrUw/s=,N1SQ+umayBSrH9NXcWpdDVI5a84=
-48,-40,CKnbuXzCfDrx4vyycoCKpwrUw/s=,N1SQ+umayBSrH9NXcWpdDVI5a84=
-43,-47,CKnbuXzCfDrx4vyycoCKpwrUw/s=,+aX1D005tS5rrI3iyW3KiXlnC3I=
-48,-35,CKnbuXzCfDrx4vyycoCKpwrUw/s=,N1SQ+umayBSrH9NXcWpdDVI5a84=
-33,-48,CKnbuXzCfDrx4vyycoCKpwrUw/s=,mzObkpTGCRpVXlQtTu/BO0U9ozQ=
-47,-41,CKnbuXzCfDrx4vyycoCKpwrUw/s=,+aX1D005tS5rrI3iyW3KiXlnC3I=
-48,-34,CKnbuXzCfDrx4vyycoCKpwrUw/s=,N1SQ+umayBSrH9NXcWpdDVI5a84=
-48,-33,CKnbuXzCfDrx4vyycoCKpwrUw/s=,N1SQ+umayBSrH9NXcWpdDVI5a84=
-48,-41,CKnbuXzCfDrx4vyycoCKpwrUw/s=,+aX1D005tS5rrI3iyW3KiXlnC3I=
-48,-48,CKnbuXzCfDrx4vyycoCKpwrUw/s=,+aX1D005tS5rrI3iyW3KiXlnC3I=
-44,-47,CKnbuXzCfDrx4vyycoCKpwrUw/s=,+aX1D005tS5rrI3iyW3KiXlnC3I=
-46,-41,CKnbuXzCfDrx4vyycoCKpwrUw/s=,+aX1D005tS5rrI3iyW3KiXlnC3I=
-33,-33,CKnbuXzCfDrx4vyycoCKpwrUw/s=,uLu450nJnV/qeZMfldcG9dIhwwM=
-45,-47,CKnbuXzCfDrx4vyycoCKpwrUw/s=,+aX1D005tS5rrI3iyW3KiXlnC3I=
-39,-63,xEOxvUvwIl28DGtWuwd/MEUMqh4=,bPlJr9/kyC+VXQB43PpbsUMPriY=
-34,-58,Ohxfk6W3+XLHlTWRsJYGVAJHlD0=,bPlJr9/kyC+VXQB43PpbsUMPriY=
-44,-63,Ohxfk6W3+XLHlTWRsJYGVAJHlD0=,IlGYpJ8pmthxsYcZ38eWJ8xRAXs=
-44,-57,Ohxfk6W3+XLHlTWRsJYGVAJHlD0=,IlGYpJ8pmthxsYcZ38eWJ8xRAXs=
-40,-63,Ohxfk6W3+XLHlTWRsJYGVAJHlD0=,bPlJr9/kyC+VXQB43PpbsUMPriY=
-43,-57,Ohxfk6W3+XLHlTWRsJYGVAJHlD0=,IlGYpJ8pmthxsYcZ38eWJ8xRAXs=
-43,-63,Ohxfk6W3+XLHlTWRsJYGVAJHlD0=,IlGYpJ8pmthxsYcZ38eWJ8xRAXs=
-44,-51,Ohxfk6W3+XLHlTWRsJYGVAJHlD0=,lyFdTcxzPjge4c2UPhdAkk8ojM0=
-42,-63,Ohxfk6W3+XLHlTWRsJYGVAJHlD0=,IlGYpJ8pmthxsYcZ38eWJ8xRAXs=
-42,-57,Ohxfk6W3+XLHlTWRsJYGVAJHlD0=,IlGYpJ8pmthxsYcZ38eWJ8xRAXs=
-41,-63,Ohxfk6W3+XLHlTWRsJYGVAJHlD0=,IlGYpJ8pmthxsYcZ38eWJ8xRAXs=
-47,-62,Ohxfk6W3+XLHlTWRsJYGVAJHlD0=,IlGYpJ8pmthxsYcZ38eWJ8xRAXs=
-42,-51,Ohxfk6W3+XLHlTWRsJYGVAJHlD0=,lyFdTcxzPjge4c2UPhdAkk8ojM0=
-43,-51,Ohxfk6W3+XLHlTWRsJYGVAJHlD0=,lyFdTcxzPjge4c2UPhdAkk8ojM0=
-46,-62,Ohxfk6W3+XLHlTWRsJYGVAJHlD0=,IlGYpJ8pmthxsYcZ38eWJ8xRAXs=
-47,-56,Ohxfk6W3+XLHlTWRsJYGVAJHlD0=,lyFdTcxzPjge4c2UPhdAkk8ojM0=
-40,-62,Ohxfk6W3+XLHlTWRsJYGVAJHlD0=,bPlJr9/kyC+VXQB43PpbsUMPriY=
-47,-50,Ohxfk6W3+XLHlTWRsJYGVAJHlD0=,lyFdTcxzPjge4c2UPhdAkk8ojM0=
-45,-62,Ohxfk6W3+XLHlTWRsJYGVAJHlD0=,IlGYpJ8pmthxsYcZ38eWJ8xRAXs=
-45,-63,Ohxfk6W3+XLHlTWRsJYGVAJHlD0=,IlGYpJ8pmthxsYcZ38eWJ8xRAXs=
-46,-56,Ohxfk6W3+XLHlTWRsJYGVAJHlD0=,lyFdTcxzPjge4c2UPhdAkk8ojM0=
-44,-62,Ohxfk6W3+XLHlTWRsJYGVAJHlD0=,IlGYpJ8pmthxsYcZ38eWJ8xRAXs=
-45,-56,Ohxfk6W3+XLHlTWRsJYGVAJHlD0=,lyFdTcxzPjge4c2UPhdAkk8ojM0=
-43,-62,Ohxfk6W3+XLHlTWRsJYGVAJHlD0=,IlGYpJ8pmthxsYcZ38eWJ8xRAXs=
-44,-56,Ohxfk6W3+XLHlTWRsJYGVAJHlD0=,lyFdTcxzPjge4c2UPhdAkk8ojM0=
-40,-61,Ohxfk6W3+XLHlTWRsJYGVAJHlD0=,bPlJr9/kyC+VXQB43PpbsUMPriY=
-43,-56,Ohxfk6W3+XLHlTWRsJYGVAJHlD0=,lyFdTcxzPjge4c2UPhdAkk8ojM0=
-42,-62,Ohxfk6W3+XLHlTWRsJYGVAJHlD0=,IlGYpJ8pmthxsYcZ38eWJ8xRAXs=
-41,-62,Ohxfk6W3+XLHlTWRsJYGVAJHlD0=,IlGYpJ8pmthxsYcZ38eWJ8xRAXs=
-46,-50,Ohxfk6W3+XLHlTWRsJYGVAJHlD0=,lyFdTcxzPjge4c2UPhdAkk8ojM0=
-42,-56,Ohxfk6W3+XLHlTWRsJYGVAJHlD0=,lyFdTcxzPjge4c2UPhdAkk8ojM0=
-47,-61,Ohxfk6W3+XLHlTWRsJYGVAJHlD0=,IlGYpJ8pmthxsYcZ38eWJ8xRAXs=
-47,-55,Ohxfk6W3+XLHlTWRsJYGVAJHlD0=,lyFdTcxzPjge4c2UPhdAkk8ojM0=
-41,-58,Ohxfk6W3+XLHlTWRsJYGVAJHlD0=,IlGYpJ8pmthxsYcZ38eWJ8xRAXs=
-46,-61,Ohxfk6W3+XLHlTWRsJYGVAJHlD0=,IlGYpJ8pmthxsYcZ38eWJ8xRAXs=
-46,-55,Ohxfk6W3+XLHlTWRsJYGVAJHlD0=,lyFdTcxzPjge4c2UPhdAkk8ojM0=
-40,-60,Ohxfk6W3+XLHlTWRsJYGVAJHlD0=,bPlJr9/kyC+VXQB43PpbsUMPriY=
-45,-55,Ohxfk6W3+XLHlTWRsJYGVAJHlD0=,lyFdTcxzPjge4c2UPhdAkk8ojM0=
-45,-61,Ohxfk6W3+XLHlTWRsJYGVAJHlD0=,IlGYpJ8pmthxsYcZ38eWJ8xRAXs=
-46,-63,Ohxfk6W3+XLHlTWRsJYGVAJHlD0=,IlGYpJ8pmthxsYcZ38eWJ8xRAXs=
-42,-58,Ohxfk6W3+XLHlTWRsJYGVAJHlD0=,IlGYpJ8pmthxsYcZ38eWJ8xRAXs=
-47,-63,Ohxfk6W3+XLHlTWRsJYGVAJHlD0=,IlGYpJ8pmthxsYcZ38eWJ8xRAXs=
-43,-58,Ohxfk6W3+XLHlTWRsJYGVAJHlD0=,IlGYpJ8pmthxsYcZ38eWJ8xRAXs=
-40,-51,Ohxfk6W3+XLHlTWRsJYGVAJHlD0=,xnfBfoChjUAlflNzLjCBPYBOhSo=
-44,-55,Ohxfk6W3+XLHlTWRsJYGVAJHlD0=,lyFdTcxzPjge4c2UPhdAkk8ojM0=
-44,-61,Ohxfk6W3+XLHlTWRsJYGVAJHlD0=,IlGYpJ8pmthxsYcZ38eWJ8xRAXs=
-40,-52,Ohxfk6W3+XLHlTWRsJYGVAJHlD0=,xnfBfoChjUAlflNzLjCBPYBOhSo=
-35,-58,Ohxfk6W3+XLHlTWRsJYGVAJHlD0=,bPlJr9/kyC+VXQB43PpbsUMPriY=
-35,-50,Ohxfk6W3+XLHlTWRsJYGVAJHlD0=,xnfBfoChjUAlflNzLjCBPYBOhSo=
-35,-51,Ohxfk6W3+XLHlTWRsJYGVAJHlD0=,xnfBfoChjUAlflNzLjCBPYBOhSo=
-37,-55,Ohxfk6W3+XLHlTWRsJYGVAJHlD0=,xnfBfoChjUAlflNzLjCBPYBOhSo=
-45,-50,Ohxfk6W3+XLHlTWRsJYGVAJHlD0=,lyFdTcxzPjge4c2UPhdAkk8ojM0=
-43,-61,Ohxfk6W3+XLHlTWRsJYGVAJHlD0=,IlGYpJ8pmthxsYcZ38eWJ8xRAXs=
-36,-55,Ohxfk6W3+XLHlTWRsJYGVAJHlD0=,xnfBfoChjUAlflNzLjCBPYBOhSo=
-38,-55,Ohxfk6W3+XLHlTWRsJYGVAJHlD0=,xnfBfoChjUAlflNzLjCBPYBOhSo=
-44,-58,Ohxfk6W3+XLHlTWRsJYGVAJHlD0=,IlGYpJ8pmthxsYcZ38eWJ8xRAXs=
-39,-54,Ohxfk6W3+XLHlTWRsJYGVAJHlD0=,xnfBfoChjUAlflNzLjCBPYBOhSo=
-43,-55,Ohxfk6W3+XLHlTWRsJYGVAJHlD0=,lyFdTcxzPjge4c2UPhdAkk8ojM0=
-42,-61,Ohxfk6W3+XLHlTWRsJYGVAJHlD0=,IlGYpJ8pmthxsYcZ38eWJ8xRAXs=
-41,-57,Ohxfk6W3+XLHlTWRsJYGVAJHlD0=,IlGYpJ8pmthxsYcZ38eWJ8xRAXs=
-37,-56,Ohxfk6W3+XLHlTWRsJYGVAJHlD0=,xnfBfoChjUAlflNzLjCBPYBOhSo=
-34,-50,Ohxfk6W3+XLHlTWRsJYGVAJHlD0=,xnfBfoChjUAlflNzLjCBPYBOhSo=
-34,-57,Ohxfk6W3+XLHlTWRsJYGVAJHlD0=,bPlJr9/kyC+VXQB43PpbsUMPriY=
-41,-52,Ohxfk6W3+XLHlTWRsJYGVAJHlD0=,lyFdTcxzPjge4c2UPhdAkk8ojM0=
-42,-55,Ohxfk6W3+XLHlTWRsJYGVAJHlD0=,lyFdTcxzPjge4c2UPhdAkk8ojM0=
-41,-61,Ohxfk6W3+XLHlTWRsJYGVAJHlD0=,IlGYpJ8pmthxsYcZ38eWJ8xRAXs=
-36,-58,Ohxfk6W3+XLHlTWRsJYGVAJHlD0=,bPlJr9/kyC+VXQB43PpbsUMPriY=
-37,-58,Ohxfk6W3+XLHlTWRsJYGVAJHlD0=,bPlJr9/kyC+VXQB43PpbsUMPriY=
-35,-57,Ohxfk6W3+XLHlTWRsJYGVAJHlD0=,bPlJr9/kyC+VXQB43PpbsUMPriY=
-36,-56,Ohxfk6W3+XLHlTWRsJYGVAJHlD0=,xnfBfoChjUAlflNzLjCBPYBOhSo=
-36,-57,Ohxfk6W3+XLHlTWRsJYGVAJHlD0=,bPlJr9/kyC+VXQB43PpbsUMPriY=
-44,-50,Ohxfk6W3+XLHlTWRsJYGVAJHlD0=,lyFdTcxzPjge4c2UPhdAkk8ojM0=
-40,-59,Ohxfk6W3+XLHlTWRsJYGVAJHlD0=,bPlJr9/kyC+VXQB43PpbsUMPriY=
-45,-51,Ohxfk6W3+XLHlTWRsJYGVAJHlD0=,lyFdTcxzPjge4c2UPhdAkk8ojM0=
-45,-58,Ohxfk6W3+XLHlTWRsJYGVAJHlD0=,IlGYpJ8pmthxsYcZ38eWJ8xRAXs=
-38,-58,Ohxfk6W3+XLHlTWRsJYGVAJHlD0=,bPlJr9/kyC+VXQB43PpbsUMPriY=
-37,-57,Ohxfk6W3+XLHlTWRsJYGVAJHlD0=,bPlJr9/kyC+VXQB43PpbsUMPriY=
-47,-54,Ohxfk6W3+XLHlTWRsJYGVAJHlD0=,lyFdTcxzPjge4c2UPhdAkk8ojM0=
-41,-51,Ohxfk6W3+XLHlTWRsJYGVAJHlD0=,lyFdTcxzPjge4c2UPhdAkk8ojM0=
-38,-57,Ohxfk6W3+XLHlTWRsJYGVAJHlD0=,bPlJr9/kyC+VXQB43PpbsUMPriY=
-47,-60,Ohxfk6W3+XLHlTWRsJYGVAJHlD0=,IlGYpJ8pmthxsYcZ38eWJ8xRAXs=
-39,-55,Ohxfk6W3+XLHlTWRsJYGVAJHlD0=,xnfBfoChjUAlflNzLjCBPYBOhSo=
-45,-57,Ohxfk6W3+XLHlTWRsJYGVAJHlD0=,IlGYpJ8pmthxsYcZ38eWJ8xRAXs=
-46,-54,Ohxfk6W3+XLHlTWRsJYGVAJHlD0=,lyFdTcxzPjge4c2UPhdAkk8ojM0=
-40,-55,Ohxfk6W3+XLHlTWRsJYGVAJHlD0=,xnfBfoChjUAlflNzLjCBPYBOhSo=
-39,-51,Ohxfk6W3+XLHlTWRsJYGVAJHlD0=,xnfBfoChjUAlflNzLjCBPYBOhSo=
-46,-60,Ohxfk6W3+XLHlTWRsJYGVAJHlD0=,IlGYpJ8pmthxsYcZ38eWJ8xRAXs=
-39,-57,Ohxfk6W3+XLHlTWRsJYGVAJHlD0=,bPlJr9/kyC+VXQB43PpbsUMPriY=
-47,-58,Ohxfk6W3+XLHlTWRsJYGVAJHlD0=,IlGYpJ8pmthxsYcZ38eWJ8xRAXs=
-46,-58,Ohxfk6W3+XLHlTWRsJYGVAJHlD0=,IlGYpJ8pmthxsYcZ38eWJ8xRAXs=
-45,-54,Ohxfk6W3+XLHlTWRsJYGVAJHlD0=,lyFdTcxzPjge4c2UPhdAkk8ojM0=
-40,-57,Ohxfk6W3+XLHlTWRsJYGVAJHlD0=,bPlJr9/kyC+VXQB43PpbsUMPriY=
-39,-52,Ohxfk6W3+XLHlTWRsJYGVAJHlD0=,xnfBfoChjUAlflNzLjCBPYBOhSo=
-45,-60,Ohxfk6W3+XLHlTWRsJYGVAJHlD0=,IlGYpJ8pmthxsYcZ38eWJ8xRAXs=
-39,-58,Ohxfk6W3+XLHlTWRsJYGVAJHlD0=,bPlJr9/kyC+VXQB43PpbsUMPriY=
-41,-59,Ohxfk6W3+XLHlTWRsJYGVAJHlD0=,IlGYpJ8pmthxsYcZ38eWJ8xRAXs=
-46,-57,Ohxfk6W3+XLHlTWRsJYGVAJHlD0=,IlGYpJ8pmthxsYcZ38eWJ8xRAXs=
-44,-54,Ohxfk6W3+XLHlTWRsJYGVAJHlD0=,lyFdTcxzPjge4c2UPhdAkk8ojM0=
-34,-52,Ohxfk6W3+XLHlTWRsJYGVAJHlD0=,xnfBfoChjUAlflNzLjCBPYBOhSo=
-47,-57,Ohxfk6W3+XLHlTWRsJYGVAJHlD0=,IlGYpJ8pmthxsYcZ38eWJ8xRAXs=
-44,-60,Ohxfk6W3+XLHlTWRsJYGVAJHlD0=,IlGYpJ8pmthxsYcZ38eWJ8xRAXs=
-46,-51,Ohxfk6W3+XLHlTWRsJYGVAJHlD0=,lyFdTcxzPjge4c2UPhdAkk8ojM0=
-40,-54,Ohxfk6W3+XLHlTWRsJYGVAJHlD0=,xnfBfoChjUAlflNzLjCBPYBOhSo=
-34,-59,Ohxfk6W3+XLHlTWRsJYGVAJHlD0=,bPlJr9/kyC+VXQB43PpbsUMPriY=
-43,-54,Ohxfk6W3+XLHlTWRsJYGVAJHlD0=,lyFdTcxzPjge4c2UPhdAkk8ojM0=
-41,-53,Ohxfk6W3+XLHlTWRsJYGVAJHlD0=,lyFdTcxzPjge4c2UPhdAkk8ojM0=
-35,-55,Ohxfk6W3+XLHlTWRsJYGVAJHlD0=,xnfBfoChjUAlflNzLjCBPYBOhSo=
-40,-58,Ohxfk6W3+XLHlTWRsJYGVAJHlD0=,bPlJr9/kyC+VXQB43PpbsUMPriY=
-47,-51,Ohxfk6W3+XLHlTWRsJYGVAJHlD0=,lyFdTcxzPjge4c2UPhdAkk8ojM0=
-35,-52,Ohxfk6W3+XLHlTWRsJYGVAJHlD0=,xnfBfoChjUAlflNzLjCBPYBOhSo=
-35,-59,Ohxfk6W3+XLHlTWRsJYGVAJHlD0=,bPlJr9/kyC+VXQB43PpbsUMPriY=
-42,-54,Ohxfk6W3+XLHlTWRsJYGVAJHlD0=,lyFdTcxzPjge4c2UPhdAkk8ojM0=
-36,-52,Ohxfk6W3+XLHlTWRsJYGVAJHlD0=,xnfBfoChjUAlflNzLjCBPYBOhSo=
-38,-51,Ohxfk6W3+XLHlTWRsJYGVAJHlD0=,xnfBfoChjUAlflNzLjCBPYBOhSo=
-43,-60,Ohxfk6W3+XLHlTWRsJYGVAJHlD0=,IlGYpJ8pmthxsYcZ38eWJ8xRAXs=
-39,-53,Ohxfk6W3+XLHlTWRsJYGVAJHlD0=,xnfBfoChjUAlflNzLjCBPYBOhSo=
-36,-59,Ohxfk6W3+XLHlTWRsJYGVAJHlD0=,bPlJr9/kyC+VXQB43PpbsUMPriY=
-42,-59,Ohxfk6W3+XLHlTWRsJYGVAJHlD0=,IlGYpJ8pmthxsYcZ38eWJ8xRAXs=
-43,-59,Ohxfk6W3+XLHlTWRsJYGVAJHlD0=,IlGYpJ8pmthxsYcZ38eWJ8xRAXs=
-43,-50,Ohxfk6W3+XLHlTWRsJYGVAJHlD0=,lyFdTcxzPjge4c2UPhdAkk8ojM0=
-41,-56,Ohxfk6W3+XLHlTWRsJYGVAJHlD0=,lyFdTcxzPjge4c2UPhdAkk8ojM0=
-42,-60,Ohxfk6W3+XLHlTWRsJYGVAJHlD0=,IlGYpJ8pmthxsYcZ38eWJ8xRAXs=
-42,-52,Ohxfk6W3+XLHlTWRsJYGVAJHlD0=,lyFdTcxzPjge4c2UPhdAkk8ojM0=
-44,-59,Ohxfk6W3+XLHlTWRsJYGVAJHlD0=,IlGYpJ8pmthxsYcZ38eWJ8xRAXs=
-45,-59,Ohxfk6W3+XLHlTWRsJYGVAJHlD0=,IlGYpJ8pmthxsYcZ38eWJ8xRAXs=
-42,-50,Ohxfk6W3+XLHlTWRsJYGVAJHlD0=,lyFdTcxzPjge4c2UPhdAkk8ojM0=
-40,-53,Ohxfk6W3+XLHlTWRsJYGVAJHlD0=,xnfBfoChjUAlflNzLjCBPYBOhSo=
-41,-60,Ohxfk6W3+XLHlTWRsJYGVAJHlD0=,IlGYpJ8pmthxsYcZ38eWJ8xRAXs=
-38,-59,Ohxfk6W3+XLHlTWRsJYGVAJHlD0=,bPlJr9/kyC+VXQB43PpbsUMPriY=
-37,-59,Ohxfk6W3+XLHlTWRsJYGVAJHlD0=,bPlJr9/kyC+VXQB43PpbsUMPriY=
-38,-52,Ohxfk6W3+XLHlTWRsJYGVAJHlD0=,xnfBfoChjUAlflNzLjCBPYBOhSo=
-34,-54,Ohxfk6W3+XLHlTWRsJYGVAJHlD0=,xnfBfoChjUAlflNzLjCBPYBOhSo=
-47,-53,Ohxfk6W3+XLHlTWRsJYGVAJHlD0=,lyFdTcxzPjge4c2UPhdAkk8ojM0=
-46,-59,Ohxfk6W3+XLHlTWRsJYGVAJHlD0=,IlGYpJ8pmthxsYcZ38eWJ8xRAXs=
-47,-59,Ohxfk6W3+XLHlTWRsJYGVAJHlD0=,IlGYpJ8pmthxsYcZ38eWJ8xRAXs=
-38,-56,Ohxfk6W3+XLHlTWRsJYGVAJHlD0=,xnfBfoChjUAlflNzLjCBPYBOhSo=
-37,-51,Ohxfk6W3+XLHlTWRsJYGVAJHlD0=,xnfBfoChjUAlflNzLjCBPYBOhSo=
-46,-53,Ohxfk6W3+XLHlTWRsJYGVAJHlD0=,lyFdTcxzPjge4c2UPhdAkk8ojM0=
-34,-56,Ohxfk6W3+XLHlTWRsJYGVAJHlD0=,xnfBfoChjUAlflNzLjCBPYBOhSo=
-39,-59,Ohxfk6W3+XLHlTWRsJYGVAJHlD0=,bPlJr9/kyC+VXQB43PpbsUMPriY=
-41,-55,Ohxfk6W3+XLHlTWRsJYGVAJHlD0=,lyFdTcxzPjge4c2UPhdAkk8ojM0=
-45,-53,Ohxfk6W3+XLHlTWRsJYGVAJHlD0=,lyFdTcxzPjge4c2UPhdAkk8ojM0=
-34,-53,Ohxfk6W3+XLHlTWRsJYGVAJHlD0=,xnfBfoChjUAlflNzLjCBPYBOhSo=
-36,-49,Ohxfk6W3+XLHlTWRsJYGVAJHlD0=,xnfBfoChjUAlflNzLjCBPYBOhSo=
-34,-60,Ohxfk6W3+XLHlTWRsJYGVAJHlD0=,bPlJr9/kyC+VXQB43PpbsUMPriY=
-44,-52,Ohxfk6W3+XLHlTWRsJYGVAJHlD0=,lyFdTcxzPjge4c2UPhdAkk8ojM0=
-43,-52,Ohxfk6W3+XLHlTWRsJYGVAJHlD0=,lyFdTcxzPjge4c2UPhdAkk8ojM0=
-44,-53,Ohxfk6W3+XLHlTWRsJYGVAJHlD0=,lyFdTcxzPjge4c2UPhdAkk8ojM0=
-34,-55,Ohxfk6W3+XLHlTWRsJYGVAJHlD0=,xnfBfoChjUAlflNzLjCBPYBOhSo=
-35,-49,Ohxfk6W3+XLHlTWRsJYGVAJHlD0=,xnfBfoChjUAlflNzLjCBPYBOhSo=
-35,-60,Ohxfk6W3+XLHlTWRsJYGVAJHlD0=,bPlJr9/kyC+VXQB43PpbsUMPriY=
-36,-54,Ohxfk6W3+XLHlTWRsJYGVAJHlD0=,xnfBfoChjUAlflNzLjCBPYBOhSo=
-35,-54,Ohxfk6W3+XLHlTWRsJYGVAJHlD0=,xnfBfoChjUAlflNzLjCBPYBOhSo=
-45,-52,Ohxfk6W3+XLHlTWRsJYGVAJHlD0=,lyFdTcxzPjge4c2UPhdAkk8ojM0=
-43,-53,Ohxfk6W3+XLHlTWRsJYGVAJHlD0=,lyFdTcxzPjge4c2UPhdAkk8ojM0=
-35,-56,Ohxfk6W3+XLHlTWRsJYGVAJHlD0=,xnfBfoChjUAlflNzLjCBPYBOhSo=
-35,-53,Ohxfk6W3+XLHlTWRsJYGVAJHlD0=,xnfBfoChjUAlflNzLjCBPYBOhSo=
-34,-49,Ohxfk6W3+XLHlTWRsJYGVAJHlD0=,xnfBfoChjUAlflNzLjCBPYBOhSo=
-37,-54,Ohxfk6W3+XLHlTWRsJYGVAJHlD0=,xnfBfoChjUAlflNzLjCBPYBOhSo=
-36,-53,Ohxfk6W3+XLHlTWRsJYGVAJHlD0=,xnfBfoChjUAlflNzLjCBPYBOhSo=
-36,-60,Ohxfk6W3+XLHlTWRsJYGVAJHlD0=,bPlJr9/kyC+VXQB43PpbsUMPriY=
-42,-53,Ohxfk6W3+XLHlTWRsJYGVAJHlD0=,lyFdTcxzPjge4c2UPhdAkk8ojM0=
-37,-53,Ohxfk6W3+XLHlTWRsJYGVAJHlD0=,xnfBfoChjUAlflNzLjCBPYBOhSo=
-39,-49,Ohxfk6W3+XLHlTWRsJYGVAJHlD0=,xnfBfoChjUAlflNzLjCBPYBOhSo=
-41,-54,Ohxfk6W3+XLHlTWRsJYGVAJHlD0=,lyFdTcxzPjge4c2UPhdAkk8ojM0=
-38,-53,Ohxfk6W3+XLHlTWRsJYGVAJHlD0=,xnfBfoChjUAlflNzLjCBPYBOhSo=
-38,-54,Ohxfk6W3+XLHlTWRsJYGVAJHlD0=,xnfBfoChjUAlflNzLjCBPYBOhSo=
-47,-52,Ohxfk6W3+XLHlTWRsJYGVAJHlD0=,lyFdTcxzPjge4c2UPhdAkk8ojM0=
-39,-56,Ohxfk6W3+XLHlTWRsJYGVAJHlD0=,xnfBfoChjUAlflNzLjCBPYBOhSo=
-37,-60,Ohxfk6W3+XLHlTWRsJYGVAJHlD0=,bPlJr9/kyC+VXQB43PpbsUMPriY=
-36,-51,Ohxfk6W3+XLHlTWRsJYGVAJHlD0=,xnfBfoChjUAlflNzLjCBPYBOhSo=
-38,-49,Ohxfk6W3+XLHlTWRsJYGVAJHlD0=,xnfBfoChjUAlflNzLjCBPYBOhSo=
-37,-49,Ohxfk6W3+XLHlTWRsJYGVAJHlD0=,xnfBfoChjUAlflNzLjCBPYBOhSo=
-38,-60,Ohxfk6W3+XLHlTWRsJYGVAJHlD0=,bPlJr9/kyC+VXQB43PpbsUMPriY=
-46,-52,Ohxfk6W3+XLHlTWRsJYGVAJHlD0=,lyFdTcxzPjge4c2UPhdAkk8ojM0=
-34,-61,Ohxfk6W3+XLHlTWRsJYGVAJHlD0=,bPlJr9/kyC+VXQB43PpbsUMPriY=
-34,-51,Ohxfk6W3+XLHlTWRsJYGVAJHlD0=,xnfBfoChjUAlflNzLjCBPYBOhSo=
-39,-60,Ohxfk6W3+XLHlTWRsJYGVAJHlD0=,bPlJr9/kyC+VXQB43PpbsUMPriY=
-40,-50,Ohxfk6W3+XLHlTWRsJYGVAJHlD0=,xnfBfoChjUAlflNzLjCBPYBOhSo=
-41,-50,Ohxfk6W3+XLHlTWRsJYGVAJHlD0=,lyFdTcxzPjge4c2UPhdAkk8ojM0=
-47,-49,Ohxfk6W3+XLHlTWRsJYGVAJHlD0=,lyFdTcxzPjge4c2UPhdAkk8ojM0=
-35,-61,Ohxfk6W3+XLHlTWRsJYGVAJHlD0=,bPlJr9/kyC+VXQB43PpbsUMPriY=
-36,-61,Ohxfk6W3+XLHlTWRsJYGVAJHlD0=,bPlJr9/kyC+VXQB43PpbsUMPriY=
-37,-61,Ohxfk6W3+XLHlTWRsJYGVAJHlD0=,bPlJr9/kyC+VXQB43PpbsUMPriY=
-48,-50,Ohxfk6W3+XLHlTWRsJYGVAJHlD0=,lyFdTcxzPjge4c2UPhdAkk8ojM0=
-39,-50,Ohxfk6W3+XLHlTWRsJYGVAJHlD0=,xnfBfoChjUAlflNzLjCBPYBOhSo=
-46,-49,Ohxfk6W3+XLHlTWRsJYGVAJHlD0=,lyFdTcxzPjge4c2UPhdAkk8ojM0=
-38,-61,Ohxfk6W3+XLHlTWRsJYGVAJHlD0=,bPlJr9/kyC+VXQB43PpbsUMPriY=
-40,-49,Ohxfk6W3+XLHlTWRsJYGVAJHlD0=,xnfBfoChjUAlflNzLjCBPYBOhSo=
-39,-61,Ohxfk6W3+XLHlTWRsJYGVAJHlD0=,bPlJr9/kyC+VXQB43PpbsUMPriY=
-48,-55,Ohxfk6W3+XLHlTWRsJYGVAJHlD0=,lyFdTcxzPjge4c2UPhdAkk8ojM0=
-37,-52,Ohxfk6W3+XLHlTWRsJYGVAJHlD0=,xnfBfoChjUAlflNzLjCBPYBOhSo=
-38,-50,Ohxfk6W3+XLHlTWRsJYGVAJHlD0=,xnfBfoChjUAlflNzLjCBPYBOhSo=
-45,-49,Ohxfk6W3+XLHlTWRsJYGVAJHlD0=,lyFdTcxzPjge4c2UPhdAkk8ojM0=
-34,-62,Ohxfk6W3+XLHlTWRsJYGVAJHlD0=,bPlJr9/kyC+VXQB43PpbsUMPriY=
-41,-49,Ohxfk6W3+XLHlTWRsJYGVAJHlD0=,lyFdTcxzPjge4c2UPhdAkk8ojM0=
-48,-51,Ohxfk6W3+XLHlTWRsJYGVAJHlD0=,lyFdTcxzPjge4c2UPhdAkk8ojM0=
-48,-54,Ohxfk6W3+XLHlTWRsJYGVAJHlD0=,lyFdTcxzPjge4c2UPhdAkk8ojM0=
-48,-52,Ohxfk6W3+XLHlTWRsJYGVAJHlD0=,lyFdTcxzPjge4c2UPhdAkk8ojM0=
-37,-50,Ohxfk6W3+XLHlTWRsJYGVAJHlD0=,xnfBfoChjUAlflNzLjCBPYBOhSo=
-44,-49,Ohxfk6W3+XLHlTWRsJYGVAJHlD0=,lyFdTcxzPjge4c2UPhdAkk8ojM0=
-42,-49,Ohxfk6W3+XLHlTWRsJYGVAJHlD0=,lyFdTcxzPjge4c2UPhdAkk8ojM0=
-40,-56,Ohxfk6W3+XLHlTWRsJYGVAJHlD0=,xnfBfoChjUAlflNzLjCBPYBOhSo=
-43,-49,Ohxfk6W3+XLHlTWRsJYGVAJHlD0=,lyFdTcxzPjge4c2UPhdAkk8ojM0=
-48,-53,Ohxfk6W3+XLHlTWRsJYGVAJHlD0=,lyFdTcxzPjge4c2UPhdAkk8ojM0=
-36,-50,Ohxfk6W3+XLHlTWRsJYGVAJHlD0=,xnfBfoChjUAlflNzLjCBPYBOhSo=
-35,-62,Ohxfk6W3+XLHlTWRsJYGVAJHlD0=,bPlJr9/kyC+VXQB43PpbsUMPriY=
-36,-62,Ohxfk6W3+XLHlTWRsJYGVAJHlD0=,bPlJr9/kyC+VXQB43PpbsUMPriY=
-48,-56,Ohxfk6W3+XLHlTWRsJYGVAJHlD0=,lyFdTcxzPjge4c2UPhdAkk8ojM0=
-37,-62,Ohxfk6W3+XLHlTWRsJYGVAJHlD0=,bPlJr9/kyC+VXQB43PpbsUMPriY=
-48,-63,Ohxfk6W3+XLHlTWRsJYGVAJHlD0=,IlGYpJ8pmthxsYcZ38eWJ8xRAXs=
-48,-57,Ohxfk6W3+XLHlTWRsJYGVAJHlD0=,IlGYpJ8pmthxsYcZ38eWJ8xRAXs=
-48,-62,Ohxfk6W3+XLHlTWRsJYGVAJHlD0=,IlGYpJ8pmthxsYcZ38eWJ8xRAXs=
-33,-51,Ohxfk6W3+XLHlTWRsJYGVAJHlD0=,xnfBfoChjUAlflNzLjCBPYBOhSo=
-48,-59,Ohxfk6W3+XLHlTWRsJYGVAJHlD0=,IlGYpJ8pmthxsYcZ38eWJ8xRAXs=
-33,-63,Ohxfk6W3+XLHlTWRsJYGVAJHlD0=,bPlJr9/kyC+VXQB43PpbsUMPriY=
-48,-58,Ohxfk6W3+XLHlTWRsJYGVAJHlD0=,IlGYpJ8pmthxsYcZ38eWJ8xRAXs=
-33,-50,Ohxfk6W3+XLHlTWRsJYGVAJHlD0=,xnfBfoChjUAlflNzLjCBPYBOhSo=
-33,-52,Ohxfk6W3+XLHlTWRsJYGVAJHlD0=,xnfBfoChjUAlflNzLjCBPYBOhSo=
-48,-61,Ohxfk6W3+XLHlTWRsJYGVAJHlD0=,IlGYpJ8pmthxsYcZ38eWJ8xRAXs=
-39,-62,Ohxfk6W3+XLHlTWRsJYGVAJHlD0=,bPlJr9/kyC+VXQB43PpbsUMPriY=
-38,-62,Ohxfk6W3+XLHlTWRsJYGVAJHlD0=,bPlJr9/kyC+VXQB43PpbsUMPriY=
-33,-53,Ohxfk6W3+XLHlTWRsJYGVAJHlD0=,xnfBfoChjUAlflNzLjCBPYBOhSo=
-33,-62,Ohxfk6W3+XLHlTWRsJYGVAJHlD0=,bPlJr9/kyC+VXQB43PpbsUMPriY=
-33,-54,Ohxfk6W3+XLHlTWRsJYGVAJHlD0=,xnfBfoChjUAlflNzLjCBPYBOhSo=
-34,-63,Ohxfk6W3+XLHlTWRsJYGVAJHlD0=,bPlJr9/kyC+VXQB43PpbsUMPriY=
-48,-60,Ohxfk6W3+XLHlTWRsJYGVAJHlD0=,IlGYpJ8pmthxsYcZ38eWJ8xRAXs=
-33,-55,Ohxfk6W3+XLHlTWRsJYGVAJHlD0=,xnfBfoChjUAlflNzLjCBPYBOhSo=
-35,-63,Ohxfk6W3+XLHlTWRsJYGVAJHlD0=,bPlJr9/kyC+VXQB43PpbsUMPriY=
-33,-61,Ohxfk6W3+XLHlTWRsJYGVAJHlD0=,bPlJr9/kyC+VXQB43PpbsUMPriY=
-36,-63,Ohxfk6W3+XLHlTWRsJYGVAJHlD0=,bPlJr9/kyC+VXQB43PpbsUMPriY=
-33,-49,Ohxfk6W3+XLHlTWRsJYGVAJHlD0=,xnfBfoChjUAlflNzLjCBPYBOhSo=
-37,-63,Ohxfk6W3+XLHlTWRsJYGVAJHlD0=,bPlJr9/kyC+VXQB43PpbsUMPriY=
-38,-63,Ohxfk6W3+XLHlTWRsJYGVAJHlD0=,bPlJr9/kyC+VXQB43PpbsUMPriY=
-33,-57,Ohxfk6W3+XLHlTWRsJYGVAJHlD0=,bPlJr9/kyC+VXQB43PpbsUMPriY=
-33,-60,Ohxfk6W3+XLHlTWRsJYGVAJHlD0=,bPlJr9/kyC+VXQB43PpbsUMPriY=
-33,-59,Ohxfk6W3+XLHlTWRsJYGVAJHlD0=,bPlJr9/kyC+VXQB43PpbsUMPriY=
-48,-49,Ohxfk6W3+XLHlTWRsJYGVAJHlD0=,lyFdTcxzPjge4c2UPhdAkk8ojM0=
-33,-56,Ohxfk6W3+XLHlTWRsJYGVAJHlD0=,xnfBfoChjUAlflNzLjCBPYBOhSo=
-33,-58,Ohxfk6W3+XLHlTWRsJYGVAJHlD0=,bPlJr9/kyC+VXQB43PpbsUMPriY=
-59,-63,UaYyDpEx+0awfLWLlTPnqvDfMXk=,myeMBbgc5CIAYVjewAk/+8Zddlw=
-61,-63,nuG1za9E6HrsNdqCZ/BAy+jECZc=,myeMBbgc5CIAYVjewAk/+8Zddlw=
-58,-58,KCgYQIv3Pgx744sm/74pEi0j7u4=,myeMBbgc5CIAYVjewAk/+8Zddlw=
-60,-63,KCgYQIv3Pgx744sm/74pEi0j7u4=,myeMBbgc5CIAYVjewAk/+8Zddlw=
-62,-63,KCgYQIv3Pgx744sm/74pEi0j7u4=,myeMBbgc5CIAYVjewAk/+8Zddlw=
-63,-63,KCgYQIv3Pgx744sm/74pEi0j7u4=,myeMBbgc5CIAYVjewAk/+8Zddlw=
-59,-58,KCgYQIv3Pgx744sm/74pEi0j7u4=,myeMBbgc5CIAYVjewAk/+8Zddlw=
-60,-58,KCgYQIv3Pgx744sm/74pEi0j7u4=,myeMBbgc5CIAYVjewAk/+8Zddlw=
-62,-58,KCgYQIv3Pgx744sm/74pEi0j7u4=,myeMBbgc5CIAYVjewAk/+8Zddlw=
-61,-58,KCgYQIv3Pgx744sm/74pEi0j7u4=,myeMBbgc5CIAYVjewAk/+8Zddlw=
-63,-58,KCgYQIv3Pgx744sm/74pEi0j7u4=,myeMBbgc5CIAYVjewAk/+8Zddlw=
-58,-59,KCgYQIv3Pgx744sm/74pEi0j7u4=,myeMBbgc5CIAYVjewAk/+8Zddlw=
-60,-59,KCgYQIv3Pgx744sm/74pEi0j7u4=,myeMBbgc5CIAYVjewAk/+8Zddlw=
-59,-59,KCgYQIv3Pgx744sm/74pEi0j7u4=,myeMBbgc5CIAYVjewAk/+8Zddlw=
-61,-59,KCgYQIv3Pgx744sm/74pEi0j7u4=,myeMBbgc5CIAYVjewAk/+8Zddlw=
-63,-59,KCgYQIv3Pgx744sm/74pEi0j7u4=,myeMBbgc5CIAYVjewAk/+8Zddlw=
-58,-60,KCgYQIv3Pgx744sm/74pEi0j7u4=,myeMBbgc5CIAYVjewAk/+8Zddlw=
-59,-60,KCgYQIv3Pgx744sm/74pEi0j7u4=,myeMBbgc5CIAYVjewAk/+8Zddlw=
-60,-60,KCgYQIv3Pgx744sm/74pEi0j7u4=,myeMBbgc5CIAYVjewAk/+8Zddlw=
-61,-60,KCgYQIv3Pgx744sm/74pEi0j7u4=,myeMBbgc5CIAYVjewAk/+8Zddlw=
-62,-60,KCgYQIv3Pgx744sm/74pEi0j7u4=,myeMBbgc5CIAYVjewAk/+8Zddlw=
-63,-60,KCgYQIv3Pgx744sm/74pEi0j7u4=,myeMBbgc5CIAYVjewAk/+8Zddlw=
-58,-61,KCgYQIv3Pgx744sm/74pEi0j7u4=,myeMBbgc5CIAYVjewAk/+8Zddlw=
-59,-61,KCgYQIv3Pgx744sm/74pEi0j7u4=,myeMBbgc5CIAYVjewAk/+8Zddlw=
-62,-61,KCgYQIv3Pgx744sm/74pEi0j7u4=,myeMBbgc5CIAYVjewAk/+8Zddlw=
-63,-61,KCgYQIv3Pgx744sm/74pEi0j7u4=,myeMBbgc5CIAYVjewAk/+8Zddlw=
-60,-61,KCgYQIv3Pgx744sm/74pEi0j7u4=,myeMBbgc5CIAYVjewAk/+8Zddlw=
-58,-62,KCgYQIv3Pgx744sm/74pEi0j7u4=,myeMBbgc5CIAYVjewAk/+8Zddlw=
-59,-62,KCgYQIv3Pgx744sm/74pEi0j7u4=,myeMBbgc5CIAYVjewAk/+8Zddlw=
-61,-62,KCgYQIv3Pgx744sm/74pEi0j7u4=,myeMBbgc5CIAYVjewAk/+8Zddlw=
-60,-62,KCgYQIv3Pgx744sm/74pEi0j7u4=,myeMBbgc5CIAYVjewAk/+8Zddlw=
-62,-62,KCgYQIv3Pgx744sm/74pEi0j7u4=,myeMBbgc5CIAYVjewAk/+8Zddlw=
-63,-62,KCgYQIv3Pgx744sm/74pEi0j7u4=,myeMBbgc5CIAYVjewAk/+8Zddlw=
-61,-61,KCgYQIv3Pgx744sm/74pEi0j7u4=,myeMBbgc5CIAYVjewAk/+8Zddlw=
-58,-63,KCgYQIv3Pgx744sm/74pEi0j7u4=,myeMBbgc5CIAYVjewAk/+8Zddlw=
-62,-59,KCgYQIv3Pgx744sm/74pEi0j7u4=,myeMBbgc5CIAYVjewAk/+8Zddlw=
-57,-62,KCgYQIv3Pgx744sm/74pEi0j7u4=,myeMBbgc5CIAYVjewAk/+8Zddlw=
-57,-63,KCgYQIv3Pgx744sm/74pEi0j7u4=,myeMBbgc5CIAYVjewAk/+8Zddlw=
-56,-63,KCgYQIv3Pgx744sm/74pEi0j7u4=,UYFV0H8MaqBKMDY0F/lW3f26MWI=
-49,-63,KCgYQIv3Pgx744sm/74pEi0j7u4=,UYFV0H8MaqBKMDY0F/lW3f26MWI=
-55,-63,KCgYQIv3Pgx744sm/74pEi0j7u4=,UYFV0H8MaqBKMDY0F/lW3f26MWI=
-49,-62,KCgYQIv3Pgx744sm/74pEi0j7u4=,UYFV0H8MaqBKMDY0F/lW3f26MWI=
-54,-63,KCgYQIv3Pgx744sm/74pEi0j7u4=,UYFV0H8MaqBKMDY0F/lW3f26MWI=
-49,-61,KCgYQIv3Pgx744sm/74pEi0j7u4=,UYFV0H8MaqBKMDY0F/lW3f26MWI=
-53,-63,KCgYQIv3Pgx744sm/74pEi0j7u4=,UYFV0H8MaqBKMDY0F/lW3f26MWI=
-49,-60,KCgYQIv3Pgx744sm/74pEi0j7u4=,UYFV0H8MaqBKMDY0F/lW3f26MWI=
-52,-63,KCgYQIv3Pgx744sm/74pEi0j7u4=,UYFV0H8MaqBKMDY0F/lW3f26MWI=
-51,-63,KCgYQIv3Pgx744sm/74pEi0j7u4=,UYFV0H8MaqBKMDY0F/lW3f26MWI=
-49,-59,KCgYQIv3Pgx744sm/74pEi0j7u4=,UYFV0H8MaqBKMDY0F/lW3f26MWI=
-50,-63,KCgYQIv3Pgx744sm/74pEi0j7u4=,UYFV0H8MaqBKMDY0F/lW3f26MWI=
-56,-62,KCgYQIv3Pgx744sm/74pEi0j7u4=,UYFV0H8MaqBKMDY0F/lW3f26MWI=
-55,-62,KCgYQIv3Pgx744sm/74pEi0j7u4=,UYFV0H8MaqBKMDY0F/lW3f26MWI=
-53,-62,KCgYQIv3Pgx744sm/74pEi0j7u4=,UYFV0H8MaqBKMDY0F/lW3f26MWI=
-54,-62,KCgYQIv3Pgx744sm/74pEi0j7u4=,UYFV0H8MaqBKMDY0F/lW3f26MWI=
-52,-62,KCgYQIv3Pgx744sm/74pEi0j7u4=,UYFV0H8MaqBKMDY0F/lW3f26MWI=
-51,-62,KCgYQIv3Pgx744sm/74pEi0j7u4=,UYFV0H8MaqBKMDY0F/lW3f26MWI=
-50,-62,KCgYQIv3Pgx744sm/74pEi0j7u4=,UYFV0H8MaqBKMDY0F/lW3f26MWI=
-49,-58,KCgYQIv3Pgx744sm/74pEi0j7u4=,UYFV0H8MaqBKMDY0F/lW3f26MWI=
-57,-61,KCgYQIv3Pgx744sm/74pEi0j7u4=,myeMBbgc5CIAYVjewAk/+8Zddlw=
-56,-61,KCgYQIv3Pgx744sm/74pEi0j7u4=,UYFV0H8MaqBKMDY0F/lW3f26MWI=
-55,-61,KCgYQIv3Pgx744sm/74pEi0j7u4=,UYFV0H8MaqBKMDY0F/lW3f26MWI=
-54,-61,KCgYQIv3Pgx744sm/74pEi0j7u4=,UYFV0H8MaqBKMDY0F/lW3f26MWI=
-53,-61,KCgYQIv3Pgx744sm/74pEi0j7u4=,UYFV0H8MaqBKMDY0F/lW3f26MWI=
-52,-61,KCgYQIv3Pgx744sm/74pEi0j7u4=,UYFV0H8MaqBKMDY0F/lW3f26MWI=
-61,-49,KCgYQIv3Pgx744sm/74pEi0j7u4=,AwUHqCK/w/GGaUpELfVBGipQnqc=
-51,-61,KCgYQIv3Pgx744sm/74pEi0j7u4=,UYFV0H8MaqBKMDY0F/lW3f26MWI=
-60,-49,KCgYQIv3Pgx744sm/74pEi0j7u4=,AwUHqCK/w/GGaUpELfVBGipQnqc=
-50,-61,KCgYQIv3Pgx744sm/74pEi0j7u4=,UYFV0H8MaqBKMDY0F/lW3f26MWI=
-59,-49,KCgYQIv3Pgx744sm/74pEi0j7u4=,AwUHqCK/w/GGaUpELfVBGipQnqc=
-57,-60,KCgYQIv3Pgx744sm/74pEi0j7u4=,myeMBbgc5CIAYVjewAk/+8Zddlw=
-62,-49,KCgYQIv3Pgx744sm/74pEi0j7u4=,AwUHqCK/w/GGaUpELfVBGipQnqc=
-60,-56,KCgYQIv3Pgx744sm/74pEi0j7u4=,AwUHqCK/w/GGaUpELfVBGipQnqc=
-61,-56,KCgYQIv3Pgx744sm/74pEi0j7u4=,AwUHqCK/w/GGaUpELfVBGipQnqc=
-63,-49,KCgYQIv3Pgx744sm/74pEi0j7u4=,AwUHqCK/w/GGaUpELfVBGipQnqc=
-54,-53,KCgYQIv3Pgx744sm/74pEi0j7u4=,F2hThQwI5EdoBxz/1wOHerNcTU8=
-58,-50,KCgYQIv3Pgx744sm/74pEi0j7u4=,AwUHqCK/w/GGaUpELfVBGipQnqc=
-56,-60,KCgYQIv3Pgx744sm/74pEi0j7u4=,UYFV0H8MaqBKMDY0F/lW3f26MWI=
-56,-53,KCgYQIv3Pgx744sm/74pEi0j7u4=,F2hThQwI5EdoBxz/1wOHerNcTU8=
-58,-49,KCgYQIv3Pgx744sm/74pEi0j7u4=,AwUHqCK/w/GGaUpELfVBGipQnqc=
-57,-50,KCgYQIv3Pgx744sm/74pEi0j7u4=,AwUHqCK/w/GGaUpELfVBGipQnqc=
-52,-49,KCgYQIv3Pgx744sm/74pEi0j7u4=,F2hThQwI5EdoBxz/1wOHerNcTU8=
-50,-58,KCgYQIv3Pgx744sm/74pEi0j7u4=,UYFV0H8MaqBKMDY0F/lW3f26MWI=
-55,-60,KCgYQIv3Pgx744sm/74pEi0j7u4=,UYFV0H8MaqBKMDY0F/lW3f26MWI=
-62,-56,KCgYQIv3Pgx744sm/74pEi0j7u4=,AwUHqCK/w/GGaUpELfVBGipQnqc=
-57,-58,KCgYQIv3Pgx744sm/74pEi0j7u4=,myeMBbgc5CIAYVjewAk/+8Zddlw=
-59,-56,KCgYQIv3Pgx744sm/74pEi0j7u4=,AwUHqCK/w/GGaUpELfVBGipQnqc=
-53,-53,KCgYQIv3Pgx744sm/74pEi0j7u4=,F2hThQwI5EdoBxz/1wOHerNcTU8=
-63,-56,KCgYQIv3Pgx744sm/74pEi0j7u4=,AwUHqCK/w/GGaUpELfVBGipQnqc=
-54,-60,KCgYQIv3Pgx744sm/74pEi0j7u4=,UYFV0H8MaqBKMDY0F/lW3f26MWI=
-59,-50,KCgYQIv3Pgx744sm/74pEi0j7u4=,AwUHqCK/w/GGaUpELfVBGipQnqc=
-60,-50,KCgYQIv3Pgx744sm/74pEi0j7u4=,AwUHqCK/w/GGaUpELfVBGipQnqc=
-61,-50,KCgYQIv3Pgx744sm/74pEi0j7u4=,AwUHqCK/w/GGaUpELfVBGipQnqc=
-58,-56,KCgYQIv3Pgx744sm/74pEi0j7u4=,AwUHqCK/w/GGaUpELfVBGipQnqc=
-49,-54,KCgYQIv3Pgx744sm/74pEi0j7u4=,F2hThQwI5EdoBxz/1wOHerNcTU8=
-51,-49,KCgYQIv3Pgx744sm/74pEi0j7u4=,F2hThQwI5EdoBxz/1wOHerNcTU8=
-53,-60,KCgYQIv3Pgx744sm/74pEi0j7u4=,UYFV0H8MaqBKMDY0F/lW3f26MWI=
-62,-50,KCgYQIv3Pgx744sm/74pEi0j7u4=,AwUHqCK/w/GGaUpELfVBGipQnqc=
-63,-50,KCgYQIv3Pgx744sm/74pEi0j7u4=,AwUHqCK/w/GGaUpELfVBGipQnqc=
-63,-55,KCgYQIv3Pgx744sm/74pEi0j7u4=,AwUHqCK/w/GGaUpELfVBGipQnqc=
-53,-49,KCgYQIv3Pgx744sm/74pEi0j7u4=,F2hThQwI5EdoBxz/1wOHerNcTU8=
-58,-57,KCgYQIv3Pgx744sm/74pEi0j7u4=,myeMBbgc5CIAYVjewAk/+8Zddlw=
-52,-60,KCgYQIv3Pgx744sm/74pEi0j7u4=,UYFV0H8MaqBKMDY0F/lW3f26MWI=
-50,-50,KCgYQIv3Pgx744sm/74pEi0j7u4=,F2hThQwI5EdoBxz/1wOHerNcTU8=
-51,-58,KCgYQIv3Pgx744sm/74pEi0j7u4=,UYFV0H8MaqBKMDY0F/lW3f26MWI=
-62,-55,KCgYQIv3Pgx744sm/74pEi0j7u4=,AwUHqCK/w/GGaUpELfVBGipQnqc=
-59,-57,KCgYQIv3Pgx744sm/74pEi0j7u4=,myeMBbgc5CIAYVjewAk/+8Zddlw=
-49,-57,KCgYQIv3Pgx744sm/74pEi0j7u4=,UYFV0H8MaqBKMDY0F/lW3f26MWI=
-60,-57,KCgYQIv3Pgx744sm/74pEi0j7u4=,myeMBbgc5CIAYVjewAk/+8Zddlw=
-51,-60,KCgYQIv3Pgx744sm/74pEi0j7u4=,UYFV0H8MaqBKMDY0F/lW3f26MWI=
-56,-56,KCgYQIv3Pgx744sm/74pEi0j7u4=,F2hThQwI5EdoBxz/1wOHerNcTU8=
-50,-57,KCgYQIv3Pgx744sm/74pEi0j7u4=,UYFV0H8MaqBKMDY0F/lW3f26MWI=
-61,-55,KCgYQIv3Pgx744sm/74pEi0j7u4=,AwUHqCK/w/GGaUpELfVBGipQnqc=
-57,-57,KCgYQIv3Pgx744sm/74pEi0j7u4=,myeMBbgc5CIAYVjewAk/+8Zddlw=
-58,-51,KCgYQIv3Pgx744sm/74pEi0j7u4=,AwUHqCK/w/GGaUpELfVBGipQnqc=
-61,-57,KCgYQIv3Pgx744sm/74pEi0j7u4=,myeMBbgc5CIAYVjewAk/+8Zddlw=
-50,-60,KCgYQIv3Pgx744sm/74pEi0j7u4=,UYFV0H8MaqBKMDY0F/lW3f26MWI=
-53,-56,KCgYQIv3Pgx744sm/74pEi0j7u4=,F2hThQwI5EdoBxz/1wOHerNcTU8=
-60,-55,KCgYQIv3Pgx744sm/74pEi0j7u4=,AwUHqCK/w/GGaUpELfVBGipQnqc=
-51,-50,KCgYQIv3Pgx744sm/74pEi0j7u4=,F2hThQwI5EdoBxz/1wOHerNcTU8=
-59,-51,KCgYQIv3Pgx744sm/74pEi0j7u4=,AwUHqCK/w/GGaUpELfVBGipQnqc=
-51,-57,KCgYQIv3Pgx744sm/74pEi0j7u4=,UYFV0H8MaqBKMDY0F/lW3f26MWI=
-52,-57,KCgYQIv3Pgx744sm/74pEi0j7u4=,UYFV0H8MaqBKMDY0F/lW3f26MWI=
-56,-59,KCgYQIv3Pgx744sm/74pEi0j7u4=,UYFV0H8MaqBKMDY0F/lW3f26MWI=
-59,-55,KCgYQIv3Pgx744sm/74pEi0j7u4=,AwUHqCK/w/GGaUpELfVBGipQnqc=
-60,-51,KCgYQIv3Pgx744sm/74pEi0j7u4=,AwUHqCK/w/GGaUpELfVBGipQnqc=
-52,-53,KCgYQIv3Pgx744sm/74pEi0j7u4=,F2hThQwI5EdoBxz/1wOHerNcTU8=
-57,-51,KCgYQIv3Pgx744sm/74pEi0j7u4=,AwUHqCK/w/GGaUpELfVBGipQnqc=
-62,-57,KCgYQIv3Pgx744sm/74pEi0j7u4=,myeMBbgc5CIAYVjewAk/+8Zddlw=
-54,-49,KCgYQIv3Pgx744sm/74pEi0j7u4=,F2hThQwI5EdoBxz/1wOHerNcTU8=
-55,-59,KCgYQIv3Pgx744sm/74pEi0j7u4=,UYFV0H8MaqBKMDY0F/lW3f26MWI=
-58,-55,KCgYQIv3Pgx744sm/74pEi0j7u4=,AwUHqCK/w/GGaUpELfVBGipQnqc=
-53,-57,KCgYQIv3Pgx744sm/74pEi0j7u4=,UYFV0H8MaqBKMDY0F/lW3f26MWI=
-52,-56,KCgYQIv3Pgx744sm/74pEi0j7u4=,F2hThQwI5EdoBxz/1wOHerNcTU8=
-61,-51,KCgYQIv3Pgx744sm/74pEi0j7u4=,AwUHqCK/w/GGaUpELfVBGipQnqc=
-63,-57,KCgYQIv3Pgx744sm/74pEi0j7u4=,myeMBbgc5CIAYVjewAk/+8Zddlw=
-54,-57,KCgYQIv3Pgx744sm/74pEi0j7u4=,UYFV0H8MaqBKMDY0F/lW3f26MWI=
-54,-59,KCgYQIv3Pgx744sm/74pEi0j7u4=,UYFV0H8MaqBKMDY0F/lW3f26MWI=
-63,-54,KCgYQIv3Pgx744sm/74pEi0j7u4=,AwUHqCK/w/GGaUpELfVBGipQnqc=
-62,-51,KCgYQIv3Pgx744sm/74pEi0j7u4=,AwUHqCK/w/GGaUpELfVBGipQnqc=
-50,-49,KCgYQIv3Pgx744sm/74pEi0j7u4=,F2hThQwI5EdoBxz/1wOHerNcTU8=
-55,-57,KCgYQIv3Pgx744sm/74pEi0j7u4=,UYFV0H8MaqBKMDY0F/lW3f26MWI=
-63,-51,KCgYQIv3Pgx744sm/74pEi0j7u4=,AwUHqCK/w/GGaUpELfVBGipQnqc=
-56,-57,KCgYQIv3Pgx744sm/74pEi0j7u4=,UYFV0H8MaqBKMDY0F/lW3f26MWI=
-53,-59,KCgYQIv3Pgx744sm/74pEi0j7u4=,UYFV0H8MaqBKMDY0F/lW3f26MWI=
-62,-54,KCgYQIv3Pgx744sm/74pEi0j7u4=,AwUHqCK/w/GGaUpELfVBGipQnqc=
-52,-50,KCgYQIv3Pgx744sm/74pEi0j7u4=,F2hThQwI5EdoBxz/1wOHerNcTU8=
-49,-49,KCgYQIv3Pgx744sm/74pEi0j7u4=,F2hThQwI5EdoBxz/1wOHerNcTU8=
-58,-52,KCgYQIv3Pgx744sm/74pEi0j7u4=,AwUHqCK/w/GGaUpELfVBGipQnqc=
-59,-52,KCgYQIv3Pgx744sm/74pEi0j7u4=,AwUHqCK/w/GGaUpELfVBGipQnqc=
-55,-56,KCgYQIv3Pgx744sm/74pEi0j7u4=,F2hThQwI5EdoBxz/1wOHerNcTU8=
-52,-59,KCgYQIv3Pgx744sm/74pEi0j7u4=,UYFV0H8MaqBKMDY0F/lW3f26MWI=
-61,-54,KCgYQIv3Pgx744sm/74pEi0j7u4=,AwUHqCK/w/GGaUpELfVBGipQnqc=
-60,-52,KCgYQIv3Pgx744sm/74pEi0j7u4=,AwUHqCK/w/GGaUpELfVBGipQnqc=
-51,-56,KCgYQIv3Pgx744sm/74pEi0j7u4=,F2hThQwI5EdoBxz/1wOHerNcTU8=
-49,-51,KCgYQIv3Pgx744sm/74pEi0j7u4=,F2hThQwI5EdoBxz/1wOHerNcTU8=
-61,-52,KCgYQIv3Pgx744sm/74pEi0j7u4=,AwUHqCK/w/GGaUpELfVBGipQnqc=
-51,-59,KCgYQIv3Pgx744sm/74pEi0j7u4=,UYFV0H8MaqBKMDY0F/lW3f26MWI=
-62,-52,KCgYQIv3Pgx744sm/74pEi0j7u4=,AwUHqCK/w/GGaUpELfVBGipQnqc=
-60,-54,KCgYQIv3Pgx744sm/74pEi0j7u4=,AwUHqCK/w/GGaUpELfVBGipQnqc=
-63,-52,KCgYQIv3Pgx744sm/74pEi0j7u4=,AwUHqCK/w/GGaUpELfVBGipQnqc=
-57,-49,KCgYQIv3Pgx744sm/74pEi0j7u4=,AwUHqCK/w/GGaUpELfVBGipQnqc=
-50,-54,KCgYQIv3Pgx744sm/74pEi0j7u4=,F2hThQwI5EdoBxz/1wOHerNcTU8=
-58,-53,KCgYQIv3Pgx744sm/74pEi0j7u4=,AwUHqCK/w/GGaUpELfVBGipQnqc=
-50,-51,KCgYQIv3Pgx744sm/74pEi0j7u4=,F2hThQwI5EdoBxz/1wOHerNcTU8=
-50,-59,KCgYQIv3Pgx744sm/74pEi0j7u4=,UYFV0H8MaqBKMDY0F/lW3f26MWI=
-59,-54,KCgYQIv3Pgx744sm/74pEi0j7u4=,AwUHqCK/w/GGaUpELfVBGipQnqc=
-51,-51,KCgYQIv3Pgx744sm/74pEi0j7u4=,F2hThQwI5EdoBxz/1wOHerNcTU8=
-50,-56,KCgYQIv3Pgx744sm/74pEi0j7u4=,F2hThQwI5EdoBxz/1wOHerNcTU8=
-59,-53,KCgYQIv3Pgx744sm/74pEi0j7u4=,AwUHqCK/w/GGaUpELfVBGipQnqc=
-60,-53,KCgYQIv3Pgx744sm/74pEi0j7u4=,AwUHqCK/w/GGaUpELfVBGipQnqc=
-61,-53,KCgYQIv3Pgx744sm/74pEi0j7u4=,AwUHqCK/w/GGaUpELfVBGipQnqc=
-57,-59,KCgYQIv3Pgx744sm/74pEi0j7u4=,myeMBbgc5CIAYVjewAk/+8Zddlw=
-58,-54,KCgYQIv3Pgx744sm/74pEi0j7u4=,AwUHqCK/w/GGaUpELfVBGipQnqc=
-52,-51,KCgYQIv3Pgx744sm/74pEi0j7u4=,F2hThQwI5EdoBxz/1wOHerNcTU8=
-49,-56,KCgYQIv3Pgx744sm/74pEi0j7u4=,F2hThQwI5EdoBxz/1wOHerNcTU8=
-52,-58,KCgYQIv3Pgx744sm/74pEi0j7u4=,UYFV0H8MaqBKMDY0F/lW3f26MWI=
-63,-53,KCgYQIv3Pgx744sm/74pEi0j7u4=,AwUHqCK/w/GGaUpELfVBGipQnqc=
-56,-58,KCgYQIv3Pgx744sm/74pEi0j7u4=,UYFV0H8MaqBKMDY0F/lW3f26MWI=
-62,-53,KCgYQIv3Pgx744sm/74pEi0j7u4=,AwUHqCK/w/GGaUpELfVBGipQnqc=
-53,-58,KCgYQIv3Pgx744sm/74pEi0j7u4=,UYFV0H8MaqBKMDY0F/lW3f26MWI=
-54,-58,KCgYQIv3Pgx744sm/74pEi0j7u4=,UYFV0H8MaqBKMDY0F/lW3f26MWI=
-56,-55,KCgYQIv3Pgx744sm/74pEi0j7u4=,F2hThQwI5EdoBxz/1wOHerNcTU8=
-55,-58,KCgYQIv3Pgx744sm/74pEi0j7u4=,UYFV0H8MaqBKMDY0F/lW3f26MWI=
-53,-51,KCgYQIv3Pgx744sm/74pEi0j7u4=,F2hThQwI5EdoBxz/1wOHerNcTU8=
-54,-51,KCgYQIv3Pgx744sm/74pEi0j7u4=,F2hThQwI5EdoBxz/1wOHerNcTU8=
-55,-51,KCgYQIv3Pgx744sm/74pEi0j7u4=,F2hThQwI5EdoBxz/1wOHerNcTU8=
-54,-56,KCgYQIv3Pgx744sm/74pEi0j7u4=,F2hThQwI5EdoBxz/1wOHerNcTU8=
-57,-52,KCgYQIv3Pgx744sm/74pEi0j7u4=,AwUHqCK/w/GGaUpELfVBGipQnqc=
-55,-55,KCgYQIv3Pgx744sm/74pEi0j7u4=,F2hThQwI5EdoBxz/1wOHerNcTU8=
-56,-54,KCgYQIv3Pgx744sm/74pEi0j7u4=,F2hThQwI5EdoBxz/1wOHerNcTU8=
-49,-55,KCgYQIv3Pgx744sm/74pEi0j7u4=,F2hThQwI5EdoBxz/1wOHerNcTU8=
-55,-49,KCgYQIv3Pgx744sm/74pEi0j7u4=,F2hThQwI5EdoBxz/1wOHerNcTU8=
-50,-55,KCgYQIv3Pgx744sm/74pEi0j7u4=,F2hThQwI5EdoBxz/1wOHerNcTU8=
-51,-55,KCgYQIv3Pgx744sm/74pEi0j7u4=,F2hThQwI5EdoBxz/1wOHerNcTU8=
-53,-50,KCgYQIv3Pgx744sm/74pEi0j7u4=,F2hThQwI5EdoBxz/1wOHerNcTU8=
-57,-56,KCgYQIv3Pgx744sm/74pEi0j7u4=,AwUHqCK/w/GGaUpELfVBGipQnqc=
-52,-55,KCgYQIv3Pgx744sm/74pEi0j7u4=,F2hThQwI5EdoBxz/1wOHerNcTU8=
-53,-55,KCgYQIv3Pgx744sm/74pEi0j7u4=,F2hThQwI5EdoBxz/1wOHerNcTU8=
-54,-55,KCgYQIv3Pgx744sm/74pEi0j7u4=,F2hThQwI5EdoBxz/1wOHerNcTU8=
-51,-54,KCgYQIv3Pgx744sm/74pEi0j7u4=,F2hThQwI5EdoBxz/1wOHerNcTU8=
-52,-54,KCgYQIv3Pgx744sm/74pEi0j7u4=,F2hThQwI5EdoBxz/1wOHerNcTU8=
-56,-51,KCgYQIv3Pgx744sm/74pEi0j7u4=,F2hThQwI5EdoBxz/1wOHerNcTU8=
-55,-54,KCgYQIv3Pgx744sm/74pEi0j7u4=,F2hThQwI5EdoBxz/1wOHerNcTU8=
-54,-50,KCgYQIv3Pgx744sm/74pEi0j7u4=,F2hThQwI5EdoBxz/1wOHerNcTU8=
-57,-53,KCgYQIv3Pgx744sm/74pEi0j7u4=,AwUHqCK/w/GGaUpELfVBGipQnqc=
-55,-50,KCgYQIv3Pgx744sm/74pEi0j7u4=,F2hThQwI5EdoBxz/1wOHerNcTU8=
-55,-52,KCgYQIv3Pgx744sm/74pEi0j7u4=,F2hThQwI5EdoBxz/1wOHerNcTU8=
-49,-52,KCgYQIv3Pgx744sm/74pEi0j7u4=,F2hThQwI5EdoBxz/1wOHerNcTU8=
-50,-52,KCgYQIv3Pgx744sm/74pEi0j7u4=,F2hThQwI5EdoBxz/1wOHerNcTU8=
-51,-53,KCgYQIv3Pgx744sm/74pEi0j7u4=,F2hThQwI5EdoBxz/1wOHerNcTU8=
-57,-54,KCgYQIv3Pgx744sm/74pEi0j7u4=,AwUHqCK/w/GGaUpELfVBGipQnqc=
-51,-52,KCgYQIv3Pgx744sm/74pEi0j7u4=,F2hThQwI5EdoBxz/1wOHerNcTU8=
-52,-52,KCgYQIv3Pgx744sm/74pEi0j7u4=,F2hThQwI5EdoBxz/1wOHerNcTU8=
-53,-52,KCgYQIv3Pgx744sm/74pEi0j7u4=,F2hThQwI5EdoBxz/1wOHerNcTU8=
-56,-49,KCgYQIv3Pgx744sm/74pEi0j7u4=,F2hThQwI5EdoBxz/1wOHerNcTU8=
-54,-52,KCgYQIv3Pgx744sm/74pEi0j7u4=,F2hThQwI5EdoBxz/1wOHerNcTU8=
-50,-53,KCgYQIv3Pgx744sm/74pEi0j7u4=,F2hThQwI5EdoBxz/1wOHerNcTU8=
-55,-53,KCgYQIv3Pgx744sm/74pEi0j7u4=,F2hThQwI5EdoBxz/1wOHerNcTU8=
-56,-50,KCgYQIv3Pgx744sm/74pEi0j7u4=,F2hThQwI5EdoBxz/1wOHerNcTU8=
-53,-54,KCgYQIv3Pgx744sm/74pEi0j7u4=,F2hThQwI5EdoBxz/1wOHerNcTU8=
-49,-50,KCgYQIv3Pgx744sm/74pEi0j7u4=,F2hThQwI5EdoBxz/1wOHerNcTU8=
-57,-55,KCgYQIv3Pgx744sm/74pEi0j7u4=,AwUHqCK/w/GGaUpELfVBGipQnqc=
-54,-54,KCgYQIv3Pgx744sm/74pEi0j7u4=,F2hThQwI5EdoBxz/1wOHerNcTU8=
-56,-52,KCgYQIv3Pgx744sm/74pEi0j7u4=,F2hThQwI5EdoBxz/1wOHerNcTU8=
-49,-53,KCgYQIv3Pgx744sm/74pEi0j7u4=,F2hThQwI5EdoBxz/1wOHerNcTU8=
-63,-46,vE1MQHtNjT4WqXDK5jXHZSpAx0o=,O8V6dVb6cQliEIQRG93Pxw7vC6I=
-55,-38,cFWOZcD5kYmkb9arQ2ENhOMPQTY=,R9HI2v1hCDgweB7GR+Djc5CL3Mo=
-56,-36,cFWOZcD5kYmkb9arQ2ENhOMPQTY=,R9HI2v1hCDgweB7GR+Djc5CL3Mo=
-55,-39,cFWOZcD5kYmkb9arQ2ENhOMPQTY=,R9HI2v1hCDgweB7GR+Djc5CL3Mo=
-56,-35,cFWOZcD5kYmkb9arQ2ENhOMPQTY=,R9HI2v1hCDgweB7GR+Djc5CL3Mo=
-51,-37,cFWOZcD5kYmkb9arQ2ENhOMPQTY=,R9HI2v1hCDgweB7GR+Djc5CL3Mo=
-54,-39,cFWOZcD5kYmkb9arQ2ENhOMPQTY=,R9HI2v1hCDgweB7GR+Djc5CL3Mo=
-57,-35,cFWOZcD5kYmkb9arQ2ENhOMPQTY=,4LIh5ivSTJiQvKzwztvw0knoEPU=
-58,-47,cFWOZcD5kYmkb9arQ2ENhOMPQTY=,O8V6dVb6cQliEIQRG93Pxw7vC6I=
-50,-37,cFWOZcD5kYmkb9arQ2ENhOMPQTY=,R9HI2v1hCDgweB7GR+Djc5CL3Mo=
-58,-40,cFWOZcD5kYmkb9arQ2ENhOMPQTY=,4LIh5ivSTJiQvKzwztvw0knoEPU=
-53,-39,cFWOZcD5kYmkb9arQ2ENhOMPQTY=,R9HI2v1hCDgweB7GR+Djc5CL3Mo=
-59,-47,cFWOZcD5kYmkb9arQ2ENhOMPQTY=,O8V6dVb6cQliEIQRG93Pxw7vC6I=
-55,-36,cFWOZcD5kYmkb9arQ2ENhOMPQTY=,R9HI2v1hCDgweB7GR+Djc5CL3Mo=
-63,-39,cFWOZcD5kYmkb9arQ2ENhOMPQTY=,4LIh5ivSTJiQvKzwztvw0knoEPU=
-63,-34,cFWOZcD5kYmkb9arQ2ENhOMPQTY=,4LIh5ivSTJiQvKzwztvw0knoEPU=
-62,-39,cFWOZcD5kYmkb9arQ2ENhOMPQTY=,4LIh5ivSTJiQvKzwztvw0knoEPU=
-54,-38,cFWOZcD5kYmkb9arQ2ENhOMPQTY=,R9HI2v1hCDgweB7GR+Djc5CL3Mo=
-54,-36,cFWOZcD5kYmkb9arQ2ENhOMPQTY=,R9HI2v1hCDgweB7GR+Djc5CL3Mo=
-61,-39,cFWOZcD5kYmkb9arQ2ENhOMPQTY=,4LIh5ivSTJiQvKzwztvw0knoEPU=
-62,-34,cFWOZcD5kYmkb9arQ2ENhOMPQTY=,4LIh5ivSTJiQvKzwztvw0knoEPU=
-53,-36,cFWOZcD5kYmkb9arQ2ENhOMPQTY=,R9HI2v1hCDgweB7GR+Djc5CL3Mo=
-52,-36,cFWOZcD5kYmkb9arQ2ENhOMPQTY=,R9HI2v1hCDgweB7GR+Djc5CL3Mo=
-60,-39,cFWOZcD5kYmkb9arQ2ENhOMPQTY=,4LIh5ivSTJiQvKzwztvw0knoEPU=
-56,-34,cFWOZcD5kYmkb9arQ2ENhOMPQTY=,R9HI2v1hCDgweB7GR+Djc5CL3Mo=
-50,-36,cFWOZcD5kYmkb9arQ2ENhOMPQTY=,R9HI2v1hCDgweB7GR+Djc5CL3Mo=
-51,-36,cFWOZcD5kYmkb9arQ2ENhOMPQTY=,R9HI2v1hCDgweB7GR+Djc5CL3Mo=
-59,-39,cFWOZcD5kYmkb9arQ2ENhOMPQTY=,4LIh5ivSTJiQvKzwztvw0knoEPU=
-61,-34,cFWOZcD5kYmkb9arQ2ENhOMPQTY=,4LIh5ivSTJiQvKzwztvw0knoEPU=
-55,-35,cFWOZcD5kYmkb9arQ2ENhOMPQTY=,R9HI2v1hCDgweB7GR+Djc5CL3Mo=
-61,-47,cFWOZcD5kYmkb9arQ2ENhOMPQTY=,O8V6dVb6cQliEIQRG93Pxw7vC6I=
-54,-35,cFWOZcD5kYmkb9arQ2ENhOMPQTY=,R9HI2v1hCDgweB7GR+Djc5CL3Mo=
-60,-47,cFWOZcD5kYmkb9arQ2ENhOMPQTY=,O8V6dVb6cQliEIQRG93Pxw7vC6I=
-58,-39,cFWOZcD5kYmkb9arQ2ENhOMPQTY=,4LIh5ivSTJiQvKzwztvw0knoEPU=
-53,-35,cFWOZcD5kYmkb9arQ2ENhOMPQTY=,R9HI2v1hCDgweB7GR+Djc5CL3Mo=
-57,-39,cFWOZcD5kYmkb9arQ2ENhOMPQTY=,4LIh5ivSTJiQvKzwztvw0knoEPU=
-62,-47,cFWOZcD5kYmkb9arQ2ENhOMPQTY=,O8V6dVb6cQliEIQRG93Pxw7vC6I=
-59,-40,cFWOZcD5kYmkb9arQ2ENhOMPQTY=,4LIh5ivSTJiQvKzwztvw0knoEPU=
-63,-47,cFWOZcD5kYmkb9arQ2ENhOMPQTY=,O8V6dVb6cQliEIQRG93Pxw7vC6I=
-52,-37,cFWOZcD5kYmkb9arQ2ENhOMPQTY=,R9HI2v1hCDgweB7GR+Djc5CL3Mo=
-53,-38,cFWOZcD5kYmkb9arQ2ENhOMPQTY=,R9HI2v1hCDgweB7GR+Djc5CL3Mo=
-57,-47,cFWOZcD5kYmkb9arQ2ENhOMPQTY=,O8V6dVb6cQliEIQRG93Pxw7vC6I=
-63,-38,cFWOZcD5kYmkb9arQ2ENhOMPQTY=,4LIh5ivSTJiQvKzwztvw0knoEPU=
-59,-42,cFWOZcD5kYmkb9arQ2ENhOMPQTY=,O8V6dVb6cQliEIQRG93Pxw7vC6I=
-58,-42,cFWOZcD5kYmkb9arQ2ENhOMPQTY=,O8V6dVb6cQliEIQRG93Pxw7vC6I=
-60,-42,cFWOZcD5kYmkb9arQ2ENhOMPQTY=,O8V6dVb6cQliEIQRG93Pxw7vC6I=
-52,-35,cFWOZcD5kYmkb9arQ2ENhOMPQTY=,R9HI2v1hCDgweB7GR+Djc5CL3Mo=
-61,-42,cFWOZcD5kYmkb9arQ2ENhOMPQTY=,O8V6dVb6cQliEIQRG93Pxw7vC6I=
-51,-45,cFWOZcD5kYmkb9arQ2ENhOMPQTY=,EeiMLy9luS+FCP1Dkck/OR4sl9w=
-56,-37,cFWOZcD5kYmkb9arQ2ENhOMPQTY=,R9HI2v1hCDgweB7GR+Djc5CL3Mo=
-56,-38,cFWOZcD5kYmkb9arQ2ENhOMPQTY=,R9HI2v1hCDgweB7GR+Djc5CL3Mo=
-52,-39,cFWOZcD5kYmkb9arQ2ENhOMPQTY=,R9HI2v1hCDgweB7GR+Djc5CL3Mo=
-63,-42,cFWOZcD5kYmkb9arQ2ENhOMPQTY=,O8V6dVb6cQliEIQRG93Pxw7vC6I=
-60,-34,cFWOZcD5kYmkb9arQ2ENhOMPQTY=,4LIh5ivSTJiQvKzwztvw0knoEPU=
-60,-40,cFWOZcD5kYmkb9arQ2ENhOMPQTY=,4LIh5ivSTJiQvKzwztvw0knoEPU=
-50,-45,cFWOZcD5kYmkb9arQ2ENhOMPQTY=,EeiMLy9luS+FCP1Dkck/OR4sl9w=
-62,-42,cFWOZcD5kYmkb9arQ2ENhOMPQTY=,O8V6dVb6cQliEIQRG93Pxw7vC6I=
-59,-43,cFWOZcD5kYmkb9arQ2ENhOMPQTY=,O8V6dVb6cQliEIQRG93Pxw7vC6I=
-59,-34,cFWOZcD5kYmkb9arQ2ENhOMPQTY=,4LIh5ivSTJiQvKzwztvw0knoEPU=
-51,-35,cFWOZcD5kYmkb9arQ2ENhOMPQTY=,R9HI2v1hCDgweB7GR+Djc5CL3Mo=
-58,-43,cFWOZcD5kYmkb9arQ2ENhOMPQTY=,O8V6dVb6cQliEIQRG93Pxw7vC6I=
-60,-43,cFWOZcD5kYmkb9arQ2ENhOMPQTY=,O8V6dVb6cQliEIQRG93Pxw7vC6I=
-56,-40,cFWOZcD5kYmkb9arQ2ENhOMPQTY=,R9HI2v1hCDgweB7GR+Djc5CL3Mo=
-61,-43,cFWOZcD5kYmkb9arQ2ENhOMPQTY=,O8V6dVb6cQliEIQRG93Pxw7vC6I=
-58,-34,cFWOZcD5kYmkb9arQ2ENhOMPQTY=,4LIh5ivSTJiQvKzwztvw0knoEPU=
-62,-43,cFWOZcD5kYmkb9arQ2ENhOMPQTY=,O8V6dVb6cQliEIQRG93Pxw7vC6I=
-51,-39,cFWOZcD5kYmkb9arQ2ENhOMPQTY=,R9HI2v1hCDgweB7GR+Djc5CL3Mo=
-56,-44,cFWOZcD5kYmkb9arQ2ENhOMPQTY=,EeiMLy9luS+FCP1Dkck/OR4sl9w=
-63,-43,cFWOZcD5kYmkb9arQ2ENhOMPQTY=,O8V6dVb6cQliEIQRG93Pxw7vC6I=
-58,-44,cFWOZcD5kYmkb9arQ2ENhOMPQTY=,O8V6dVb6cQliEIQRG93Pxw7vC6I=
-59,-44,cFWOZcD5kYmkb9arQ2ENhOMPQTY=,O8V6dVb6cQliEIQRG93Pxw7vC6I=
-62,-38,cFWOZcD5kYmkb9arQ2ENhOMPQTY=,4LIh5ivSTJiQvKzwztvw0knoEPU=
-60,-44,cFWOZcD5kYmkb9arQ2ENhOMPQTY=,O8V6dVb6cQliEIQRG93Pxw7vC6I=
-50,-35,cFWOZcD5kYmkb9arQ2ENhOMPQTY=,R9HI2v1hCDgweB7GR+Djc5CL3Mo=
-55,-44,cFWOZcD5kYmkb9arQ2ENhOMPQTY=,EeiMLy9luS+FCP1Dkck/OR4sl9w=
-61,-44,cFWOZcD5kYmkb9arQ2ENhOMPQTY=,O8V6dVb6cQliEIQRG93Pxw7vC6I=
-62,-44,cFWOZcD5kYmkb9arQ2ENhOMPQTY=,O8V6dVb6cQliEIQRG93Pxw7vC6I=
-58,-35,cFWOZcD5kYmkb9arQ2ENhOMPQTY=,4LIh5ivSTJiQvKzwztvw0knoEPU=
-57,-34,cFWOZcD5kYmkb9arQ2ENhOMPQTY=,4LIh5ivSTJiQvKzwztvw0knoEPU=
-55,-34,cFWOZcD5kYmkb9arQ2ENhOMPQTY=,R9HI2v1hCDgweB7GR+Djc5CL3Mo=
-59,-35,cFWOZcD5kYmkb9arQ2ENhOMPQTY=,4LIh5ivSTJiQvKzwztvw0knoEPU=
-63,-44,cFWOZcD5kYmkb9arQ2ENhOMPQTY=,O8V6dVb6cQliEIQRG93Pxw7vC6I=
-55,-40,cFWOZcD5kYmkb9arQ2ENhOMPQTY=,R9HI2v1hCDgweB7GR+Djc5CL3Mo=
-58,-45,cFWOZcD5kYmkb9arQ2ENhOMPQTY=,O8V6dVb6cQliEIQRG93Pxw7vC6I=
-61,-38,cFWOZcD5kYmkb9arQ2ENhOMPQTY=,4LIh5ivSTJiQvKzwztvw0knoEPU=
-60,-45,cFWOZcD5kYmkb9arQ2ENhOMPQTY=,O8V6dVb6cQliEIQRG93Pxw7vC6I=
-54,-34,cFWOZcD5kYmkb9arQ2ENhOMPQTY=,R9HI2v1hCDgweB7GR+Djc5CL3Mo=
-61,-45,cFWOZcD5kYmkb9arQ2ENhOMPQTY=,O8V6dVb6cQliEIQRG93Pxw7vC6I=
-59,-45,cFWOZcD5kYmkb9arQ2ENhOMPQTY=,O8V6dVb6cQliEIQRG93Pxw7vC6I=
-54,-44,cFWOZcD5kYmkb9arQ2ENhOMPQTY=,EeiMLy9luS+FCP1Dkck/OR4sl9w=
-62,-45,cFWOZcD5kYmkb9arQ2ENhOMPQTY=,O8V6dVb6cQliEIQRG93Pxw7vC6I=
-60,-38,cFWOZcD5kYmkb9arQ2ENhOMPQTY=,4LIh5ivSTJiQvKzwztvw0knoEPU=
-53,-34,cFWOZcD5kYmkb9arQ2ENhOMPQTY=,R9HI2v1hCDgweB7GR+Djc5CL3Mo=
-60,-35,cFWOZcD5kYmkb9arQ2ENhOMPQTY=,4LIh5ivSTJiQvKzwztvw0knoEPU=
-57,-46,cFWOZcD5kYmkb9arQ2ENhOMPQTY=,O8V6dVb6cQliEIQRG93Pxw7vC6I=
-63,-45,cFWOZcD5kYmkb9arQ2ENhOMPQTY=,O8V6dVb6cQliEIQRG93Pxw7vC6I=
-52,-45,cFWOZcD5kYmkb9arQ2ENhOMPQTY=,EeiMLy9luS+FCP1Dkck/OR4sl9w=
-52,-34,cFWOZcD5kYmkb9arQ2ENhOMPQTY=,R9HI2v1hCDgweB7GR+Djc5CL3Mo=
-59,-38,cFWOZcD5kYmkb9arQ2ENhOMPQTY=,4LIh5ivSTJiQvKzwztvw0knoEPU=
-53,-45,cFWOZcD5kYmkb9arQ2ENhOMPQTY=,EeiMLy9luS+FCP1Dkck/OR4sl9w=
-58,-46,cFWOZcD5kYmkb9arQ2ENhOMPQTY=,O8V6dVb6cQliEIQRG93Pxw7vC6I=
-53,-44,cFWOZcD5kYmkb9arQ2ENhOMPQTY=,EeiMLy9luS+FCP1Dkck/OR4sl9w=
-59,-46,cFWOZcD5kYmkb9arQ2ENhOMPQTY=,O8V6dVb6cQliEIQRG93Pxw7vC6I=
-58,-38,cFWOZcD5kYmkb9arQ2ENhOMPQTY=,4LIh5ivSTJiQvKzwztvw0knoEPU=
-60,-46,cFWOZcD5kYmkb9arQ2ENhOMPQTY=,O8V6dVb6cQliEIQRG93Pxw7vC6I=
-51,-34,cFWOZcD5kYmkb9arQ2ENhOMPQTY=,R9HI2v1hCDgweB7GR+Djc5CL3Mo=
-61,-46,cFWOZcD5kYmkb9arQ2ENhOMPQTY=,O8V6dVb6cQliEIQRG93Pxw7vC6I=
-62,-46,cFWOZcD5kYmkb9arQ2ENhOMPQTY=,O8V6dVb6cQliEIQRG93Pxw7vC6I=
-52,-44,cFWOZcD5kYmkb9arQ2ENhOMPQTY=,EeiMLy9luS+FCP1Dkck/OR4sl9w=
-50,-34,cFWOZcD5kYmkb9arQ2ENhOMPQTY=,R9HI2v1hCDgweB7GR+Djc5CL3Mo=
-57,-38,cFWOZcD5kYmkb9arQ2ENhOMPQTY=,4LIh5ivSTJiQvKzwztvw0knoEPU=
-56,-39,cFWOZcD5kYmkb9arQ2ENhOMPQTY=,R9HI2v1hCDgweB7GR+Djc5CL3Mo=
-51,-44,cFWOZcD5kYmkb9arQ2ENhOMPQTY=,EeiMLy9luS+FCP1Dkck/OR4sl9w=
-50,-38,cFWOZcD5kYmkb9arQ2ENhOMPQTY=,R9HI2v1hCDgweB7GR+Djc5CL3Mo=
-50,-39,cFWOZcD5kYmkb9arQ2ENhOMPQTY=,R9HI2v1hCDgweB7GR+Djc5CL3Mo=
-63,-37,cFWOZcD5kYmkb9arQ2ENhOMPQTY=,4LIh5ivSTJiQvKzwztvw0knoEPU=
-57,-40,cFWOZcD5kYmkb9arQ2ENhOMPQTY=,4LIh5ivSTJiQvKzwztvw0knoEPU=
-62,-35,cFWOZcD5kYmkb9arQ2ENhOMPQTY=,4LIh5ivSTJiQvKzwztvw0knoEPU=
-49,-37,cFWOZcD5kYmkb9arQ2ENhOMPQTY=,R9HI2v1hCDgweB7GR+Djc5CL3Mo=
-61,-35,cFWOZcD5kYmkb9arQ2ENhOMPQTY=,4LIh5ivSTJiQvKzwztvw0knoEPU=
-62,-37,cFWOZcD5kYmkb9arQ2ENhOMPQTY=,4LIh5ivSTJiQvKzwztvw0knoEPU=
-50,-44,cFWOZcD5kYmkb9arQ2ENhOMPQTY=,EeiMLy9luS+FCP1Dkck/OR4sl9w=
-55,-37,cFWOZcD5kYmkb9arQ2ENhOMPQTY=,R9HI2v1hCDgweB7GR+Djc5CL3Mo=
-63,-35,cFWOZcD5kYmkb9arQ2ENhOMPQTY=,4LIh5ivSTJiQvKzwztvw0knoEPU=
-55,-45,cFWOZcD5kYmkb9arQ2ENhOMPQTY=,EeiMLy9luS+FCP1Dkck/OR4sl9w=
-49,-39,cFWOZcD5kYmkb9arQ2ENhOMPQTY=,R9HI2v1hCDgweB7GR+Djc5CL3Mo=
-54,-45,cFWOZcD5kYmkb9arQ2ENhOMPQTY=,EeiMLy9luS+FCP1Dkck/OR4sl9w=
-49,-36,cFWOZcD5kYmkb9arQ2ENhOMPQTY=,R9HI2v1hCDgweB7GR+Djc5CL3Mo=
-61,-37,cFWOZcD5kYmkb9arQ2ENhOMPQTY=,4LIh5ivSTJiQvKzwztvw0knoEPU=
-54,-40,cFWOZcD5kYmkb9arQ2ENhOMPQTY=,R9HI2v1hCDgweB7GR+Djc5CL3Mo=
-52,-38,cFWOZcD5kYmkb9arQ2ENhOMPQTY=,R9HI2v1hCDgweB7GR+Djc5CL3Mo=
-49,-34,cFWOZcD5kYmkb9arQ2ENhOMPQTY=,R9HI2v1hCDgweB7GR+Djc5CL3Mo=
-61,-40,cFWOZcD5kYmkb9arQ2ENhOMPQTY=,4LIh5ivSTJiQvKzwztvw0knoEPU=
-56,-45,cFWOZcD5kYmkb9arQ2ENhOMPQTY=,EeiMLy9luS+FCP1Dkck/OR4sl9w=
-60,-37,cFWOZcD5kYmkb9arQ2ENhOMPQTY=,4LIh5ivSTJiQvKzwztvw0knoEPU=
-49,-35,cFWOZcD5kYmkb9arQ2ENhOMPQTY=,R9HI2v1hCDgweB7GR+Djc5CL3Mo=
-56,-43,cFWOZcD5kYmkb9arQ2ENhOMPQTY=,EeiMLy9luS+FCP1Dkck/OR4sl9w=
-50,-46,cFWOZcD5kYmkb9arQ2ENhOMPQTY=,EeiMLy9luS+FCP1Dkck/OR4sl9w=
-54,-37,cFWOZcD5kYmkb9arQ2ENhOMPQTY=,R9HI2v1hCDgweB7GR+Djc5CL3Mo=
-49,-38,cFWOZcD5kYmkb9arQ2ENhOMPQTY=,R9HI2v1hCDgweB7GR+Djc5CL3Mo=
-62,-40,cFWOZcD5kYmkb9arQ2ENhOMPQTY=,4LIh5ivSTJiQvKzwztvw0knoEPU=
-59,-37,cFWOZcD5kYmkb9arQ2ENhOMPQTY=,4LIh5ivSTJiQvKzwztvw0knoEPU=
-53,-37,cFWOZcD5kYmkb9arQ2ENhOMPQTY=,R9HI2v1hCDgweB7GR+Djc5CL3Mo=
-55,-43,cFWOZcD5kYmkb9arQ2ENhOMPQTY=,EeiMLy9luS+FCP1Dkck/OR4sl9w=
-57,-36,cFWOZcD5kYmkb9arQ2ENhOMPQTY=,4LIh5ivSTJiQvKzwztvw0knoEPU=
-63,-40,cFWOZcD5kYmkb9arQ2ENhOMPQTY=,4LIh5ivSTJiQvKzwztvw0knoEPU=
-58,-37,cFWOZcD5kYmkb9arQ2ENhOMPQTY=,4LIh5ivSTJiQvKzwztvw0knoEPU=
-54,-43,cFWOZcD5kYmkb9arQ2ENhOMPQTY=,EeiMLy9luS+FCP1Dkck/OR4sl9w=
-58,-36,cFWOZcD5kYmkb9arQ2ENhOMPQTY=,4LIh5ivSTJiQvKzwztvw0knoEPU=
-59,-36,cFWOZcD5kYmkb9arQ2ENhOMPQTY=,4LIh5ivSTJiQvKzwztvw0knoEPU=
-49,-45,cFWOZcD5kYmkb9arQ2ENhOMPQTY=,EeiMLy9luS+FCP1Dkck/OR4sl9w=
-57,-37,cFWOZcD5kYmkb9arQ2ENhOMPQTY=,4LIh5ivSTJiQvKzwztvw0knoEPU=
-53,-43,cFWOZcD5kYmkb9arQ2ENhOMPQTY=,EeiMLy9luS+FCP1Dkck/OR4sl9w=
-51,-38,cFWOZcD5kYmkb9arQ2ENhOMPQTY=,R9HI2v1hCDgweB7GR+Djc5CL3Mo=
-49,-44,cFWOZcD5kYmkb9arQ2ENhOMPQTY=,EeiMLy9luS+FCP1Dkck/OR4sl9w=
-63,-36,cFWOZcD5kYmkb9arQ2ENhOMPQTY=,4LIh5ivSTJiQvKzwztvw0knoEPU=
-52,-43,cFWOZcD5kYmkb9arQ2ENhOMPQTY=,EeiMLy9luS+FCP1Dkck/OR4sl9w=
-51,-46,cFWOZcD5kYmkb9arQ2ENhOMPQTY=,EeiMLy9luS+FCP1Dkck/OR4sl9w=
-49,-46,cFWOZcD5kYmkb9arQ2ENhOMPQTY=,EeiMLy9luS+FCP1Dkck/OR4sl9w=
-49,-43,cFWOZcD5kYmkb9arQ2ENhOMPQTY=,EeiMLy9luS+FCP1Dkck/OR4sl9w=
-49,-40,cFWOZcD5kYmkb9arQ2ENhOMPQTY=,R9HI2v1hCDgweB7GR+Djc5CL3Mo=
-62,-36,cFWOZcD5kYmkb9arQ2ENhOMPQTY=,4LIh5ivSTJiQvKzwztvw0knoEPU=
-55,-48,cFWOZcD5kYmkb9arQ2ENhOMPQTY=,EeiMLy9luS+FCP1Dkck/OR4sl9w=
-53,-40,cFWOZcD5kYmkb9arQ2ENhOMPQTY=,R9HI2v1hCDgweB7GR+Djc5CL3Mo=
-49,-47,cFWOZcD5kYmkb9arQ2ENhOMPQTY=,EeiMLy9luS+FCP1Dkck/OR4sl9w=
-58,-41,cFWOZcD5kYmkb9arQ2ENhOMPQTY=,O8V6dVb6cQliEIQRG93Pxw7vC6I=
-49,-42,cFWOZcD5kYmkb9arQ2ENhOMPQTY=,EeiMLy9luS+FCP1Dkck/OR4sl9w=
-59,-41,cFWOZcD5kYmkb9arQ2ENhOMPQTY=,O8V6dVb6cQliEIQRG93Pxw7vC6I=
-54,-48,cFWOZcD5kYmkb9arQ2ENhOMPQTY=,EeiMLy9luS+FCP1Dkck/OR4sl9w=
-63,-41,cFWOZcD5kYmkb9arQ2ENhOMPQTY=,O8V6dVb6cQliEIQRG93Pxw7vC6I=
-51,-43,cFWOZcD5kYmkb9arQ2ENhOMPQTY=,EeiMLy9luS+FCP1Dkck/OR4sl9w=
-60,-36,cFWOZcD5kYmkb9arQ2ENhOMPQTY=,4LIh5ivSTJiQvKzwztvw0knoEPU=
-52,-46,cFWOZcD5kYmkb9arQ2ENhOMPQTY=,EeiMLy9luS+FCP1Dkck/OR4sl9w=
-49,-41,cFWOZcD5kYmkb9arQ2ENhOMPQTY=,EeiMLy9luS+FCP1Dkck/OR4sl9w=
-62,-41,cFWOZcD5kYmkb9arQ2ENhOMPQTY=,O8V6dVb6cQliEIQRG93Pxw7vC6I=
-57,-45,cFWOZcD5kYmkb9arQ2ENhOMPQTY=,O8V6dVb6cQliEIQRG93Pxw7vC6I=
-53,-48,cFWOZcD5kYmkb9arQ2ENhOMPQTY=,EeiMLy9luS+FCP1Dkck/OR4sl9w=
-61,-36,cFWOZcD5kYmkb9arQ2ENhOMPQTY=,4LIh5ivSTJiQvKzwztvw0knoEPU=
-50,-43,cFWOZcD5kYmkb9arQ2ENhOMPQTY=,EeiMLy9luS+FCP1Dkck/OR4sl9w=
-60,-41,cFWOZcD5kYmkb9arQ2ENhOMPQTY=,O8V6dVb6cQliEIQRG93Pxw7vC6I=
-52,-48,cFWOZcD5kYmkb9arQ2ENhOMPQTY=,EeiMLy9luS+FCP1Dkck/OR4sl9w=
-49,-48,cFWOZcD5kYmkb9arQ2ENhOMPQTY=,EeiMLy9luS+FCP1Dkck/OR4sl9w=
-61,-41,cFWOZcD5kYmkb9arQ2ENhOMPQTY=,O8V6dVb6cQliEIQRG93Pxw7vC6I=
-56,-48,cFWOZcD5kYmkb9arQ2ENhOMPQTY=,EeiMLy9luS+FCP1Dkck/OR4sl9w=
-56,-42,cFWOZcD5kYmkb9arQ2ENhOMPQTY=,EeiMLy9luS+FCP1Dkck/OR4sl9w=
-53,-46,cFWOZcD5kYmkb9arQ2ENhOMPQTY=,EeiMLy9luS+FCP1Dkck/OR4sl9w=
-50,-48,cFWOZcD5kYmkb9arQ2ENhOMPQTY=,EeiMLy9luS+FCP1Dkck/OR4sl9w=
-51,-48,cFWOZcD5kYmkb9arQ2ENhOMPQTY=,EeiMLy9luS+FCP1Dkck/OR4sl9w=
-63,-48,cFWOZcD5kYmkb9arQ2ENhOMPQTY=,O8V6dVb6cQliEIQRG93Pxw7vC6I=
-55,-42,cFWOZcD5kYmkb9arQ2ENhOMPQTY=,EeiMLy9luS+FCP1Dkck/OR4sl9w=
-57,-48,cFWOZcD5kYmkb9arQ2ENhOMPQTY=,O8V6dVb6cQliEIQRG93Pxw7vC6I=
-62,-48,cFWOZcD5kYmkb9arQ2ENhOMPQTY=,O8V6dVb6cQliEIQRG93Pxw7vC6I=
-54,-42,cFWOZcD5kYmkb9arQ2ENhOMPQTY=,EeiMLy9luS+FCP1Dkck/OR4sl9w=
-63,-33,cFWOZcD5kYmkb9arQ2ENhOMPQTY=,4LIh5ivSTJiQvKzwztvw0knoEPU=
-54,-46,cFWOZcD5kYmkb9arQ2ENhOMPQTY=,EeiMLy9luS+FCP1Dkck/OR4sl9w=
-61,-48,cFWOZcD5kYmkb9arQ2ENhOMPQTY=,O8V6dVb6cQliEIQRG93Pxw7vC6I=
-55,-46,cFWOZcD5kYmkb9arQ2ENhOMPQTY=,EeiMLy9luS+FCP1Dkck/OR4sl9w=
-50,-47,cFWOZcD5kYmkb9arQ2ENhOMPQTY=,EeiMLy9luS+FCP1Dkck/OR4sl9w=
-56,-46,cFWOZcD5kYmkb9arQ2ENhOMPQTY=,EeiMLy9luS+FCP1Dkck/OR4sl9w=
-57,-44,cFWOZcD5kYmkb9arQ2ENhOMPQTY=,O8V6dVb6cQliEIQRG93Pxw7vC6I=
-58,-48,cFWOZcD5kYmkb9arQ2ENhOMPQTY=,O8V6dVb6cQliEIQRG93Pxw7vC6I=
-59,-48,cFWOZcD5kYmkb9arQ2ENhOMPQTY=,O8V6dVb6cQliEIQRG93Pxw7vC6I=
-62,-33,cFWOZcD5kYmkb9arQ2ENhOMPQTY=,4LIh5ivSTJiQvKzwztvw0knoEPU=
-51,-47,cFWOZcD5kYmkb9arQ2ENhOMPQTY=,EeiMLy9luS+FCP1Dkck/OR4sl9w=
-60,-48,cFWOZcD5kYmkb9arQ2ENhOMPQTY=,O8V6dVb6cQliEIQRG93Pxw7vC6I=
-52,-40,cFWOZcD5kYmkb9arQ2ENhOMPQTY=,R9HI2v1hCDgweB7GR+Djc5CL3Mo=
-56,-33,cFWOZcD5kYmkb9arQ2ENhOMPQTY=,R9HI2v1hCDgweB7GR+Djc5CL3Mo=
-49,-33,cFWOZcD5kYmkb9arQ2ENhOMPQTY=,R9HI2v1hCDgweB7GR+Djc5CL3Mo=
-61,-33,cFWOZcD5kYmkb9arQ2ENhOMPQTY=,4LIh5ivSTJiQvKzwztvw0knoEPU=
-57,-33,cFWOZcD5kYmkb9arQ2ENhOMPQTY=,4LIh5ivSTJiQvKzwztvw0knoEPU=
-58,-33,cFWOZcD5kYmkb9arQ2ENhOMPQTY=,4LIh5ivSTJiQvKzwztvw0knoEPU=
-59,-33,cFWOZcD5kYmkb9arQ2ENhOMPQTY=,4LIh5ivSTJiQvKzwztvw0knoEPU=
-53,-42,cFWOZcD5kYmkb9arQ2ENhOMPQTY=,EeiMLy9luS+FCP1Dkck/OR4sl9w=
-60,-33,cFWOZcD5kYmkb9arQ2ENhOMPQTY=,4LIh5ivSTJiQvKzwztvw0knoEPU=
-55,-33,cFWOZcD5kYmkb9arQ2ENhOMPQTY=,R9HI2v1hCDgweB7GR+Djc5CL3Mo=
-50,-33,cFWOZcD5kYmkb9arQ2ENhOMPQTY=,R9HI2v1hCDgweB7GR+Djc5CL3Mo=
-51,-33,cFWOZcD5kYmkb9arQ2ENhOMPQTY=,R9HI2v1hCDgweB7GR+Djc5CL3Mo=
-52,-33,cFWOZcD5kYmkb9arQ2ENhOMPQTY=,R9HI2v1hCDgweB7GR+Djc5CL3Mo=
-53,-33,cFWOZcD5kYmkb9arQ2ENhOMPQTY=,R9HI2v1hCDgweB7GR+Djc5CL3Mo=
-52,-42,cFWOZcD5kYmkb9arQ2ENhOMPQTY=,EeiMLy9luS+FCP1Dkck/OR4sl9w=
-52,-47,cFWOZcD5kYmkb9arQ2ENhOMPQTY=,EeiMLy9luS+FCP1Dkck/OR4sl9w=
-54,-33,cFWOZcD5kYmkb9arQ2ENhOMPQTY=,R9HI2v1hCDgweB7GR+Djc5CL3Mo=
-57,-41,cFWOZcD5kYmkb9arQ2ENhOMPQTY=,O8V6dVb6cQliEIQRG93Pxw7vC6I=
-53,-47,cFWOZcD5kYmkb9arQ2ENhOMPQTY=,EeiMLy9luS+FCP1Dkck/OR4sl9w=
-54,-47,cFWOZcD5kYmkb9arQ2ENhOMPQTY=,EeiMLy9luS+FCP1Dkck/OR4sl9w=
-55,-47,cFWOZcD5kYmkb9arQ2ENhOMPQTY=,EeiMLy9luS+FCP1Dkck/OR4sl9w=
-51,-42,cFWOZcD5kYmkb9arQ2ENhOMPQTY=,EeiMLy9luS+FCP1Dkck/OR4sl9w=
-50,-40,cFWOZcD5kYmkb9arQ2ENhOMPQTY=,R9HI2v1hCDgweB7GR+Djc5CL3Mo=
-56,-47,cFWOZcD5kYmkb9arQ2ENhOMPQTY=,EeiMLy9luS+FCP1Dkck/OR4sl9w=
-51,-41,cFWOZcD5kYmkb9arQ2ENhOMPQTY=,EeiMLy9luS+FCP1Dkck/OR4sl9w=
-50,-41,cFWOZcD5kYmkb9arQ2ENhOMPQTY=,EeiMLy9luS+FCP1Dkck/OR4sl9w=
-57,-43,cFWOZcD5kYmkb9arQ2ENhOMPQTY=,O8V6dVb6cQliEIQRG93Pxw7vC6I=
-57,-42,cFWOZcD5kYmkb9arQ2ENhOMPQTY=,O8V6dVb6cQliEIQRG93Pxw7vC6I=
-50,-42,cFWOZcD5kYmkb9arQ2ENhOMPQTY=,EeiMLy9luS+FCP1Dkck/OR4sl9w=
-52,-41,cFWOZcD5kYmkb9arQ2ENhOMPQTY=,EeiMLy9luS+FCP1Dkck/OR4sl9w=
-53,-41,cFWOZcD5kYmkb9arQ2ENhOMPQTY=,EeiMLy9luS+FCP1Dkck/OR4sl9w=
-54,-41,cFWOZcD5kYmkb9arQ2ENhOMPQTY=,EeiMLy9luS+FCP1Dkck/OR4sl9w=
-55,-41,cFWOZcD5kYmkb9arQ2ENhOMPQTY=,EeiMLy9luS+FCP1Dkck/OR4sl9w=
-51,-40,cFWOZcD5kYmkb9arQ2ENhOMPQTY=,R9HI2v1hCDgweB7GR+Djc5CL3Mo=
-56,-41,cFWOZcD5kYmkb9arQ2ENhOMPQTY=,EeiMLy9luS+FCP1Dkck/OR4sl9w=
