-61,34,GT4MdqzcgHNe+37yt3G8DilceRY=,9SPzd/BBimB16TyxJGJmVZ5dF1U=
-60,34,GT4MdqzcgHNe+37yt3G8DilceRY=,9SPzd/BBimB16TyxJGJmVZ5dF1U=
-63,39,6+ugajS6LKucM8EIy+ZuVP96Kgw=,9SPzd/BBimB16TyxJGJmVZ5dF1U=
-62,39,AxBp6Ce8WzIVnNYVe0ee93wNKeY=,9SPzd/BBimB16TyxJGJmVZ5dF1U=
-61,39,AxBp6Ce8WzIVnNYVe0ee93wNKeY=,9SPzd/BBimB16TyxJGJmVZ5dF1U=
-60,39,AxBp6Ce8WzIVnNYVe0ee93wNKeY=,9SPzd/BBimB16TyxJGJmVZ5dF1U=
-59,39,AxBp6Ce8WzIVnNYVe0ee93wNKeY=,9SPzd/BBimB16TyxJGJmVZ5dF1U=
-58,39,AxBp6Ce8WzIVnNYVe0ee93wNKeY=,9SPzd/BBimB16TyxJGJmVZ5dF1U=
-63,40,AxBp6Ce8WzIVnNYVe0ee93wNKeY=,Ah4jo2WjBqEHHqcLnhODrXow8R4=
-62,40,AxBp6Ce8WzIVnNYVe0ee93wNKeY=,Ah4jo2WjBqEHHqcLnhODrXow8R4=
-61,40,AxBp6Ce8WzIVnNYVe0ee93wNKeY=,Ah4jo2WjBqEHHqcLnhODrXow8R4=
-59,40,AxBp6Ce8WzIVnNYVe0ee93wNKeY=,Ah4jo2WjBqEHHqcLnhODrXow8R4=
-60,40,AxBp6Ce8WzIVnNYVe0ee93wNKeY=,Ah4jo2WjBqEHHqcLnhODrXow8R4=
-58,46,AxBp6Ce8WzIVnNYVe0ee93wNKeY=,Ah4jo2WjBqEHHqcLnhODrXow8R4=
-58,40,AxBp6Ce8WzIVnNYVe0ee93wNKeY=,Ah4jo2WjBqEHHqcLnhODrXow8R4=
-63,41,AxBp6Ce8WzIVnNYVe0ee93wNKeY=,Ah4jo2WjBqEHHqcLnhODrXow8R4=
-61,41,AxBp6Ce8WzIVnNYVe0ee93wNKeY=,Ah4jo2WjBqEHHqcLnhODrXow8R4=
-62,41,AxBp6Ce8WzIVnNYVe0ee93wNKeY=,Ah4jo2WjBqEHHqcLnhODrXow8R4=
-60,41,AxBp6Ce8WzIVnNYVe0ee93wNKeY=,Ah4jo2WjBqEHHqcLnhODrXow8R4=
-59,41,AxBp6Ce8WzIVnNYVe0ee93wNKeY=,Ah4jo2WjBqEHHqcLnhODrXow8R4=
-58,41,AxBp6Ce8WzIVnNYVe0ee93wNKeY=,Ah4jo2WjBqEHHqcLnhODrXow8R4=
-63,42,AxBp6Ce8WzIVnNYVe0ee93wNKeY=,Ah4jo2WjBqEHHqcLnhODrXow8R4=
-62,42,AxBp6Ce8WzIVnNYVe0ee93wNKeY=,Ah4jo2WjBqEHHqcLnhODrXow8R4=
-61,42,AxBp6Ce8WzIVnNYVe0ee93wNKeY=,Ah4jo2WjBqEHHqcLnhODrXow8R4=
-60,42,AxBp6Ce8WzIVnNYVe0ee93wNKeY=,Ah4jo2WjBqEHHqcLnhODrXow8R4=
-59,42,AxBp6Ce8WzIVnNYVe0ee93wNKeY=,Ah4jo2WjBqEHHqcLnhODrXow8R4=
-61,37,AxBp6Ce8WzIVnNYVe0ee93wNKeY=,9SPzd/BBimB16TyxJGJmVZ5dF1U=
-58,42,AxBp6Ce8WzIVnNYVe0ee93wNKeY=,Ah4jo2WjBqEHHqcLnhODrXow8R4=
-52,45,AxBp6Ce8WzIVnNYVe0ee93wNKeY=,rDbNWWSm9cPoUn41GDYPLINqyQM=
-63,43,AxBp6Ce8WzIVnNYVe0ee93wNKeY=,Ah4jo2WjBqEHHqcLnhODrXow8R4=
-62,43,AxBp6Ce8WzIVnNYVe0ee93wNKeY=,Ah4jo2WjBqEHHqcLnhODrXow8R4=
-51,45,AxBp6Ce8WzIVnNYVe0ee93wNKeY=,rDbNWWSm9cPoUn41GDYPLINqyQM=
-61,43,AxBp6Ce8WzIVnNYVe0ee93wNKeY=,Ah4jo2WjBqEHHqcLnhODrXow8R4=
-50,45,AxBp6Ce8WzIVnNYVe0ee93wNKeY=,rDbNWWSm9cPoUn41GDYPLINqyQM=
-60,43,AxBp6Ce8WzIVnNYVe0ee93wNKeY=,Ah4jo2WjBqEHHqcLnhODrXow8R4=
-61,35,AxBp6Ce8WzIVnNYVe0ee93wNKeY=,9SPzd/BBimB16TyxJGJmVZ5dF1U=
-62,35,AxBp6Ce8WzIVnNYVe0ee93wNKeY=,9SPzd/BBimB16TyxJGJmVZ5dF1U=
-59,46,AxBp6Ce8WzIVnNYVe0ee93wNKeY=,Ah4jo2WjBqEHHqcLnhODrXow8R4=
-63,35,AxBp6Ce8WzIVnNYVe0ee93wNKeY=,9SPzd/BBimB16TyxJGJmVZ5dF1U=
-52,35,AxBp6Ce8WzIVnNYVe0ee93wNKeY=,B8ejPJrgeF3puuVjQRYO6Gudqhg=
-59,43,AxBp6Ce8WzIVnNYVe0ee93wNKeY=,Ah4jo2WjBqEHHqcLnhODrXow8R4=
-60,46,AxBp6Ce8WzIVnNYVe0ee93wNKeY=,Ah4jo2WjBqEHHqcLnhODrXow8R4=
-56,46,AxBp6Ce8WzIVnNYVe0ee93wNKeY=,rDbNWWSm9cPoUn41GDYPLINqyQM=
-62,38,AxBp6Ce8WzIVnNYVe0ee93wNKeY=,9SPzd/BBimB16TyxJGJmVZ5dF1U=
-62,37,AxBp6Ce8WzIVnNYVe0ee93wNKeY=,9SPzd/BBimB16TyxJGJmVZ5dF1U=
-51,35,AxBp6Ce8WzIVnNYVe0ee93wNKeY=,B8ejPJrgeF3puuVjQRYO6Gudqhg=
-63,38,AxBp6Ce8WzIVnNYVe0ee93wNKeY=,9SPzd/BBimB16TyxJGJmVZ5dF1U=
-58,43,AxBp6Ce8WzIVnNYVe0ee93wNKeY=,Ah4jo2WjBqEHHqcLnhODrXow8R4=
-61,46,AxBp6Ce8WzIVnNYVe0ee93wNKeY=,Ah4jo2WjBqEHHqcLnhODrXow8R4=
-55,46,AxBp6Ce8WzIVnNYVe0ee93wNKeY=,rDbNWWSm9cPoUn41GDYPLINqyQM=
-53,35,AxBp6Ce8WzIVnNYVe0ee93wNKeY=,B8ejPJrgeF3puuVjQRYO6Gudqhg=
-54,35,AxBp6Ce8WzIVnNYVe0ee93wNKeY=,B8ejPJrgeF3puuVjQRYO6Gudqhg=
-56,40,AxBp6Ce8WzIVnNYVe0ee93wNKeY=,rDbNWWSm9cPoUn41GDYPLINqyQM=
-63,44,AxBp6Ce8WzIVnNYVe0ee93wNKeY=,Ah4jo2WjBqEHHqcLnhODrXow8R4=
-63,37,AxBp6Ce8WzIVnNYVe0ee93wNKeY=,9SPzd/BBimB16TyxJGJmVZ5dF1U=
-62,34,AxBp6Ce8WzIVnNYVe0ee93wNKeY=,9SPzd/BBimB16TyxJGJmVZ5dF1U=
-63,34,AxBp6Ce8WzIVnNYVe0ee93wNKeY=,9SPzd/BBimB16TyxJGJmVZ5dF1U=
-54,46,AxBp6Ce8WzIVnNYVe0ee93wNKeY=,rDbNWWSm9cPoUn41GDYPLINqyQM=
-55,35,AxBp6Ce8WzIVnNYVe0ee93wNKeY=,B8ejPJrgeF3puuVjQRYO6Gudqhg=
-50,35,AxBp6Ce8WzIVnNYVe0ee93wNKeY=,B8ejPJrgeF3puuVjQRYO6Gudqhg=
-58,33,AxBp6Ce8WzIVnNYVe0ee93wNKeY=,9SPzd/BBimB16TyxJGJmVZ5dF1U=
-62,44,AxBp6Ce8WzIVnNYVe0ee93wNKeY=,Ah4jo2WjBqEHHqcLnhODrXow8R4=
-58,37,AxBp6Ce8WzIVnNYVe0ee93wNKeY=,9SPzd/BBimB16TyxJGJmVZ5dF1U=
-53,45,AxBp6Ce8WzIVnNYVe0ee93wNKeY=,rDbNWWSm9cPoUn41GDYPLINqyQM=
-59,33,AxBp6Ce8WzIVnNYVe0ee93wNKeY=,9SPzd/BBimB16TyxJGJmVZ5dF1U=
-55,40,AxBp6Ce8WzIVnNYVe0ee93wNKeY=,rDbNWWSm9cPoUn41GDYPLINqyQM=
-53,46,AxBp6Ce8WzIVnNYVe0ee93wNKeY=,rDbNWWSm9cPoUn41GDYPLINqyQM=
-60,33,AxBp6Ce8WzIVnNYVe0ee93wNKeY=,9SPzd/BBimB16TyxJGJmVZ5dF1U=
-62,46,AxBp6Ce8WzIVnNYVe0ee93wNKeY=,Ah4jo2WjBqEHHqcLnhODrXow8R4=
-56,35,AxBp6Ce8WzIVnNYVe0ee93wNKeY=,B8ejPJrgeF3puuVjQRYO6Gudqhg=
-54,40,AxBp6Ce8WzIVnNYVe0ee93wNKeY=,rDbNWWSm9cPoUn41GDYPLINqyQM=
-50,34,AxBp6Ce8WzIVnNYVe0ee93wNKeY=,B8ejPJrgeF3puuVjQRYO6Gudqhg=
-56,41,AxBp6Ce8WzIVnNYVe0ee93wNKeY=,rDbNWWSm9cPoUn41GDYPLINqyQM=
-61,33,AxBp6Ce8WzIVnNYVe0ee93wNKeY=,9SPzd/BBimB16TyxJGJmVZ5dF1U=
-50,39,AxBp6Ce8WzIVnNYVe0ee93wNKeY=,B8ejPJrgeF3puuVjQRYO6Gudqhg=
-61,44,AxBp6Ce8WzIVnNYVe0ee93wNKeY=,Ah4jo2WjBqEHHqcLnhODrXow8R4=
-53,40,AxBp6Ce8WzIVnNYVe0ee93wNKeY=,rDbNWWSm9cPoUn41GDYPLINqyQM=
-58,36,AxBp6Ce8WzIVnNYVe0ee93wNKeY=,9SPzd/BBimB16TyxJGJmVZ5dF1U=
-63,46,AxBp6Ce8WzIVnNYVe0ee93wNKeY=,Ah4jo2WjBqEHHqcLnhODrXow8R4=
-51,34,AxBp6Ce8WzIVnNYVe0ee93wNKeY=,B8ejPJrgeF3puuVjQRYO6Gudqhg=
-52,46,AxBp6Ce8WzIVnNYVe0ee93wNKeY=,rDbNWWSm9cPoUn41GDYPLINqyQM=
-60,44,AxBp6Ce8WzIVnNYVe0ee93wNKeY=,Ah4jo2WjBqEHHqcLnhODrXow8R4=
-62,36,AxBp6Ce8WzIVnNYVe0ee93wNKeY=,9SPzd/BBimB16TyxJGJmVZ5dF1U=
-52,40,AxBp6Ce8WzIVnNYVe0ee93wNKeY=,rDbNWWSm9cPoUn41GDYPLINqyQM=
-63,36,AxBp6Ce8WzIVnNYVe0ee93wNKeY=,9SPzd/BBimB16TyxJGJmVZ5dF1U=
-58,35,AxBp6Ce8WzIVnNYVe0ee93wNKeY=,9SPzd/BBimB16TyxJGJmVZ5dF1U=
-52,34,AxBp6Ce8WzIVnNYVe0ee93wNKeY=,B8ejPJrgeF3puuVjQRYO6Gudqhg=
-55,41,AxBp6Ce8WzIVnNYVe0ee93wNKeY=,rDbNWWSm9cPoUn41GDYPLINqyQM=
-53,34,AxBp6Ce8WzIVnNYVe0ee93wNKeY=,B8ejPJrgeF3puuVjQRYO6Gudqhg=
-59,44,AxBp6Ce8WzIVnNYVe0ee93wNKeY=,Ah4jo2WjBqEHHqcLnhODrXow8R4=
-51,40,AxBp6Ce8WzIVnNYVe0ee93wNKeY=,rDbNWWSm9cPoUn41GDYPLINqyQM=
-51,39,AxBp6Ce8WzIVnNYVe0ee93wNKeY=,B8ejPJrgeF3puuVjQRYO6Gudqhg=
-52,39,AxBp6Ce8WzIVnNYVe0ee93wNKeY=,B8ejPJrgeF3puuVjQRYO6Gudqhg=
-54,45,AxBp6Ce8WzIVnNYVe0ee93wNKeY=,rDbNWWSm9cPoUn41GDYPLINqyQM=
-54,41,AxBp6Ce8WzIVnNYVe0ee93wNKeY=,rDbNWWSm9cPoUn41GDYPLINqyQM=
-59,37,AxBp6Ce8WzIVnNYVe0ee93wNKeY=,9SPzd/BBimB16TyxJGJmVZ5dF1U=
-50,40,AxBp6Ce8WzIVnNYVe0ee93wNKeY=,rDbNWWSm9cPoUn41GDYPLINqyQM=
-53,39,AxBp6Ce8WzIVnNYVe0ee93wNKeY=,B8ejPJrgeF3puuVjQRYO6Gudqhg=
-58,44,AxBp6Ce8WzIVnNYVe0ee93wNKeY=,Ah4jo2WjBqEHHqcLnhODrXow8R4=
-59,35,AxBp6Ce8WzIVnNYVe0ee93wNKeY=,9SPzd/BBimB16TyxJGJmVZ5dF1U=
-51,46,AxBp6Ce8WzIVnNYVe0ee93wNKeY=,rDbNWWSm9cPoUn41GDYPLINqyQM=
-54,39,AxBp6Ce8WzIVnNYVe0ee93wNKeY=,B8ejPJrgeF3puuVjQRYO6Gudqhg=
-58,45,AxBp6Ce8WzIVnNYVe0ee93wNKeY=,Ah4jo2WjBqEHHqcLnhODrXow8R4=
-57,38,AxBp6Ce8WzIVnNYVe0ee93wNKeY=,9SPzd/BBimB16TyxJGJmVZ5dF1U=
-59,36,AxBp6Ce8WzIVnNYVe0ee93wNKeY=,9SPzd/BBimB16TyxJGJmVZ5dF1U=
-60,35,AxBp6Ce8WzIVnNYVe0ee93wNKeY=,9SPzd/BBimB16TyxJGJmVZ5dF1U=
-50,46,AxBp6Ce8WzIVnNYVe0ee93wNKeY=,rDbNWWSm9cPoUn41GDYPLINqyQM=
-60,36,AxBp6Ce8WzIVnNYVe0ee93wNKeY=,9SPzd/BBimB16TyxJGJmVZ5dF1U=
-63,45,AxBp6Ce8WzIVnNYVe0ee93wNKeY=,Ah4jo2WjBqEHHqcLnhODrXow8R4=
-55,45,AxBp6Ce8WzIVnNYVe0ee93wNKeY=,rDbNWWSm9cPoUn41GDYPLINqyQM=
-57,39,AxBp6Ce8WzIVnNYVe0ee93wNKeY=,9SPzd/BBimB16TyxJGJmVZ5dF1U=
-56,45,AxBp6Ce8WzIVnNYVe0ee93wNKeY=,rDbNWWSm9cPoUn41GDYPLINqyQM=
-53,41,AxBp6Ce8WzIVnNYVe0ee93wNKeY=,rDbNWWSm9cPoUn41GDYPLINqyQM=
-55,39,AxBp6Ce8WzIVnNYVe0ee93wNKeY=,B8ejPJrgeF3puuVjQRYO6Gudqhg=
-62,33,AxBp6Ce8WzIVnNYVe0ee93wNKeY=,9SPzd/BBimB16TyxJGJmVZ5dF1U=
-50,44,AxBp6Ce8WzIVnNYVe0ee93wNKeY=,rDbNWWSm9cPoUn41GDYPLINqyQM=
-62,45,AxBp6Ce8WzIVnNYVe0ee93wNKeY=,Ah4jo2WjBqEHHqcLnhODrXow8R4=
-56,36,AxBp6Ce8WzIVnNYVe0ee93wNKeY=,B8ejPJrgeF3puuVjQRYO6Gudqhg=
-63,33,AxBp6Ce8WzIVnNYVe0ee93wNKeY=,9SPzd/BBimB16TyxJGJmVZ5dF1U=
-52,41,AxBp6Ce8WzIVnNYVe0ee93wNKeY=,rDbNWWSm9cPoUn41GDYPLINqyQM=
-58,38,AxBp6Ce8WzIVnNYVe0ee93wNKeY=,9SPzd/BBimB16TyxJGJmVZ5dF1U=
-54,34,AxBp6Ce8WzIVnNYVe0ee93wNKeY=,B8ejPJrgeF3puuVjQRYO6Gudqhg=
-59,38,AxBp6Ce8WzIVnNYVe0ee93wNKeY=,9SPzd/BBimB16TyxJGJmVZ5dF1U=
-61,45,AxBp6Ce8WzIVnNYVe0ee93wNKeY=,Ah4jo2WjBqEHHqcLnhODrXow8R4=
-55,36,AxBp6Ce8WzIVnNYVe0ee93wNKeY=,B8ejPJrgeF3puuVjQRYO6Gudqhg=
-60,38,AxBp6Ce8WzIVnNYVe0ee93wNKeY=,9SPzd/BBimB16TyxJGJmVZ5dF1U=
-51,41,AxBp6Ce8WzIVnNYVe0ee93wNKeY=,rDbNWWSm9cPoUn41GDYPLINqyQM=
-61,36,AxBp6Ce8WzIVnNYVe0ee93wNKeY=,9SPzd/BBimB16TyxJGJmVZ5dF1U=
-61,38,AxBp6Ce8WzIVnNYVe0ee93wNKeY=,9SPzd/BBimB16TyxJGJmVZ5dF1U=
-56,39,AxBp6Ce8WzIVnNYVe0ee93wNKeY=,B8ejPJrgeF3puuVjQRYO6Gudqhg=
-54,36,AxBp6Ce8WzIVnNYVe0ee93wNKeY=,B8ejPJrgeF3puuVjQRYO6Gudqhg=
-60,45,AxBp6Ce8WzIVnNYVe0ee93wNKeY=,Ah4jo2WjBqEHHqcLnhODrXow8R4=
-51,44,AxBp6Ce8WzIVnNYVe0ee93wNKeY=,rDbNWWSm9cPoUn41GDYPLINqyQM=
-57,41,AxBp6Ce8WzIVnNYVe0ee93wNKeY=,Ah4jo2WjBqEHHqcLnhODrXow8R4=
-60,37,AxBp6Ce8WzIVnNYVe0ee93wNKeY=,9SPzd/BBimB16TyxJGJmVZ5dF1U=
-55,34,AxBp6Ce8WzIVnNYVe0ee93wNKeY=,B8ejPJrgeF3puuVjQRYO6Gudqhg=
-58,34,AxBp6Ce8WzIVnNYVe0ee93wNKeY=,9SPzd/BBimB16TyxJGJmVZ5dF1U=
-53,36,AxBp6Ce8WzIVnNYVe0ee93wNKeY=,B8ejPJrgeF3puuVjQRYO6Gudqhg=
-59,45,AxBp6Ce8WzIVnNYVe0ee93wNKeY=,Ah4jo2WjBqEHHqcLnhODrXow8R4=
-50,38,AxBp6Ce8WzIVnNYVe0ee93wNKeY=,B8ejPJrgeF3puuVjQRYO6Gudqhg=
-59,34,AxBp6Ce8WzIVnNYVe0ee93wNKeY=,9SPzd/BBimB16TyxJGJmVZ5dF1U=
-50,41,AxBp6Ce8WzIVnNYVe0ee93wNKeY=,rDbNWWSm9cPoUn41GDYPLINqyQM=
-57,40,AxBp6Ce8WzIVnNYVe0ee93wNKeY=,Ah4jo2WjBqEHHqcLnhODrXow8R4=
-56,42,AxBp6Ce8WzIVnNYVe0ee93wNKeY=,rDbNWWSm9cPoUn41GDYPLINqyQM=
-57,34,AxBp6Ce8WzIVnNYVe0ee93wNKeY=,9SPzd/BBimB16TyxJGJmVZ5dF1U=
-57,42,AxBp6Ce8WzIVnNYVe0ee93wNKeY=,Ah4jo2WjBqEHHqcLnhODrXow8R4=
-52,44,AxBp6Ce8WzIVnNYVe0ee93wNKeY=,rDbNWWSm9cPoUn41GDYPLINqyQM=
-57,46,AxBp6Ce8WzIVnNYVe0ee93wNKeY=,Ah4jo2WjBqEHHqcLnhODrXow8R4=
-53,44,AxBp6Ce8WzIVnNYVe0ee93wNKeY=,rDbNWWSm9cPoUn41GDYPLINqyQM=
-52,36,AxBp6Ce8WzIVnNYVe0ee93wNKeY=,B8ejPJrgeF3puuVjQRYO6Gudqhg=
-57,43,AxBp6Ce8WzIVnNYVe0ee93wNKeY=,Ah4jo2WjBqEHHqcLnhODrXow8R4=
-49,45,AxBp6Ce8WzIVnNYVe0ee93wNKeY=,rDbNWWSm9cPoUn41GDYPLINqyQM=
-56,34,AxBp6Ce8WzIVnNYVe0ee93wNKeY=,B8ejPJrgeF3puuVjQRYO6Gudqhg=
-49,44,AxBp6Ce8WzIVnNYVe0ee93wNKeY=,rDbNWWSm9cPoUn41GDYPLINqyQM=
-49,43,AxBp6Ce8WzIVnNYVe0ee93wNKeY=,rDbNWWSm9cPoUn41GDYPLINqyQM=
-49,40,AxBp6Ce8WzIVnNYVe0ee93wNKeY=,rDbNWWSm9cPoUn41GDYPLINqyQM=
-57,35,AxBp6Ce8WzIVnNYVe0ee93wNKeY=,9SPzd/BBimB16TyxJGJmVZ5dF1U=
-55,42,AxBp6Ce8WzIVnNYVe0ee93wNKeY=,rDbNWWSm9cPoUn41GDYPLINqyQM=
-49,42,AxBp6Ce8WzIVnNYVe0ee93wNKeY=,rDbNWWSm9cPoUn41GDYPLINqyQM=
-49,46,AxBp6Ce8WzIVnNYVe0ee93wNKeY=,rDbNWWSm9cPoUn41GDYPLINqyQM=
-49,35,AxBp6Ce8WzIVnNYVe0ee93wNKeY=,B8ejPJrgeF3puuVjQRYO6Gudqhg=
-49,41,AxBp6Ce8WzIVnNYVe0ee93wNKeY=,rDbNWWSm9cPoUn41GDYPLINqyQM=
-51,36,AxBp6Ce8WzIVnNYVe0ee93wNKeY=,B8ejPJrgeF3puuVjQRYO6Gudqhg=
-54,42,AxBp6Ce8WzIVnNYVe0ee93wNKeY=,rDbNWWSm9cPoUn41GDYPLINqyQM=
-49,36,AxBp6Ce8WzIVnNYVe0ee93wNKeY=,B8ejPJrgeF3puuVjQRYO6Gudqhg=
-50,33,AxBp6Ce8WzIVnNYVe0ee93wNKeY=,B8ejPJrgeF3puuVjQRYO6Gudqhg=
-50,36,AxBp6Ce8WzIVnNYVe0ee93wNKeY=,B8ejPJrgeF3puuVjQRYO6Gudqhg=
-56,44,AxBp6Ce8WzIVnNYVe0ee93wNKeY=,rDbNWWSm9cPoUn41GDYPLINqyQM=
-49,37,AxBp6Ce8WzIVnNYVe0ee93wNKeY=,B8ejPJrgeF3puuVjQRYO6Gudqhg=
-54,44,AxBp6Ce8WzIVnNYVe0ee93wNKeY=,rDbNWWSm9cPoUn41GDYPLINqyQM=
-55,44,AxBp6Ce8WzIVnNYVe0ee93wNKeY=,rDbNWWSm9cPoUn41GDYPLINqyQM=
-56,37,AxBp6Ce8WzIVnNYVe0ee93wNKeY=,B8ejPJrgeF3puuVjQRYO6Gudqhg=
-55,32,AxBp6Ce8WzIVnNYVe0ee93wNKeY=,B8ejPJrgeF3puuVjQRYO6Gudqhg=
-53,42,AxBp6Ce8WzIVnNYVe0ee93wNKeY=,rDbNWWSm9cPoUn41GDYPLINqyQM=
-51,33,AxBp6Ce8WzIVnNYVe0ee93wNKeY=,B8ejPJrgeF3puuVjQRYO6Gudqhg=
-49,33,AxBp6Ce8WzIVnNYVe0ee93wNKeY=,B8ejPJrgeF3puuVjQRYO6Gudqhg=
-51,38,AxBp6Ce8WzIVnNYVe0ee93wNKeY=,B8ejPJrgeF3puuVjQRYO6Gudqhg=
-52,38,AxBp6Ce8WzIVnNYVe0ee93wNKeY=,B8ejPJrgeF3puuVjQRYO6Gudqhg=
-55,37,AxBp6Ce8WzIVnNYVe0ee93wNKeY=,B8ejPJrgeF3puuVjQRYO6Gudqhg=
-52,42,AxBp6Ce8WzIVnNYVe0ee93wNKeY=,rDbNWWSm9cPoUn41GDYPLINqyQM=
-54,32,AxBp6Ce8WzIVnNYVe0ee93wNKeY=,B8ejPJrgeF3puuVjQRYO6Gudqhg=
-53,38,AxBp6Ce8WzIVnNYVe0ee93wNKeY=,B8ejPJrgeF3puuVjQRYO6Gudqhg=
-49,38,AxBp6Ce8WzIVnNYVe0ee93wNKeY=,B8ejPJrgeF3puuVjQRYO6Gudqhg=
-50,43,AxBp6Ce8WzIVnNYVe0ee93wNKeY=,rDbNWWSm9cPoUn41GDYPLINqyQM=
-54,38,AxBp6Ce8WzIVnNYVe0ee93wNKeY=,B8ejPJrgeF3puuVjQRYO6Gudqhg=
-54,37,AxBp6Ce8WzIVnNYVe0ee93wNKeY=,B8ejPJrgeF3puuVjQRYO6Gudqhg=
-57,44,AxBp6Ce8WzIVnNYVe0ee93wNKeY=,Ah4jo2WjBqEHHqcLnhODrXow8R4=
-53,32,AxBp6Ce8WzIVnNYVe0ee93wNKeY=,B8ejPJrgeF3puuVjQRYO6Gudqhg=
-52,33,AxBp6Ce8WzIVnNYVe0ee93wNKeY=,B8ejPJrgeF3puuVjQRYO6Gudqhg=
-49,34,AxBp6Ce8WzIVnNYVe0ee93wNKeY=,B8ejPJrgeF3puuVjQRYO6Gudqhg=
-50,32,AxBp6Ce8WzIVnNYVe0ee93wNKeY=,B8ejPJrgeF3puuVjQRYO6Gudqhg=
-53,33,AxBp6Ce8WzIVnNYVe0ee93wNKeY=,B8ejPJrgeF3puuVjQRYO6Gudqhg=
-57,33,AxBp6Ce8WzIVnNYVe0ee93wNKeY=,9SPzd/BBimB16TyxJGJmVZ5dF1U=
-51,42,AxBp6Ce8WzIVnNYVe0ee93wNKeY=,rDbNWWSm9cPoUn41GDYPLINqyQM=
-49,39,AxBp6Ce8WzIVnNYVe0ee93wNKeY=,B8ejPJrgeF3puuVjQRYO6Gudqhg=
-52,32,AxBp6Ce8WzIVnNYVe0ee93wNKeY=,B8ejPJrgeF3puuVjQRYO6Gudqhg=
-51,32,AxBp6Ce8WzIVnNYVe0ee93wNKeY=,B8ejPJrgeF3puuVjQRYO6Gudqhg=
-55,38,AxBp6Ce8WzIVnNYVe0ee93wNKeY=,B8ejPJrgeF3puuVjQRYO6Gudqhg=
-53,37,AxBp6Ce8WzIVnNYVe0ee93wNKeY=,B8ejPJrgeF3puuVjQRYO6Gudqhg=
-50,42,AxBp6Ce8WzIVnNYVe0ee93wNKeY=,rDbNWWSm9cPoUn41GDYPLINqyQM=
-56,43,AxBp6Ce8WzIVnNYVe0ee93wNKeY=,rDbNWWSm9cPoUn41GDYPLINqyQM=
-51,43,AxBp6Ce8WzIVnNYVe0ee93wNKeY=,rDbNWWSm9cPoUn41GDYPLINqyQM=
-52,43,AxBp6Ce8WzIVnNYVe0ee93wNKeY=,rDbNWWSm9cPoUn41GDYPLINqyQM=
-52,37,AxBp6Ce8WzIVnNYVe0ee93wNKeY=,B8ejPJrgeF3puuVjQRYO6Gudqhg=
-57,45,AxBp6Ce8WzIVnNYVe0ee93wNKeY=,Ah4jo2WjBqEHHqcLnhODrXow8R4=
-57,37,AxBp6Ce8WzIVnNYVe0ee93wNKeY=,9SPzd/BBimB16TyxJGJmVZ5dF1U=
-53,43,AxBp6Ce8WzIVnNYVe0ee93wNKeY=,rDbNWWSm9cPoUn41GDYPLINqyQM=
-60,47,AxBp6Ce8WzIVnNYVe0ee93wNKeY=,Ah4jo2WjBqEHHqcLnhODrXow8R4=
-54,43,AxBp6Ce8WzIVnNYVe0ee93wNKeY=,rDbNWWSm9cPoUn41GDYPLINqyQM=
-61,32,AxBp6Ce8WzIVnNYVe0ee93wNKeY=,9SPzd/BBimB16TyxJGJmVZ5dF1U=
-55,43,AxBp6Ce8WzIVnNYVe0ee93wNKeY=,rDbNWWSm9cPoUn41GDYPLINqyQM=
-56,38,AxBp6Ce8WzIVnNYVe0ee93wNKeY=,B8ejPJrgeF3puuVjQRYO6Gudqhg=
-59,47,AxBp6Ce8WzIVnNYVe0ee93wNKeY=,Ah4jo2WjBqEHHqcLnhODrXow8R4=
-60,32,AxBp6Ce8WzIVnNYVe0ee93wNKeY=,9SPzd/BBimB16TyxJGJmVZ5dF1U=
-54,33,AxBp6Ce8WzIVnNYVe0ee93wNKeY=,B8ejPJrgeF3puuVjQRYO6Gudqhg=
-59,32,AxBp6Ce8WzIVnNYVe0ee93wNKeY=,9SPzd/BBimB16TyxJGJmVZ5dF1U=
-58,47,AxBp6Ce8WzIVnNYVe0ee93wNKeY=,Ah4jo2WjBqEHHqcLnhODrXow8R4=
-55,33,AxBp6Ce8WzIVnNYVe0ee93wNKeY=,B8ejPJrgeF3puuVjQRYO6Gudqhg=
-51,37,AxBp6Ce8WzIVnNYVe0ee93wNKeY=,B8ejPJrgeF3puuVjQRYO6Gudqhg=
-57,47,AxBp6Ce8WzIVnNYVe0ee93wNKeY=,Ah4jo2WjBqEHHqcLnhODrXow8R4=
-56,33,AxBp6Ce8WzIVnNYVe0ee93wNKeY=,B8ejPJrgeF3puuVjQRYO6Gudqhg=
-50,47,AxBp6Ce8WzIVnNYVe0ee93wNKeY=,rDbNWWSm9cPoUn41GDYPLINqyQM=
-63,47,AxBp6Ce8WzIVnNYVe0ee93wNKeY=,Ah4jo2WjBqEHHqcLnhODrXow8R4=
-58,32,AxBp6Ce8WzIVnNYVe0ee93wNKeY=,9SPzd/BBimB16TyxJGJmVZ5dF1U=
-51,47,AxBp6Ce8WzIVnNYVe0ee93wNKeY=,rDbNWWSm9cPoUn41GDYPLINqyQM=
-57,36,AxBp6Ce8WzIVnNYVe0ee93wNKeY=,9SPzd/BBimB16TyxJGJmVZ5dF1U=
-56,47,AxBp6Ce8WzIVnNYVe0ee93wNKeY=,rDbNWWSm9cPoUn41GDYPLINqyQM=
-62,32,AxBp6Ce8WzIVnNYVe0ee93wNKeY=,9SPzd/BBimB16TyxJGJmVZ5dF1U=
-52,47,AxBp6Ce8WzIVnNYVe0ee93wNKeY=,rDbNWWSm9cPoUn41GDYPLINqyQM=
-62,47,AxBp6Ce8WzIVnNYVe0ee93wNKeY=,Ah4jo2WjBqEHHqcLnhODrXow8R4=
-50,37,AxBp6Ce8WzIVnNYVe0ee93wNKeY=,B8ejPJrgeF3puuVjQRYO6Gudqhg=
-57,32,AxBp6Ce8WzIVnNYVe0ee93wNKeY=,9SPzd/BBimB16TyxJGJmVZ5dF1U=
-53,47,AxBp6Ce8WzIVnNYVe0ee93wNKeY=,rDbNWWSm9cPoUn41GDYPLINqyQM=
-55,47,AxBp6Ce8WzIVnNYVe0ee93wNKeY=,rDbNWWSm9cPoUn41GDYPLINqyQM=
-49,47,AxBp6Ce8WzIVnNYVe0ee93wNKeY=,rDbNWWSm9cPoUn41GDYPLINqyQM=
-61,47,AxBp6Ce8WzIVnNYVe0ee93wNKeY=,Ah4jo2WjBqEHHqcLnhODrXow8R4=
-56,32,AxBp6Ce8WzIVnNYVe0ee93wNKeY=,B8ejPJrgeF3puuVjQRYO6Gudqhg=
-49,32,AxBp6Ce8WzIVnNYVe0ee93wNKeY=,B8ejPJrgeF3puuVjQRYO6Gudqhg=
-54,47,AxBp6Ce8WzIVnNYVe0ee93wNKeY=,rDbNWWSm9cPoUn41GDYPLINqyQM=
-63,32,AxBp6Ce8WzIVnNYVe0ee93wNKeY=,9SPzd/BBimB16TyxJGJmVZ5dF1U=
-60,63,AxBp6Ce8WzIVnNYVe0ee93wNKeY=,tzrcWyxHvYUCTP/zvpOhxY9eVgg=
-52,51,hx25C5LCmUa0fRBVi0ukkasbpPo=,H5DGAeyFOedixmfB+Xi5oHTVU4M=
-50,51,rJXzv0bEzBewcEsur40Nk9PzzBA=,H5DGAeyFOedixmfB+Xi5oHTVU4M=
-51,51,rJXzv0bEzBewcEsur40Nk9PzzBA=,H5DGAeyFOedixmfB+Xi5oHTVU4M=
-54,52,rJXzv0bEzBewcEsur40Nk9PzzBA=,H5DGAeyFOedixmfB+Xi5oHTVU4M=
-53,52,rJXzv0bEzBewcEsur40Nk9PzzBA=,H5DGAeyFOedixmfB+Xi5oHTVU4M=
-55,52,rJXzv0bEzBewcEsur40Nk9PzzBA=,H5DGAeyFOedixmfB+Xi5oHTVU4M=
-52,52,rJXzv0bEzBewcEsur40Nk9PzzBA=,H5DGAeyFOedixmfB+Xi5oHTVU4M=
-60,49,rJXzv0bEzBewcEsur40Nk9PzzBA=,IhZcZUNF+iyGQz0BVu7QRItMR+Y=
-61,63,rJXzv0bEzBewcEsur40Nk9PzzBA=,tzrcWyxHvYUCTP/zvpOhxY9eVgg=
-51,52,rJXzv0bEzBewcEsur40Nk9PzzBA=,H5DGAeyFOedixmfB+Xi5oHTVU4M=
-59,49,rJXzv0bEzBewcEsur40Nk9PzzBA=,IhZcZUNF+iyGQz0BVu7QRItMR+Y=
-50,52,rJXzv0bEzBewcEsur40Nk9PzzBA=,H5DGAeyFOedixmfB+Xi5oHTVU4M=
-58,49,rJXzv0bEzBewcEsur40Nk9PzzBA=,IhZcZUNF+iyGQz0BVu7QRItMR+Y=
-55,53,rJXzv0bEzBewcEsur40Nk9PzzBA=,H5DGAeyFOedixmfB+Xi5oHTVU4M=
-62,63,rJXzv0bEzBewcEsur40Nk9PzzBA=,tzrcWyxHvYUCTP/zvpOhxY9eVgg=
-53,51,rJXzv0bEzBewcEsur40Nk9PzzBA=,H5DGAeyFOedixmfB+Xi5oHTVU4M=
-61,54,rJXzv0bEzBewcEsur40Nk9PzzBA=,IhZcZUNF+iyGQz0BVu7QRItMR+Y=
-54,53,rJXzv0bEzBewcEsur40Nk9PzzBA=,H5DGAeyFOedixmfB+Xi5oHTVU4M=
-53,53,rJXzv0bEzBewcEsur40Nk9PzzBA=,H5DGAeyFOedixmfB+Xi5oHTVU4M=
-56,52,rJXzv0bEzBewcEsur40Nk9PzzBA=,H5DGAeyFOedixmfB+Xi5oHTVU4M=
-54,51,rJXzv0bEzBewcEsur40Nk9PzzBA=,H5DGAeyFOedixmfB+Xi5oHTVU4M=
-61,52,rJXzv0bEzBewcEsur40Nk9PzzBA=,IhZcZUNF+iyGQz0BVu7QRItMR+Y=
-55,51,rJXzv0bEzBewcEsur40Nk9PzzBA=,H5DGAeyFOedixmfB+Xi5oHTVU4M=
-52,53,rJXzv0bEzBewcEsur40Nk9PzzBA=,H5DGAeyFOedixmfB+Xi5oHTVU4M=
-60,54,rJXzv0bEzBewcEsur40Nk9PzzBA=,IhZcZUNF+iyGQz0BVu7QRItMR+Y=
-50,50,rJXzv0bEzBewcEsur40Nk9PzzBA=,H5DGAeyFOedixmfB+Xi5oHTVU4M=
-60,52,rJXzv0bEzBewcEsur40Nk9PzzBA=,IhZcZUNF+iyGQz0BVu7QRItMR+Y=
-51,53,rJXzv0bEzBewcEsur40Nk9PzzBA=,H5DGAeyFOedixmfB+Xi5oHTVU4M=
-51,50,rJXzv0bEzBewcEsur40Nk9PzzBA=,H5DGAeyFOedixmfB+Xi5oHTVU4M=
-50,53,rJXzv0bEzBewcEsur40Nk9PzzBA=,H5DGAeyFOedixmfB+Xi5oHTVU4M=
-59,54,rJXzv0bEzBewcEsur40Nk9PzzBA=,IhZcZUNF+iyGQz0BVu7QRItMR+Y=
-58,54,rJXzv0bEzBewcEsur40Nk9PzzBA=,IhZcZUNF+iyGQz0BVu7QRItMR+Y=
-52,50,rJXzv0bEzBewcEsur40Nk9PzzBA=,H5DGAeyFOedixmfB+Xi5oHTVU4M=
-55,54,rJXzv0bEzBewcEsur40Nk9PzzBA=,H5DGAeyFOedixmfB+Xi5oHTVU4M=
-57,54,rJXzv0bEzBewcEsur40Nk9PzzBA=,IhZcZUNF+iyGQz0BVu7QRItMR+Y=
-54,54,rJXzv0bEzBewcEsur40Nk9PzzBA=,H5DGAeyFOedixmfB+Xi5oHTVU4M=
-63,63,rJXzv0bEzBewcEsur40Nk9PzzBA=,tzrcWyxHvYUCTP/zvpOhxY9eVgg=
-61,50,rJXzv0bEzBewcEsur40Nk9PzzBA=,IhZcZUNF+iyGQz0BVu7QRItMR+Y=
-53,54,rJXzv0bEzBewcEsur40Nk9PzzBA=,H5DGAeyFOedixmfB+Xi5oHTVU4M=
-60,50,rJXzv0bEzBewcEsur40Nk9PzzBA=,IhZcZUNF+iyGQz0BVu7QRItMR+Y=
-52,54,rJXzv0bEzBewcEsur40Nk9PzzBA=,H5DGAeyFOedixmfB+Xi5oHTVU4M=
-63,55,rJXzv0bEzBewcEsur40Nk9PzzBA=,IhZcZUNF+iyGQz0BVu7QRItMR+Y=
-53,50,rJXzv0bEzBewcEsur40Nk9PzzBA=,H5DGAeyFOedixmfB+Xi5oHTVU4M=
-51,54,rJXzv0bEzBewcEsur40Nk9PzzBA=,H5DGAeyFOedixmfB+Xi5oHTVU4M=
-54,50,rJXzv0bEzBewcEsur40Nk9PzzBA=,H5DGAeyFOedixmfB+Xi5oHTVU4M=
-55,50,rJXzv0bEzBewcEsur40Nk9PzzBA=,H5DGAeyFOedixmfB+Xi5oHTVU4M=
-58,62,rJXzv0bEzBewcEsur40Nk9PzzBA=,tzrcWyxHvYUCTP/zvpOhxY9eVgg=
-62,55,rJXzv0bEzBewcEsur40Nk9PzzBA=,IhZcZUNF+iyGQz0BVu7QRItMR+Y=
-52,61,rJXzv0bEzBewcEsur40Nk9PzzBA=,MBPaIZlpQn5sXUuWeqLxju86z+o=
-59,62,rJXzv0bEzBewcEsur40Nk9PzzBA=,tzrcWyxHvYUCTP/zvpOhxY9eVgg=
-50,54,rJXzv0bEzBewcEsur40Nk9PzzBA=,H5DGAeyFOedixmfB+Xi5oHTVU4M=
-50,49,rJXzv0bEzBewcEsur40Nk9PzzBA=,H5DGAeyFOedixmfB+Xi5oHTVU4M=
-51,49,rJXzv0bEzBewcEsur40Nk9PzzBA=,H5DGAeyFOedixmfB+Xi5oHTVU4M=
-61,55,rJXzv0bEzBewcEsur40Nk9PzzBA=,IhZcZUNF+iyGQz0BVu7QRItMR+Y=
-52,49,rJXzv0bEzBewcEsur40Nk9PzzBA=,H5DGAeyFOedixmfB+Xi5oHTVU4M=
-51,61,rJXzv0bEzBewcEsur40Nk9PzzBA=,MBPaIZlpQn5sXUuWeqLxju86z+o=
-55,49,rJXzv0bEzBewcEsur40Nk9PzzBA=,H5DGAeyFOedixmfB+Xi5oHTVU4M=
-53,49,rJXzv0bEzBewcEsur40Nk9PzzBA=,H5DGAeyFOedixmfB+Xi5oHTVU4M=
-61,53,rJXzv0bEzBewcEsur40Nk9PzzBA=,IhZcZUNF+iyGQz0BVu7QRItMR+Y=
-56,51,rJXzv0bEzBewcEsur40Nk9PzzBA=,H5DGAeyFOedixmfB+Xi5oHTVU4M=
-60,55,rJXzv0bEzBewcEsur40Nk9PzzBA=,IhZcZUNF+iyGQz0BVu7QRItMR+Y=
-50,61,rJXzv0bEzBewcEsur40Nk9PzzBA=,MBPaIZlpQn5sXUuWeqLxju86z+o=
-62,54,rJXzv0bEzBewcEsur40Nk9PzzBA=,IhZcZUNF+iyGQz0BVu7QRItMR+Y=
-54,49,rJXzv0bEzBewcEsur40Nk9PzzBA=,H5DGAeyFOedixmfB+Xi5oHTVU4M=
-57,63,rJXzv0bEzBewcEsur40Nk9PzzBA=,tzrcWyxHvYUCTP/zvpOhxY9eVgg=
-60,62,rJXzv0bEzBewcEsur40Nk9PzzBA=,tzrcWyxHvYUCTP/zvpOhxY9eVgg=
-53,61,rJXzv0bEzBewcEsur40Nk9PzzBA=,MBPaIZlpQn5sXUuWeqLxju86z+o=
-59,55,rJXzv0bEzBewcEsur40Nk9PzzBA=,IhZcZUNF+iyGQz0BVu7QRItMR+Y=
-56,56,rJXzv0bEzBewcEsur40Nk9PzzBA=,MBPaIZlpQn5sXUuWeqLxju86z+o=
-61,62,rJXzv0bEzBewcEsur40Nk9PzzBA=,tzrcWyxHvYUCTP/zvpOhxY9eVgg=
-62,62,rJXzv0bEzBewcEsur40Nk9PzzBA=,tzrcWyxHvYUCTP/zvpOhxY9eVgg=
-58,55,rJXzv0bEzBewcEsur40Nk9PzzBA=,IhZcZUNF+iyGQz0BVu7QRItMR+Y=
-55,56,rJXzv0bEzBewcEsur40Nk9PzzBA=,MBPaIZlpQn5sXUuWeqLxju86z+o=
-59,50,rJXzv0bEzBewcEsur40Nk9PzzBA=,IhZcZUNF+iyGQz0BVu7QRItMR+Y=
-63,50,rJXzv0bEzBewcEsur40Nk9PzzBA=,IhZcZUNF+iyGQz0BVu7QRItMR+Y=
-63,62,rJXzv0bEzBewcEsur40Nk9PzzBA=,tzrcWyxHvYUCTP/zvpOhxY9eVgg=
-58,61,rJXzv0bEzBewcEsur40Nk9PzzBA=,tzrcWyxHvYUCTP/zvpOhxY9eVgg=
-54,56,rJXzv0bEzBewcEsur40Nk9PzzBA=,MBPaIZlpQn5sXUuWeqLxju86z+o=
-62,50,rJXzv0bEzBewcEsur40Nk9PzzBA=,IhZcZUNF+iyGQz0BVu7QRItMR+Y=
-58,50,rJXzv0bEzBewcEsur40Nk9PzzBA=,IhZcZUNF+iyGQz0BVu7QRItMR+Y=
-57,49,rJXzv0bEzBewcEsur40Nk9PzzBA=,IhZcZUNF+iyGQz0BVu7QRItMR+Y=
-63,54,rJXzv0bEzBewcEsur40Nk9PzzBA=,IhZcZUNF+iyGQz0BVu7QRItMR+Y=
-53,56,rJXzv0bEzBewcEsur40Nk9PzzBA=,MBPaIZlpQn5sXUuWeqLxju86z+o=
-59,61,rJXzv0bEzBewcEsur40Nk9PzzBA=,tzrcWyxHvYUCTP/zvpOhxY9eVgg=
-62,53,rJXzv0bEzBewcEsur40Nk9PzzBA=,IhZcZUNF+iyGQz0BVu7QRItMR+Y=
-60,61,rJXzv0bEzBewcEsur40Nk9PzzBA=,tzrcWyxHvYUCTP/zvpOhxY9eVgg=
-57,50,rJXzv0bEzBewcEsur40Nk9PzzBA=,IhZcZUNF+iyGQz0BVu7QRItMR+Y=
-52,56,rJXzv0bEzBewcEsur40Nk9PzzBA=,MBPaIZlpQn5sXUuWeqLxju86z+o=
-63,53,rJXzv0bEzBewcEsur40Nk9PzzBA=,IhZcZUNF+iyGQz0BVu7QRItMR+Y=
-56,50,rJXzv0bEzBewcEsur40Nk9PzzBA=,H5DGAeyFOedixmfB+Xi5oHTVU4M=
-49,51,rJXzv0bEzBewcEsur40Nk9PzzBA=,H5DGAeyFOedixmfB+Xi5oHTVU4M=
-51,56,rJXzv0bEzBewcEsur40Nk9PzzBA=,MBPaIZlpQn5sXUuWeqLxju86z+o=
-59,52,rJXzv0bEzBewcEsur40Nk9PzzBA=,IhZcZUNF+iyGQz0BVu7QRItMR+Y=
-57,53,rJXzv0bEzBewcEsur40Nk9PzzBA=,IhZcZUNF+iyGQz0BVu7QRItMR+Y=
-62,61,rJXzv0bEzBewcEsur40Nk9PzzBA=,tzrcWyxHvYUCTP/zvpOhxY9eVgg=
-56,49,rJXzv0bEzBewcEsur40Nk9PzzBA=,H5DGAeyFOedixmfB+Xi5oHTVU4M=
-49,52,rJXzv0bEzBewcEsur40Nk9PzzBA=,H5DGAeyFOedixmfB+Xi5oHTVU4M=
-50,56,rJXzv0bEzBewcEsur40Nk9PzzBA=,MBPaIZlpQn5sXUuWeqLxju86z+o=
-61,61,rJXzv0bEzBewcEsur40Nk9PzzBA=,tzrcWyxHvYUCTP/zvpOhxY9eVgg=
-63,56,rJXzv0bEzBewcEsur40Nk9PzzBA=,tzrcWyxHvYUCTP/zvpOhxY9eVgg=
-58,53,rJXzv0bEzBewcEsur40Nk9PzzBA=,IhZcZUNF+iyGQz0BVu7QRItMR+Y=
-63,61,rJXzv0bEzBewcEsur40Nk9PzzBA=,tzrcWyxHvYUCTP/zvpOhxY9eVgg=
-57,52,rJXzv0bEzBewcEsur40Nk9PzzBA=,IhZcZUNF+iyGQz0BVu7QRItMR+Y=
-49,53,rJXzv0bEzBewcEsur40Nk9PzzBA=,H5DGAeyFOedixmfB+Xi5oHTVU4M=
-60,53,rJXzv0bEzBewcEsur40Nk9PzzBA=,IhZcZUNF+iyGQz0BVu7QRItMR+Y=
-62,52,rJXzv0bEzBewcEsur40Nk9PzzBA=,IhZcZUNF+iyGQz0BVu7QRItMR+Y=
-58,60,rJXzv0bEzBewcEsur40Nk9PzzBA=,tzrcWyxHvYUCTP/zvpOhxY9eVgg=
-59,60,rJXzv0bEzBewcEsur40Nk9PzzBA=,tzrcWyxHvYUCTP/zvpOhxY9eVgg=
-49,54,rJXzv0bEzBewcEsur40Nk9PzzBA=,H5DGAeyFOedixmfB+Xi5oHTVU4M=
-56,57,rJXzv0bEzBewcEsur40Nk9PzzBA=,MBPaIZlpQn5sXUuWeqLxju86z+o=
-60,60,rJXzv0bEzBewcEsur40Nk9PzzBA=,tzrcWyxHvYUCTP/zvpOhxY9eVgg=
-56,53,rJXzv0bEzBewcEsur40Nk9PzzBA=,H5DGAeyFOedixmfB+Xi5oHTVU4M=
-63,52,rJXzv0bEzBewcEsur40Nk9PzzBA=,IhZcZUNF+iyGQz0BVu7QRItMR+Y=
-61,60,rJXzv0bEzBewcEsur40Nk9PzzBA=,tzrcWyxHvYUCTP/zvpOhxY9eVgg=
-49,49,rJXzv0bEzBewcEsur40Nk9PzzBA=,H5DGAeyFOedixmfB+Xi5oHTVU4M=
-62,56,rJXzv0bEzBewcEsur40Nk9PzzBA=,tzrcWyxHvYUCTP/zvpOhxY9eVgg=
-55,57,rJXzv0bEzBewcEsur40Nk9PzzBA=,MBPaIZlpQn5sXUuWeqLxju86z+o=
-49,50,rJXzv0bEzBewcEsur40Nk9PzzBA=,H5DGAeyFOedixmfB+Xi5oHTVU4M=
-54,57,rJXzv0bEzBewcEsur40Nk9PzzBA=,MBPaIZlpQn5sXUuWeqLxju86z+o=
-57,51,rJXzv0bEzBewcEsur40Nk9PzzBA=,IhZcZUNF+iyGQz0BVu7QRItMR+Y=
-61,56,rJXzv0bEzBewcEsur40Nk9PzzBA=,tzrcWyxHvYUCTP/zvpOhxY9eVgg=
-61,51,rJXzv0bEzBewcEsur40Nk9PzzBA=,IhZcZUNF+iyGQz0BVu7QRItMR+Y=
-53,57,rJXzv0bEzBewcEsur40Nk9PzzBA=,MBPaIZlpQn5sXUuWeqLxju86z+o=
-58,51,rJXzv0bEzBewcEsur40Nk9PzzBA=,IhZcZUNF+iyGQz0BVu7QRItMR+Y=
-62,60,rJXzv0bEzBewcEsur40Nk9PzzBA=,tzrcWyxHvYUCTP/zvpOhxY9eVgg=
-49,61,rJXzv0bEzBewcEsur40Nk9PzzBA=,MBPaIZlpQn5sXUuWeqLxju86z+o=
-59,51,rJXzv0bEzBewcEsur40Nk9PzzBA=,IhZcZUNF+iyGQz0BVu7QRItMR+Y=
-60,56,rJXzv0bEzBewcEsur40Nk9PzzBA=,tzrcWyxHvYUCTP/zvpOhxY9eVgg=
-52,57,rJXzv0bEzBewcEsur40Nk9PzzBA=,MBPaIZlpQn5sXUuWeqLxju86z+o=
-59,53,rJXzv0bEzBewcEsur40Nk9PzzBA=,IhZcZUNF+iyGQz0BVu7QRItMR+Y=
-60,51,rJXzv0bEzBewcEsur40Nk9PzzBA=,IhZcZUNF+iyGQz0BVu7QRItMR+Y=
-62,51,rJXzv0bEzBewcEsur40Nk9PzzBA=,IhZcZUNF+iyGQz0BVu7QRItMR+Y=
-49,56,rJXzv0bEzBewcEsur40Nk9PzzBA=,MBPaIZlpQn5sXUuWeqLxju86z+o=
-63,60,rJXzv0bEzBewcEsur40Nk9PzzBA=,tzrcWyxHvYUCTP/zvpOhxY9eVgg=
-59,56,rJXzv0bEzBewcEsur40Nk9PzzBA=,tzrcWyxHvYUCTP/zvpOhxY9eVgg=
-57,55,rJXzv0bEzBewcEsur40Nk9PzzBA=,IhZcZUNF+iyGQz0BVu7QRItMR+Y=
-58,52,rJXzv0bEzBewcEsur40Nk9PzzBA=,IhZcZUNF+iyGQz0BVu7QRItMR+Y=
-58,59,rJXzv0bEzBewcEsur40Nk9PzzBA=,tzrcWyxHvYUCTP/zvpOhxY9eVgg=
-56,54,rJXzv0bEzBewcEsur40Nk9PzzBA=,H5DGAeyFOedixmfB+Xi5oHTVU4M=
-49,57,rJXzv0bEzBewcEsur40Nk9PzzBA=,MBPaIZlpQn5sXUuWeqLxju86z+o=
-50,55,rJXzv0bEzBewcEsur40Nk9PzzBA=,H5DGAeyFOedixmfB+Xi5oHTVU4M=
-63,49,rJXzv0bEzBewcEsur40Nk9PzzBA=,IhZcZUNF+iyGQz0BVu7QRItMR+Y=
-51,57,rJXzv0bEzBewcEsur40Nk9PzzBA=,MBPaIZlpQn5sXUuWeqLxju86z+o=
-63,51,rJXzv0bEzBewcEsur40Nk9PzzBA=,IhZcZUNF+iyGQz0BVu7QRItMR+Y=
-49,62,rJXzv0bEzBewcEsur40Nk9PzzBA=,MBPaIZlpQn5sXUuWeqLxju86z+o=
-61,49,rJXzv0bEzBewcEsur40Nk9PzzBA=,IhZcZUNF+iyGQz0BVu7QRItMR+Y=
-59,59,rJXzv0bEzBewcEsur40Nk9PzzBA=,tzrcWyxHvYUCTP/zvpOhxY9eVgg=
-62,49,rJXzv0bEzBewcEsur40Nk9PzzBA=,IhZcZUNF+iyGQz0BVu7QRItMR+Y=
-58,56,rJXzv0bEzBewcEsur40Nk9PzzBA=,tzrcWyxHvYUCTP/zvpOhxY9eVgg=
-49,63,rJXzv0bEzBewcEsur40Nk9PzzBA=,MBPaIZlpQn5sXUuWeqLxju86z+o=
-56,62,rJXzv0bEzBewcEsur40Nk9PzzBA=,MBPaIZlpQn5sXUuWeqLxju86z+o=
-60,59,rJXzv0bEzBewcEsur40Nk9PzzBA=,tzrcWyxHvYUCTP/zvpOhxY9eVgg=
-61,59,rJXzv0bEzBewcEsur40Nk9PzzBA=,tzrcWyxHvYUCTP/zvpOhxY9eVgg=
-49,58,rJXzv0bEzBewcEsur40Nk9PzzBA=,MBPaIZlpQn5sXUuWeqLxju86z+o=
-55,62,rJXzv0bEzBewcEsur40Nk9PzzBA=,MBPaIZlpQn5sXUuWeqLxju86z+o=
-51,55,rJXzv0bEzBewcEsur40Nk9PzzBA=,H5DGAeyFOedixmfB+Xi5oHTVU4M=
-54,61,rJXzv0bEzBewcEsur40Nk9PzzBA=,MBPaIZlpQn5sXUuWeqLxju86z+o=
-62,59,rJXzv0bEzBewcEsur40Nk9PzzBA=,tzrcWyxHvYUCTP/zvpOhxY9eVgg=
-55,61,rJXzv0bEzBewcEsur40Nk9PzzBA=,MBPaIZlpQn5sXUuWeqLxju86z+o=
-55,48,rJXzv0bEzBewcEsur40Nk9PzzBA=,H5DGAeyFOedixmfB+Xi5oHTVU4M=
-49,59,rJXzv0bEzBewcEsur40Nk9PzzBA=,MBPaIZlpQn5sXUuWeqLxju86z+o=
-54,62,rJXzv0bEzBewcEsur40Nk9PzzBA=,MBPaIZlpQn5sXUuWeqLxju86z+o=
-50,48,rJXzv0bEzBewcEsur40Nk9PzzBA=,H5DGAeyFOedixmfB+Xi5oHTVU4M=
-58,58,rJXzv0bEzBewcEsur40Nk9PzzBA=,tzrcWyxHvYUCTP/zvpOhxY9eVgg=
-63,59,rJXzv0bEzBewcEsur40Nk9PzzBA=,tzrcWyxHvYUCTP/zvpOhxY9eVgg=
-52,55,rJXzv0bEzBewcEsur40Nk9PzzBA=,H5DGAeyFOedixmfB+Xi5oHTVU4M=
-54,48,rJXzv0bEzBewcEsur40Nk9PzzBA=,H5DGAeyFOedixmfB+Xi5oHTVU4M=
-49,60,rJXzv0bEzBewcEsur40Nk9PzzBA=,MBPaIZlpQn5sXUuWeqLxju86z+o=
-53,62,rJXzv0bEzBewcEsur40Nk9PzzBA=,MBPaIZlpQn5sXUuWeqLxju86z+o=
-59,58,rJXzv0bEzBewcEsur40Nk9PzzBA=,tzrcWyxHvYUCTP/zvpOhxY9eVgg=
-51,48,rJXzv0bEzBewcEsur40Nk9PzzBA=,H5DGAeyFOedixmfB+Xi5oHTVU4M=
-56,61,rJXzv0bEzBewcEsur40Nk9PzzBA=,MBPaIZlpQn5sXUuWeqLxju86z+o=
-53,55,rJXzv0bEzBewcEsur40Nk9PzzBA=,H5DGAeyFOedixmfB+Xi5oHTVU4M=
-49,55,rJXzv0bEzBewcEsur40Nk9PzzBA=,H5DGAeyFOedixmfB+Xi5oHTVU4M=
-53,48,rJXzv0bEzBewcEsur40Nk9PzzBA=,H5DGAeyFOedixmfB+Xi5oHTVU4M=
-52,62,rJXzv0bEzBewcEsur40Nk9PzzBA=,MBPaIZlpQn5sXUuWeqLxju86z+o=
-50,60,rJXzv0bEzBewcEsur40Nk9PzzBA=,MBPaIZlpQn5sXUuWeqLxju86z+o=
-52,48,rJXzv0bEzBewcEsur40Nk9PzzBA=,H5DGAeyFOedixmfB+Xi5oHTVU4M=
-50,57,rJXzv0bEzBewcEsur40Nk9PzzBA=,MBPaIZlpQn5sXUuWeqLxju86z+o=
-49,48,rJXzv0bEzBewcEsur40Nk9PzzBA=,H5DGAeyFOedixmfB+Xi5oHTVU4M=
-61,58,rJXzv0bEzBewcEsur40Nk9PzzBA=,tzrcWyxHvYUCTP/zvpOhxY9eVgg=
-60,58,rJXzv0bEzBewcEsur40Nk9PzzBA=,tzrcWyxHvYUCTP/zvpOhxY9eVgg=
-62,58,rJXzv0bEzBewcEsur40Nk9PzzBA=,tzrcWyxHvYUCTP/zvpOhxY9eVgg=
-57,56,rJXzv0bEzBewcEsur40Nk9PzzBA=,tzrcWyxHvYUCTP/zvpOhxY9eVgg=
-51,60,rJXzv0bEzBewcEsur40Nk9PzzBA=,MBPaIZlpQn5sXUuWeqLxju86z+o=
-52,60,rJXzv0bEzBewcEsur40Nk9PzzBA=,MBPaIZlpQn5sXUuWeqLxju86z+o=
-63,58,rJXzv0bEzBewcEsur40Nk9PzzBA=,tzrcWyxHvYUCTP/zvpOhxY9eVgg=
-61,48,rJXzv0bEzBewcEsur40Nk9PzzBA=,IhZcZUNF+iyGQz0BVu7QRItMR+Y=
-63,48,rJXzv0bEzBewcEsur40Nk9PzzBA=,IhZcZUNF+iyGQz0BVu7QRItMR+Y=
-59,57,rJXzv0bEzBewcEsur40Nk9PzzBA=,tzrcWyxHvYUCTP/zvpOhxY9eVgg=
-51,62,rJXzv0bEzBewcEsur40Nk9PzzBA=,MBPaIZlpQn5sXUuWeqLxju86z+o=
-58,57,rJXzv0bEzBewcEsur40Nk9PzzBA=,tzrcWyxHvYUCTP/zvpOhxY9eVgg=
-60,48,rJXzv0bEzBewcEsur40Nk9PzzBA=,IhZcZUNF+iyGQz0BVu7QRItMR+Y=
-54,55,rJXzv0bEzBewcEsur40Nk9PzzBA=,H5DGAeyFOedixmfB+Xi5oHTVU4M=
-56,48,rJXzv0bEzBewcEsur40Nk9PzzBA=,H5DGAeyFOedixmfB+Xi5oHTVU4M=
-60,57,rJXzv0bEzBewcEsur40Nk9PzzBA=,tzrcWyxHvYUCTP/zvpOhxY9eVgg=
-62,48,rJXzv0bEzBewcEsur40Nk9PzzBA=,IhZcZUNF+iyGQz0BVu7QRItMR+Y=
-59,48,rJXzv0bEzBewcEsur40Nk9PzzBA=,IhZcZUNF+iyGQz0BVu7QRItMR+Y=
-50,62,rJXzv0bEzBewcEsur40Nk9PzzBA=,MBPaIZlpQn5sXUuWeqLxju86z+o=
-61,57,rJXzv0bEzBewcEsur40Nk9PzzBA=,tzrcWyxHvYUCTP/zvpOhxY9eVgg=
-57,48,rJXzv0bEzBewcEsur40Nk9PzzBA=,IhZcZUNF+iyGQz0BVu7QRItMR+Y=
-58,48,rJXzv0bEzBewcEsur40Nk9PzzBA=,IhZcZUNF+iyGQz0BVu7QRItMR+Y=
-55,55,rJXzv0bEzBewcEsur40Nk9PzzBA=,H5DGAeyFOedixmfB+Xi5oHTVU4M=
-54,60,rJXzv0bEzBewcEsur40Nk9PzzBA=,MBPaIZlpQn5sXUuWeqLxju86z+o=
-53,60,rJXzv0bEzBewcEsur40Nk9PzzBA=,MBPaIZlpQn5sXUuWeqLxju86z+o=
-56,58,rJXzv0bEzBewcEsur40Nk9PzzBA=,MBPaIZlpQn5sXUuWeqLxju86z+o=
-55,60,rJXzv0bEzBewcEsur40Nk9PzzBA=,MBPaIZlpQn5sXUuWeqLxju86z+o=
-56,60,rJXzv0bEzBewcEsur40Nk9PzzBA=,MBPaIZlpQn5sXUuWeqLxju86z+o=
-62,57,rJXzv0bEzBewcEsur40Nk9PzzBA=,tzrcWyxHvYUCTP/zvpOhxY9eVgg=
-57,62,rJXzv0bEzBewcEsur40Nk9PzzBA=,tzrcWyxHvYUCTP/zvpOhxY9eVgg=
-58,63,rJXzv0bEzBewcEsur40Nk9PzzBA=,tzrcWyxHvYUCTP/zvpOhxY9eVgg=
-50,59,rJXzv0bEzBewcEsur40Nk9PzzBA=,MBPaIZlpQn5sXUuWeqLxju86z+o=
-51,59,rJXzv0bEzBewcEsur40Nk9PzzBA=,MBPaIZlpQn5sXUuWeqLxju86z+o=
-59,63,rJXzv0bEzBewcEsur40Nk9PzzBA=,tzrcWyxHvYUCTP/zvpOhxY9eVgg=
-63,57,rJXzv0bEzBewcEsur40Nk9PzzBA=,tzrcWyxHvYUCTP/zvpOhxY9eVgg=
-57,57,rJXzv0bEzBewcEsur40Nk9PzzBA=,tzrcWyxHvYUCTP/zvpOhxY9eVgg=
-52,59,rJXzv0bEzBewcEsur40Nk9PzzBA=,MBPaIZlpQn5sXUuWeqLxju86z+o=
-53,59,rJXzv0bEzBewcEsur40Nk9PzzBA=,MBPaIZlpQn5sXUuWeqLxju86z+o=
-56,63,rJXzv0bEzBewcEsur40Nk9PzzBA=,MBPaIZlpQn5sXUuWeqLxju86z+o=
-54,59,rJXzv0bEzBewcEsur40Nk9PzzBA=,MBPaIZlpQn5sXUuWeqLxju86z+o=
-55,63,rJXzv0bEzBewcEsur40Nk9PzzBA=,MBPaIZlpQn5sXUuWeqLxju86z+o=
-55,59,rJXzv0bEzBewcEsur40Nk9PzzBA=,MBPaIZlpQn5sXUuWeqLxju86z+o=
-56,59,rJXzv0bEzBewcEsur40Nk9PzzBA=,MBPaIZlpQn5sXUuWeqLxju86z+o=
-56,55,rJXzv0bEzBewcEsur40Nk9PzzBA=,H5DGAeyFOedixmfB+Xi5oHTVU4M=
-57,61,rJXzv0bEzBewcEsur40Nk9PzzBA=,tzrcWyxHvYUCTP/zvpOhxY9eVgg=
-54,63,rJXzv0bEzBewcEsur40Nk9PzzBA=,MBPaIZlpQn5sXUuWeqLxju86z+o=
-53,63,rJXzv0bEzBewcEsur40Nk9PzzBA=,MBPaIZlpQn5sXUuWeqLxju86z+o=
-50,58,rJXzv0bEzBewcEsur40Nk9PzzBA=,MBPaIZlpQn5sXUuWeqLxju86z+o=
-50,63,rJXzv0bEzBewcEsur40Nk9PzzBA=,MBPaIZlpQn5sXUuWeqLxju86z+o=
-51,58,rJXzv0bEzBewcEsur40Nk9PzzBA=,MBPaIZlpQn5sXUuWeqLxju86z+o=
-57,60,rJXzv0bEzBewcEsur40Nk9PzzBA=,tzrcWyxHvYUCTP/zvpOhxY9eVgg=
-51,63,rJXzv0bEzBewcEsur40Nk9PzzBA=,MBPaIZlpQn5sXUuWeqLxju86z+o=
-53,58,rJXzv0bEzBewcEsur40Nk9PzzBA=,MBPaIZlpQn5sXUuWeqLxju86z+o=
-52,58,rJXzv0bEzBewcEsur40Nk9PzzBA=,MBPaIZlpQn5sXUuWeqLxju86z+o=
-52,63,rJXzv0bEzBewcEsur40Nk9PzzBA=,MBPaIZlpQn5sXUuWeqLxju86z+o=
-57,58,rJXzv0bEzBewcEsur40Nk9PzzBA=,tzrcWyxHvYUCTP/zvpOhxY9eVgg=
-57,59,rJXzv0bEzBewcEsur40Nk9PzzBA=,tzrcWyxHvYUCTP/zvpOhxY9eVgg=
-55,58,rJXzv0bEzBewcEsur40Nk9PzzBA=,MBPaIZlpQn5sXUuWeqLxju86z+o=
-54,58,rJXzv0bEzBewcEsur40Nk9PzzBA=,MBPaIZlpQn5sXUuWeqLxju86z+o=
-37,51,Cm4h8wZp4Ml2ksW6AoMp0rm64Qw=,VzF2uZJLd78MYjft6g9ffQa4HrE=
-36,51,Cm4h8wZp4Ml2ksW6AoMp0rm64Qw=,VzF2uZJLd78MYjft6g9ffQa4HrE=
-38,51,Cm4h8wZp4Ml2ksW6AoMp0rm64Qw=,VzF2uZJLd78MYjft6g9ffQa4HrE=
-43,63,Cm4h8wZp4Ml2ksW6AoMp0rm64Qw=,K0l5fTvWakTtavSdf4yg5In3gpw=
-42,63,Cm4h8wZp4Ml2ksW6AoMp0rm64Qw=,K0l5fTvWakTtavSdf4yg5In3gpw=
-44,63,Cm4h8wZp4Ml2ksW6AoMp0rm64Qw=,K0l5fTvWakTtavSdf4yg5In3gpw=
-47,57,Cm4h8wZp4Ml2ksW6AoMp0rm64Qw=,K0l5fTvWakTtavSdf4yg5In3gpw=
-39,51,Cm4h8wZp4Ml2ksW6AoMp0rm64Qw=,VzF2uZJLd78MYjft6g9ffQa4HrE=
-45,57,Cm4h8wZp4Ml2ksW6AoMp0rm64Qw=,K0l5fTvWakTtavSdf4yg5In3gpw=
-46,57,Cm4h8wZp4Ml2ksW6AoMp0rm64Qw=,K0l5fTvWakTtavSdf4yg5In3gpw=
-45,63,Cm4h8wZp4Ml2ksW6AoMp0rm64Qw=,K0l5fTvWakTtavSdf4yg5In3gpw=
-47,63,Cm4h8wZp4Ml2ksW6AoMp0rm64Qw=,K0l5fTvWakTtavSdf4yg5In3gpw=
-46,63,Cm4h8wZp4Ml2ksW6AoMp0rm64Qw=,K0l5fTvWakTtavSdf4yg5In3gpw=
-42,62,Cm4h8wZp4Ml2ksW6AoMp0rm64Qw=,K0l5fTvWakTtavSdf4yg5In3gpw=
-34,50,Cm4h8wZp4Ml2ksW6AoMp0rm64Qw=,VzF2uZJLd78MYjft6g9ffQa4HrE=
-43,62,Cm4h8wZp4Ml2ksW6AoMp0rm64Qw=,K0l5fTvWakTtavSdf4yg5In3gpw=
-44,57,Cm4h8wZp4Ml2ksW6AoMp0rm64Qw=,K0l5fTvWakTtavSdf4yg5In3gpw=
-36,50,Cm4h8wZp4Ml2ksW6AoMp0rm64Qw=,VzF2uZJLd78MYjft6g9ffQa4HrE=
-35,50,Cm4h8wZp4Ml2ksW6AoMp0rm64Qw=,VzF2uZJLd78MYjft6g9ffQa4HrE=
-43,57,Cm4h8wZp4Ml2ksW6AoMp0rm64Qw=,K0l5fTvWakTtavSdf4yg5In3gpw=
-36,61,Cm4h8wZp4Ml2ksW6AoMp0rm64Qw=,KeE94GmfB23cTBhcYLbExA4ssto=
-35,61,Cm4h8wZp4Ml2ksW6AoMp0rm64Qw=,KeE94GmfB23cTBhcYLbExA4ssto=
-34,55,Cm4h8wZp4Ml2ksW6AoMp0rm64Qw=,VzF2uZJLd78MYjft6g9ffQa4HrE=
-37,61,Cm4h8wZp4Ml2ksW6AoMp0rm64Qw=,KeE94GmfB23cTBhcYLbExA4ssto=
-42,57,Cm4h8wZp4Ml2ksW6AoMp0rm64Qw=,K0l5fTvWakTtavSdf4yg5In3gpw=
-34,54,Cm4h8wZp4Ml2ksW6AoMp0rm64Qw=,VzF2uZJLd78MYjft6g9ffQa4HrE=
-35,55,Cm4h8wZp4Ml2ksW6AoMp0rm64Qw=,VzF2uZJLd78MYjft6g9ffQa4HrE=
-47,52,Cm4h8wZp4Ml2ksW6AoMp0rm64Qw=,/rdaYpa4bDmdgH04EyTQ65eLco0=
-41,63,Cm4h8wZp4Ml2ksW6AoMp0rm64Qw=,K0l5fTvWakTtavSdf4yg5In3gpw=
-38,61,Cm4h8wZp4Ml2ksW6AoMp0rm64Qw=,KeE94GmfB23cTBhcYLbExA4ssto=
-44,62,Cm4h8wZp4Ml2ksW6AoMp0rm64Qw=,K0l5fTvWakTtavSdf4yg5In3gpw=
-36,55,Cm4h8wZp4Ml2ksW6AoMp0rm64Qw=,VzF2uZJLd78MYjft6g9ffQa4HrE=
-44,55,Cm4h8wZp4Ml2ksW6AoMp0rm64Qw=,/rdaYpa4bDmdgH04EyTQ65eLco0=
-34,61,Cm4h8wZp4Ml2ksW6AoMp0rm64Qw=,KeE94GmfB23cTBhcYLbExA4ssto=
-47,58,Cm4h8wZp4Ml2ksW6AoMp0rm64Qw=,K0l5fTvWakTtavSdf4yg5In3gpw=
-45,55,Cm4h8wZp4Ml2ksW6AoMp0rm64Qw=,/rdaYpa4bDmdgH04EyTQ65eLco0=
-43,54,Cm4h8wZp4Ml2ksW6AoMp0rm64Qw=,/rdaYpa4bDmdgH04EyTQ65eLco0=
-35,54,Cm4h8wZp4Ml2ksW6AoMp0rm64Qw=,VzF2uZJLd78MYjft6g9ffQa4HrE=
-37,55,Cm4h8wZp4Ml2ksW6AoMp0rm64Qw=,VzF2uZJLd78MYjft6g9ffQa4HrE=
-46,52,Cm4h8wZp4Ml2ksW6AoMp0rm64Qw=,/rdaYpa4bDmdgH04EyTQ65eLco0=
-46,58,Cm4h8wZp4Ml2ksW6AoMp0rm64Qw=,K0l5fTvWakTtavSdf4yg5In3gpw=
-40,62,Cm4h8wZp4Ml2ksW6AoMp0rm64Qw=,KeE94GmfB23cTBhcYLbExA4ssto=
-41,52,Cm4h8wZp4Ml2ksW6AoMp0rm64Qw=,/rdaYpa4bDmdgH04EyTQ65eLco0=
-45,62,Cm4h8wZp4Ml2ksW6AoMp0rm64Qw=,K0l5fTvWakTtavSdf4yg5In3gpw=
-40,51,Cm4h8wZp4Ml2ksW6AoMp0rm64Qw=,VzF2uZJLd78MYjft6g9ffQa4HrE=
-45,58,Cm4h8wZp4Ml2ksW6AoMp0rm64Qw=,K0l5fTvWakTtavSdf4yg5In3gpw=
-36,54,Cm4h8wZp4Ml2ksW6AoMp0rm64Qw=,VzF2uZJLd78MYjft6g9ffQa4HrE=
-38,55,Cm4h8wZp4Ml2ksW6AoMp0rm64Qw=,VzF2uZJLd78MYjft6g9ffQa4HrE=
-43,55,Cm4h8wZp4Ml2ksW6AoMp0rm64Qw=,/rdaYpa4bDmdgH04EyTQ65eLco0=
-42,52,Cm4h8wZp4Ml2ksW6AoMp0rm64Qw=,/rdaYpa4bDmdgH04EyTQ65eLco0=
-39,62,Cm4h8wZp4Ml2ksW6AoMp0rm64Qw=,KeE94GmfB23cTBhcYLbExA4ssto=
-37,54,Cm4h8wZp4Ml2ksW6AoMp0rm64Qw=,VzF2uZJLd78MYjft6g9ffQa4HrE=
-39,55,Cm4h8wZp4Ml2ksW6AoMp0rm64Qw=,VzF2uZJLd78MYjft6g9ffQa4HrE=
-44,58,Cm4h8wZp4Ml2ksW6AoMp0rm64Qw=,K0l5fTvWakTtavSdf4yg5In3gpw=
-45,52,Cm4h8wZp4Ml2ksW6AoMp0rm64Qw=,/rdaYpa4bDmdgH04EyTQ65eLco0=
-38,62,Cm4h8wZp4Ml2ksW6AoMp0rm64Qw=,KeE94GmfB23cTBhcYLbExA4ssto=
-43,52,Cm4h8wZp4Ml2ksW6AoMp0rm64Qw=,/rdaYpa4bDmdgH04EyTQ65eLco0=
-41,62,Cm4h8wZp4Ml2ksW6AoMp0rm64Qw=,K0l5fTvWakTtavSdf4yg5In3gpw=
-37,50,Cm4h8wZp4Ml2ksW6AoMp0rm64Qw=,VzF2uZJLd78MYjft6g9ffQa4HrE=
-42,55,Cm4h8wZp4Ml2ksW6AoMp0rm64Qw=,/rdaYpa4bDmdgH04EyTQ65eLco0=
-46,62,Cm4h8wZp4Ml2ksW6AoMp0rm64Qw=,K0l5fTvWakTtavSdf4yg5In3gpw=
-39,61,Cm4h8wZp4Ml2ksW6AoMp0rm64Qw=,KeE94GmfB23cTBhcYLbExA4ssto=
-43,58,Cm4h8wZp4Ml2ksW6AoMp0rm64Qw=,K0l5fTvWakTtavSdf4yg5In3gpw=
-39,56,Cm4h8wZp4Ml2ksW6AoMp0rm64Qw=,KeE94GmfB23cTBhcYLbExA4ssto=
-38,54,Cm4h8wZp4Ml2ksW6AoMp0rm64Qw=,VzF2uZJLd78MYjft6g9ffQa4HrE=
-47,62,Cm4h8wZp4Ml2ksW6AoMp0rm64Qw=,K0l5fTvWakTtavSdf4yg5In3gpw=
-42,58,Cm4h8wZp4Ml2ksW6AoMp0rm64Qw=,K0l5fTvWakTtavSdf4yg5In3gpw=
-41,55,Cm4h8wZp4Ml2ksW6AoMp0rm64Qw=,/rdaYpa4bDmdgH04EyTQ65eLco0=
-40,61,Cm4h8wZp4Ml2ksW6AoMp0rm64Qw=,KeE94GmfB23cTBhcYLbExA4ssto=
-46,55,Cm4h8wZp4Ml2ksW6AoMp0rm64Qw=,/rdaYpa4bDmdgH04EyTQ65eLco0=
-34,60,Cm4h8wZp4Ml2ksW6AoMp0rm64Qw=,KeE94GmfB23cTBhcYLbExA4ssto=
-38,56,Cm4h8wZp4Ml2ksW6AoMp0rm64Qw=,KeE94GmfB23cTBhcYLbExA4ssto=
-46,50,Cm4h8wZp4Ml2ksW6AoMp0rm64Qw=,/rdaYpa4bDmdgH04EyTQ65eLco0=
-39,54,Cm4h8wZp4Ml2ksW6AoMp0rm64Qw=,VzF2uZJLd78MYjft6g9ffQa4HrE=
-47,59,Cm4h8wZp4Ml2ksW6AoMp0rm64Qw=,K0l5fTvWakTtavSdf4yg5In3gpw=
-35,53,Cm4h8wZp4Ml2ksW6AoMp0rm64Qw=,VzF2uZJLd78MYjft6g9ffQa4HrE=
-42,61,Cm4h8wZp4Ml2ksW6AoMp0rm64Qw=,K0l5fTvWakTtavSdf4yg5In3gpw=
-34,53,Cm4h8wZp4Ml2ksW6AoMp0rm64Qw=,VzF2uZJLd78MYjft6g9ffQa4HrE=
-47,56,Cm4h8wZp4Ml2ksW6AoMp0rm64Qw=,K0l5fTvWakTtavSdf4yg5In3gpw=
-36,53,Cm4h8wZp4Ml2ksW6AoMp0rm64Qw=,VzF2uZJLd78MYjft6g9ffQa4HrE=
-46,59,Cm4h8wZp4Ml2ksW6AoMp0rm64Qw=,K0l5fTvWakTtavSdf4yg5In3gpw=
-37,56,Cm4h8wZp4Ml2ksW6AoMp0rm64Qw=,KeE94GmfB23cTBhcYLbExA4ssto=
-35,60,Cm4h8wZp4Ml2ksW6AoMp0rm64Qw=,KeE94GmfB23cTBhcYLbExA4ssto=
-47,50,Cm4h8wZp4Ml2ksW6AoMp0rm64Qw=,/rdaYpa4bDmdgH04EyTQ65eLco0=
-43,61,Cm4h8wZp4Ml2ksW6AoMp0rm64Qw=,K0l5fTvWakTtavSdf4yg5In3gpw=
-46,56,Cm4h8wZp4Ml2ksW6AoMp0rm64Qw=,K0l5fTvWakTtavSdf4yg5In3gpw=
-44,61,Cm4h8wZp4Ml2ksW6AoMp0rm64Qw=,K0l5fTvWakTtavSdf4yg5In3gpw=
-37,62,Cm4h8wZp4Ml2ksW6AoMp0rm64Qw=,KeE94GmfB23cTBhcYLbExA4ssto=
-45,59,Cm4h8wZp4Ml2ksW6AoMp0rm64Qw=,K0l5fTvWakTtavSdf4yg5In3gpw=
-36,60,Cm4h8wZp4Ml2ksW6AoMp0rm64Qw=,KeE94GmfB23cTBhcYLbExA4ssto=
-38,50,Cm4h8wZp4Ml2ksW6AoMp0rm64Qw=,VzF2uZJLd78MYjft6g9ffQa4HrE=
-37,60,Cm4h8wZp4Ml2ksW6AoMp0rm64Qw=,KeE94GmfB23cTBhcYLbExA4ssto=
-37,53,Cm4h8wZp4Ml2ksW6AoMp0rm64Qw=,VzF2uZJLd78MYjft6g9ffQa4HrE=
-42,53,Cm4h8wZp4Ml2ksW6AoMp0rm64Qw=,/rdaYpa4bDmdgH04EyTQ65eLco0=
-36,56,Cm4h8wZp4Ml2ksW6AoMp0rm64Qw=,KeE94GmfB23cTBhcYLbExA4ssto=
-44,59,Cm4h8wZp4Ml2ksW6AoMp0rm64Qw=,K0l5fTvWakTtavSdf4yg5In3gpw=
-38,53,Cm4h8wZp4Ml2ksW6AoMp0rm64Qw=,VzF2uZJLd78MYjft6g9ffQa4HrE=
-38,60,Cm4h8wZp4Ml2ksW6AoMp0rm64Qw=,KeE94GmfB23cTBhcYLbExA4ssto=
-45,56,Cm4h8wZp4Ml2ksW6AoMp0rm64Qw=,K0l5fTvWakTtavSdf4yg5In3gpw=
-41,61,Cm4h8wZp4Ml2ksW6AoMp0rm64Qw=,K0l5fTvWakTtavSdf4yg5In3gpw=
-39,60,Cm4h8wZp4Ml2ksW6AoMp0rm64Qw=,KeE94GmfB23cTBhcYLbExA4ssto=
-43,59,Cm4h8wZp4Ml2ksW6AoMp0rm64Qw=,K0l5fTvWakTtavSdf4yg5In3gpw=
-36,62,Cm4h8wZp4Ml2ksW6AoMp0rm64Qw=,KeE94GmfB23cTBhcYLbExA4ssto=
-40,55,Cm4h8wZp4Ml2ksW6AoMp0rm64Qw=,VzF2uZJLd78MYjft6g9ffQa4HrE=
-47,55,Cm4h8wZp4Ml2ksW6AoMp0rm64Qw=,/rdaYpa4bDmdgH04EyTQ65eLco0=
-44,56,Cm4h8wZp4Ml2ksW6AoMp0rm64Qw=,K0l5fTvWakTtavSdf4yg5In3gpw=
-40,60,Cm4h8wZp4Ml2ksW6AoMp0rm64Qw=,KeE94GmfB23cTBhcYLbExA4ssto=
-40,54,Cm4h8wZp4Ml2ksW6AoMp0rm64Qw=,VzF2uZJLd78MYjft6g9ffQa4HrE=
-42,59,Cm4h8wZp4Ml2ksW6AoMp0rm64Qw=,K0l5fTvWakTtavSdf4yg5In3gpw=
-35,56,Cm4h8wZp4Ml2ksW6AoMp0rm64Qw=,KeE94GmfB23cTBhcYLbExA4ssto=
-34,59,Cm4h8wZp4Ml2ksW6AoMp0rm64Qw=,KeE94GmfB23cTBhcYLbExA4ssto=
-45,61,Cm4h8wZp4Ml2ksW6AoMp0rm64Qw=,K0l5fTvWakTtavSdf4yg5In3gpw=
-43,56,Cm4h8wZp4Ml2ksW6AoMp0rm64Qw=,K0l5fTvWakTtavSdf4yg5In3gpw=
-44,54,Cm4h8wZp4Ml2ksW6AoMp0rm64Qw=,/rdaYpa4bDmdgH04EyTQ65eLco0=
-39,53,Cm4h8wZp4Ml2ksW6AoMp0rm64Qw=,VzF2uZJLd78MYjft6g9ffQa4HrE=
-47,60,Cm4h8wZp4Ml2ksW6AoMp0rm64Qw=,K0l5fTvWakTtavSdf4yg5In3gpw=
-34,56,Cm4h8wZp4Ml2ksW6AoMp0rm64Qw=,KeE94GmfB23cTBhcYLbExA4ssto=
-39,50,Cm4h8wZp4Ml2ksW6AoMp0rm64Qw=,VzF2uZJLd78MYjft6g9ffQa4HrE=
-35,59,Cm4h8wZp4Ml2ksW6AoMp0rm64Qw=,KeE94GmfB23cTBhcYLbExA4ssto=
-40,56,Cm4h8wZp4Ml2ksW6AoMp0rm64Qw=,KeE94GmfB23cTBhcYLbExA4ssto=
-34,52,Cm4h8wZp4Ml2ksW6AoMp0rm64Qw=,VzF2uZJLd78MYjft6g9ffQa4HrE=
-46,60,Cm4h8wZp4Ml2ksW6AoMp0rm64Qw=,K0l5fTvWakTtavSdf4yg5In3gpw=
-36,59,Cm4h8wZp4Ml2ksW6AoMp0rm64Qw=,KeE94GmfB23cTBhcYLbExA4ssto=
-40,57,Cm4h8wZp4Ml2ksW6AoMp0rm64Qw=,KeE94GmfB23cTBhcYLbExA4ssto=
-40,53,Cm4h8wZp4Ml2ksW6AoMp0rm64Qw=,VzF2uZJLd78MYjft6g9ffQa4HrE=
-41,60,Cm4h8wZp4Ml2ksW6AoMp0rm64Qw=,K0l5fTvWakTtavSdf4yg5In3gpw=
-45,49,Cm4h8wZp4Ml2ksW6AoMp0rm64Qw=,/rdaYpa4bDmdgH04EyTQ65eLco0=
-38,59,Cm4h8wZp4Ml2ksW6AoMp0rm64Qw=,KeE94GmfB23cTBhcYLbExA4ssto=
-37,59,Cm4h8wZp4Ml2ksW6AoMp0rm64Qw=,KeE94GmfB23cTBhcYLbExA4ssto=
-45,60,Cm4h8wZp4Ml2ksW6AoMp0rm64Qw=,K0l5fTvWakTtavSdf4yg5In3gpw=
-35,52,Cm4h8wZp4Ml2ksW6AoMp0rm64Qw=,VzF2uZJLd78MYjft6g9ffQa4HrE=
-39,59,Cm4h8wZp4Ml2ksW6AoMp0rm64Qw=,KeE94GmfB23cTBhcYLbExA4ssto=
-39,57,Cm4h8wZp4Ml2ksW6AoMp0rm64Qw=,KeE94GmfB23cTBhcYLbExA4ssto=
-45,50,Cm4h8wZp4Ml2ksW6AoMp0rm64Qw=,/rdaYpa4bDmdgH04EyTQ65eLco0=
-40,59,Cm4h8wZp4Ml2ksW6AoMp0rm64Qw=,KeE94GmfB23cTBhcYLbExA4ssto=
-46,61,Cm4h8wZp4Ml2ksW6AoMp0rm64Qw=,K0l5fTvWakTtavSdf4yg5In3gpw=
-44,60,Cm4h8wZp4Ml2ksW6AoMp0rm64Qw=,K0l5fTvWakTtavSdf4yg5In3gpw=
-38,57,Cm4h8wZp4Ml2ksW6AoMp0rm64Qw=,KeE94GmfB23cTBhcYLbExA4ssto=
-34,49,Cm4h8wZp4Ml2ksW6AoMp0rm64Qw=,VzF2uZJLd78MYjft6g9ffQa4HrE=
-35,49,Cm4h8wZp4Ml2ksW6AoMp0rm64Qw=,VzF2uZJLd78MYjft6g9ffQa4HrE=
-42,54,Cm4h8wZp4Ml2ksW6AoMp0rm64Qw=,/rdaYpa4bDmdgH04EyTQ65eLco0=
-41,59,Cm4h8wZp4Ml2ksW6AoMp0rm64Qw=,K0l5fTvWakTtavSdf4yg5In3gpw=
-34,58,Cm4h8wZp4Ml2ksW6AoMp0rm64Qw=,KeE94GmfB23cTBhcYLbExA4ssto=
-37,57,Cm4h8wZp4Ml2ksW6AoMp0rm64Qw=,KeE94GmfB23cTBhcYLbExA4ssto=
-43,60,Cm4h8wZp4Ml2ksW6AoMp0rm64Qw=,K0l5fTvWakTtavSdf4yg5In3gpw=
-36,49,Cm4h8wZp4Ml2ksW6AoMp0rm64Qw=,VzF2uZJLd78MYjft6g9ffQa4HrE=
-40,50,Cm4h8wZp4Ml2ksW6AoMp0rm64Qw=,VzF2uZJLd78MYjft6g9ffQa4HrE=
-41,53,Cm4h8wZp4Ml2ksW6AoMp0rm64Qw=,/rdaYpa4bDmdgH04EyTQ65eLco0=
-35,58,Cm4h8wZp4Ml2ksW6AoMp0rm64Qw=,KeE94GmfB23cTBhcYLbExA4ssto=
-47,51,Cm4h8wZp4Ml2ksW6AoMp0rm64Qw=,/rdaYpa4bDmdgH04EyTQ65eLco0=
-42,60,Cm4h8wZp4Ml2ksW6AoMp0rm64Qw=,K0l5fTvWakTtavSdf4yg5In3gpw=
-36,57,Cm4h8wZp4Ml2ksW6AoMp0rm64Qw=,KeE94GmfB23cTBhcYLbExA4ssto=
-38,49,Cm4h8wZp4Ml2ksW6AoMp0rm64Qw=,VzF2uZJLd78MYjft6g9ffQa4HrE=
-42,56,Cm4h8wZp4Ml2ksW6AoMp0rm64Qw=,K0l5fTvWakTtavSdf4yg5In3gpw=
-37,49,Cm4h8wZp4Ml2ksW6AoMp0rm64Qw=,VzF2uZJLd78MYjft6g9ffQa4HrE=
-36,58,Cm4h8wZp4Ml2ksW6AoMp0rm64Qw=,KeE94GmfB23cTBhcYLbExA4ssto=
-37,58,Cm4h8wZp4Ml2ksW6AoMp0rm64Qw=,KeE94GmfB23cTBhcYLbExA4ssto=
-47,61,Cm4h8wZp4Ml2ksW6AoMp0rm64Qw=,K0l5fTvWakTtavSdf4yg5In3gpw=
-35,62,Cm4h8wZp4Ml2ksW6AoMp0rm64Qw=,KeE94GmfB23cTBhcYLbExA4ssto=
-44,50,Cm4h8wZp4Ml2ksW6AoMp0rm64Qw=,/rdaYpa4bDmdgH04EyTQ65eLco0=
-35,57,Cm4h8wZp4Ml2ksW6AoMp0rm64Qw=,KeE94GmfB23cTBhcYLbExA4ssto=
-41,51,Cm4h8wZp4Ml2ksW6AoMp0rm64Qw=,/rdaYpa4bDmdgH04EyTQ65eLco0=
-41,58,Cm4h8wZp4Ml2ksW6AoMp0rm64Qw=,K0l5fTvWakTtavSdf4yg5In3gpw=
-38,58,Cm4h8wZp4Ml2ksW6AoMp0rm64Qw=,KeE94GmfB23cTBhcYLbExA4ssto=
-40,52,Cm4h8wZp4Ml2ksW6AoMp0rm64Qw=,VzF2uZJLd78MYjft6g9ffQa4HrE=
-39,58,Cm4h8wZp4Ml2ksW6AoMp0rm64Qw=,KeE94GmfB23cTBhcYLbExA4ssto=
-33,51,Cm4h8wZp4Ml2ksW6AoMp0rm64Qw=,VzF2uZJLd78MYjft6g9ffQa4HrE=
-34,62,Cm4h8wZp4Ml2ksW6AoMp0rm64Qw=,KeE94GmfB23cTBhcYLbExA4ssto=
-40,58,Cm4h8wZp4Ml2ksW6AoMp0rm64Qw=,KeE94GmfB23cTBhcYLbExA4ssto=
-39,49,Cm4h8wZp4Ml2ksW6AoMp0rm64Qw=,VzF2uZJLd78MYjft6g9ffQa4HrE=
-41,57,Cm4h8wZp4Ml2ksW6AoMp0rm64Qw=,K0l5fTvWakTtavSdf4yg5In3gpw=
-41,56,Cm4h8wZp4Ml2ksW6AoMp0rm64Qw=,K0l5fTvWakTtavSdf4yg5In3gpw=
-40,63,Cm4h8wZp4Ml2ksW6AoMp0rm64Qw=,KeE94GmfB23cTBhcYLbExA4ssto=
-36,52,Cm4h8wZp4Ml2ksW6AoMp0rm64Qw=,VzF2uZJLd78MYjft6g9ffQa4HrE=
-33,49,Cm4h8wZp4Ml2ksW6AoMp0rm64Qw=,VzF2uZJLd78MYjft6g9ffQa4HrE=
-41,50,Cm4h8wZp4Ml2ksW6AoMp0rm64Qw=,/rdaYpa4bDmdgH04EyTQ65eLco0=
-46,49,Cm4h8wZp4Ml2ksW6AoMp0rm64Qw=,/rdaYpa4bDmdgH04EyTQ65eLco0=
-33,50,Cm4h8wZp4Ml2ksW6AoMp0rm64Qw=,VzF2uZJLd78MYjft6g9ffQa4HrE=
-34,57,Cm4h8wZp4Ml2ksW6AoMp0rm64Qw=,KeE94GmfB23cTBhcYLbExA4ssto=
-44,49,Cm4h8wZp4Ml2ksW6AoMp0rm64Qw=,/rdaYpa4bDmdgH04EyTQ65eLco0=
-33,54,Cm4h8wZp4Ml2ksW6AoMp0rm64Qw=,VzF2uZJLd78MYjft6g9ffQa4HrE=
-39,63,Cm4h8wZp4Ml2ksW6AoMp0rm64Qw=,KeE94GmfB23cTBhcYLbExA4ssto=
-38,63,Cm4h8wZp4Ml2ksW6AoMp0rm64Qw=,KeE94GmfB23cTBhcYLbExA4ssto=
-41,49,Cm4h8wZp4Ml2ksW6AoMp0rm64Qw=,/rdaYpa4bDmdgH04EyTQ65eLco0=
-33,52,Cm4h8wZp4Ml2ksW6AoMp0rm64Qw=,VzF2uZJLd78MYjft6g9ffQa4HrE=
-42,49,Cm4h8wZp4Ml2ksW6AoMp0rm64Qw=,/rdaYpa4bDmdgH04EyTQ65eLco0=
-37,63,Cm4h8wZp4Ml2ksW6AoMp0rm64Qw=,KeE94GmfB23cTBhcYLbExA4ssto=
-37,52,Cm4h8wZp4Ml2ksW6AoMp0rm64Qw=,VzF2uZJLd78MYjft6g9ffQa4HrE=
-46,51,Cm4h8wZp4Ml2ksW6AoMp0rm64Qw=,/rdaYpa4bDmdgH04EyTQ65eLco0=
-38,52,Cm4h8wZp4Ml2ksW6AoMp0rm64Qw=,VzF2uZJLd78MYjft6g9ffQa4HrE=
-33,53,Cm4h8wZp4Ml2ksW6AoMp0rm64Qw=,VzF2uZJLd78MYjft6g9ffQa4HrE=
-36,63,Cm4h8wZp4Ml2ksW6AoMp0rm64Qw=,KeE94GmfB23cTBhcYLbExA4ssto=
-47,49,Cm4h8wZp4Ml2ksW6AoMp0rm64Qw=,/rdaYpa4bDmdgH04EyTQ65eLco0=
-35,63,Cm4h8wZp4Ml2ksW6AoMp0rm64Qw=,KeE94GmfB23cTBhcYLbExA4ssto=
-34,63,Cm4h8wZp4Ml2ksW6AoMp0rm64Qw=,KeE94GmfB23cTBhcYLbExA4ssto=
-43,49,Cm4h8wZp4Ml2ksW6AoMp0rm64Qw=,/rdaYpa4bDmdgH04EyTQ65eLco0=
-44,52,Cm4h8wZp4Ml2ksW6AoMp0rm64Qw=,/rdaYpa4bDmdgH04EyTQ65eLco0=
-43,50,Cm4h8wZp4Ml2ksW6AoMp0rm64Qw=,/rdaYpa4bDmdgH04EyTQ65eLco0=
-39,52,Cm4h8wZp4Ml2ksW6AoMp0rm64Qw=,VzF2uZJLd78MYjft6g9ffQa4HrE=
-34,51,Cm4h8wZp4Ml2ksW6AoMp0rm64Qw=,VzF2uZJLd78MYjft6g9ffQa4HrE=
-42,51,Cm4h8wZp4Ml2ksW6AoMp0rm64Qw=,/rdaYpa4bDmdgH04EyTQ65eLco0=
-33,61,Cm4h8wZp4Ml2ksW6AoMp0rm64Qw=,KeE94GmfB23cTBhcYLbExA4ssto=
-47,53,Cm4h8wZp4Ml2ksW6AoMp0rm64Qw=,/rdaYpa4bDmdgH04EyTQ65eLco0=
-35,51,Cm4h8wZp4Ml2ksW6AoMp0rm64Qw=,VzF2uZJLd78MYjft6g9ffQa4HrE=
-33,56,Cm4h8wZp4Ml2ksW6AoMp0rm64Qw=,KeE94GmfB23cTBhcYLbExA4ssto=
-45,51,Cm4h8wZp4Ml2ksW6AoMp0rm64Qw=,/rdaYpa4bDmdgH04EyTQ65eLco0=
-33,55,Cm4h8wZp4Ml2ksW6AoMp0rm64Qw=,VzF2uZJLd78MYjft6g9ffQa4HrE=
-48,57,Cm4h8wZp4Ml2ksW6AoMp0rm64Qw=,K0l5fTvWakTtavSdf4yg5In3gpw=
-45,54,Cm4h8wZp4Ml2ksW6AoMp0rm64Qw=,/rdaYpa4bDmdgH04EyTQ65eLco0=
-33,62,Cm4h8wZp4Ml2ksW6AoMp0rm64Qw=,KeE94GmfB23cTBhcYLbExA4ssto=
-46,53,Cm4h8wZp4Ml2ksW6AoMp0rm64Qw=,/rdaYpa4bDmdgH04EyTQ65eLco0=
-48,58,Cm4h8wZp4Ml2ksW6AoMp0rm64Qw=,K0l5fTvWakTtavSdf4yg5In3gpw=
-33,57,Cm4h8wZp4Ml2ksW6AoMp0rm64Qw=,KeE94GmfB23cTBhcYLbExA4ssto=
-48,63,Cm4h8wZp4Ml2ksW6AoMp0rm64Qw=,K0l5fTvWakTtavSdf4yg5In3gpw=
-33,60,Cm4h8wZp4Ml2ksW6AoMp0rm64Qw=,KeE94GmfB23cTBhcYLbExA4ssto=
-33,63,Cm4h8wZp4Ml2ksW6AoMp0rm64Qw=,KeE94GmfB23cTBhcYLbExA4ssto=
-33,59,Cm4h8wZp4Ml2ksW6AoMp0rm64Qw=,KeE94GmfB23cTBhcYLbExA4ssto=
-48,52,Cm4h8wZp4Ml2ksW6AoMp0rm64Qw=,/rdaYpa4bDmdgH04EyTQ65eLco0=
-45,53,Cm4h8wZp4Ml2ksW6AoMp0rm64Qw=,/rdaYpa4bDmdgH04EyTQ65eLco0=
-40,49,Cm4h8wZp4Ml2ksW6AoMp0rm64Qw=,VzF2uZJLd78MYjft6g9ffQa4HrE=
-48,62,Cm4h8wZp4Ml2ksW6AoMp0rm64Qw=,K0l5fTvWakTtavSdf4yg5In3gpw=
-48,59,Cm4h8wZp4Ml2ksW6AoMp0rm64Qw=,K0l5fTvWakTtavSdf4yg5In3gpw=
-33,58,Cm4h8wZp4Ml2ksW6AoMp0rm64Qw=,KeE94GmfB23cTBhcYLbExA4ssto=
-48,56,Cm4h8wZp4Ml2ksW6AoMp0rm64Qw=,K0l5fTvWakTtavSdf4yg5In3gpw=
-44,53,Cm4h8wZp4Ml2ksW6AoMp0rm64Qw=,/rdaYpa4bDmdgH04EyTQ65eLco0=
-48,60,Cm4h8wZp4Ml2ksW6AoMp0rm64Qw=,K0l5fTvWakTtavSdf4yg5In3gpw=
-43,51,Cm4h8wZp4Ml2ksW6AoMp0rm64Qw=,/rdaYpa4bDmdgH04EyTQ65eLco0=
-48,54,Cm4h8wZp4Ml2ksW6AoMp0rm64Qw=,/rdaYpa4bDmdgH04EyTQ65eLco0=
-43,53,Cm4h8wZp4Ml2ksW6AoMp0rm64Qw=,/rdaYpa4bDmdgH04EyTQ65eLco0=
-48,61,Cm4h8wZp4Ml2ksW6AoMp0rm64Qw=,K0l5fTvWakTtavSdf4yg5In3gpw=
-48,53,Cm4h8wZp4Ml2ksW6AoMp0rm64Qw=,/rdaYpa4bDmdgH04EyTQ65eLco0=
-47,54,Cm4h8wZp4Ml2ksW6AoMp0rm64Qw=,/rdaYpa4bDmdgH04EyTQ65eLco0=
-47,48,Cm4h8wZp4Ml2ksW6AoMp0rm64Qw=,/rdaYpa4bDmdgH04EyTQ65eLco0=
-42,50,Cm4h8wZp4Ml2ksW6AoMp0rm64Qw=,/rdaYpa4bDmdgH04EyTQ65eLco0=
-46,54,Cm4h8wZp4Ml2ksW6AoMp0rm64Qw=,/rdaYpa4bDmdgH04EyTQ65eLco0=
-44,51,Cm4h8wZp4Ml2ksW6AoMp0rm64Qw=,/rdaYpa4bDmdgH04EyTQ65eLco0=
-48,49,Cm4h8wZp4Ml2ksW6AoMp0rm64Qw=,/rdaYpa4bDmdgH04EyTQ65eLco0=
-45,48,Cm4h8wZp4Ml2ksW6AoMp0rm64Qw=,/rdaYpa4bDmdgH04EyTQ65eLco0=
-46,48,Cm4h8wZp4Ml2ksW6AoMp0rm64Qw=,/rdaYpa4bDmdgH04EyTQ65eLco0=
-40,48,Cm4h8wZp4Ml2ksW6AoMp0rm64Qw=,VzF2uZJLd78MYjft6g9ffQa4HrE=
-41,54,Cm4h8wZp4Ml2ksW6AoMp0rm64Qw=,/rdaYpa4bDmdgH04EyTQ65eLco0=
-48,50,Cm4h8wZp4Ml2ksW6AoMp0rm64Qw=,/rdaYpa4bDmdgH04EyTQ65eLco0=
-33,48,Cm4h8wZp4Ml2ksW6AoMp0rm64Qw=,VzF2uZJLd78MYjft6g9ffQa4HrE=
-48,51,Cm4h8wZp4Ml2ksW6AoMp0rm64Qw=,/rdaYpa4bDmdgH04EyTQ65eLco0=
-39,48,Cm4h8wZp4Ml2ksW6AoMp0rm64Qw=,VzF2uZJLd78MYjft6g9ffQa4HrE=
-44,48,Cm4h8wZp4Ml2ksW6AoMp0rm64Qw=,/rdaYpa4bDmdgH04EyTQ65eLco0=
-48,55,Cm4h8wZp4Ml2ksW6AoMp0rm64Qw=,/rdaYpa4bDmdgH04EyTQ65eLco0=
-42,48,Cm4h8wZp4Ml2ksW6AoMp0rm64Qw=,/rdaYpa4bDmdgH04EyTQ65eLco0=
-41,48,Cm4h8wZp4Ml2ksW6AoMp0rm64Qw=,/rdaYpa4bDmdgH04EyTQ65eLco0=
-43,48,Cm4h8wZp4Ml2ksW6AoMp0rm64Qw=,/rdaYpa4bDmdgH04EyTQ65eLco0=
-34,48,Cm4h8wZp4Ml2ksW6AoMp0rm64Qw=,VzF2uZJLd78MYjft6g9ffQa4HrE=
-38,48,Cm4h8wZp4Ml2ksW6AoMp0rm64Qw=,VzF2uZJLd78MYjft6g9ffQa4HrE=
-35,48,Cm4h8wZp4Ml2ksW6AoMp0rm64Qw=,VzF2uZJLd78MYjft6g9ffQa4HrE=
-48,48,Cm4h8wZp4Ml2ksW6AoMp0rm64Qw=,/rdaYpa4bDmdgH04EyTQ65eLco0=
-37,48,Cm4h8wZp4Ml2ksW6AoMp0rm64Qw=,VzF2uZJLd78MYjft6g9ffQa4HrE=
-36,48,Cm4h8wZp4Ml2ksW6AoMp0rm64Qw=,VzF2uZJLd78MYjft6g9ffQa4HrE=
-36,45,Kyw25Iv5sXr7Z7T2R1WTWxhuInI=,yMLu4n+yseM9uUA3Z3wVyvEdqWw=
-37,45,lkhqedIASKoeEtURjQpXQ/anFWo=,yMLu4n+yseM9uUA3Z3wVyvEdqWw=
-38,45,jBQnTLOkuC47to/Q7P9Z+M9/gak=,yMLu4n+yseM9uUA3Z3wVyvEdqWw=
-39,45,dUiFvMyvQpFQXFH1HmlP05yk3LI=,yMLu4n+yseM9uUA3Z3wVyvEdqWw=
-34,44,KaAWhORfUCO68vtG/WIuA2MQ8H0=,yMLu4n+yseM9uUA3Z3wVyvEdqWw=
-35,44,KaAWhORfUCO68vtG/WIuA2MQ8H0=,yMLu4n+yseM9uUA3Z3wVyvEdqWw=
-37,44,KaAWhORfUCO68vtG/WIuA2MQ8H0=,yMLu4n+yseM9uUA3Z3wVyvEdqWw=
-38,44,KaAWhORfUCO68vtG/WIuA2MQ8H0=,yMLu4n+yseM9uUA3Z3wVyvEdqWw=
-39,44,KaAWhORfUCO68vtG/WIuA2MQ8H0=,yMLu4n+yseM9uUA3Z3wVyvEdqWw=
-37,43,KaAWhORfUCO68vtG/WIuA2MQ8H0=,yMLu4n+yseM9uUA3Z3wVyvEdqWw=
-34,43,KaAWhORfUCO68vtG/WIuA2MQ8H0=,yMLu4n+yseM9uUA3Z3wVyvEdqWw=
-36,43,KaAWhORfUCO68vtG/WIuA2MQ8H0=,yMLu4n+yseM9uUA3Z3wVyvEdqWw=
-35,43,KaAWhORfUCO68vtG/WIuA2MQ8H0=,yMLu4n+yseM9uUA3Z3wVyvEdqWw=
-34,46,KaAWhORfUCO68vtG/WIuA2MQ8H0=,yMLu4n+yseM9uUA3Z3wVyvEdqWw=
-38,43,KaAWhORfUCO68vtG/WIuA2MQ8H0=,yMLu4n+yseM9uUA3Z3wVyvEdqWw=
-34,42,KaAWhORfUCO68vtG/WIuA2MQ8H0=,yMLu4n+yseM9uUA3Z3wVyvEdqWw=
-35,42,KaAWhORfUCO68vtG/WIuA2MQ8H0=,yMLu4n+yseM9uUA3Z3wVyvEdqWw=
-35,46,KaAWhORfUCO68vtG/WIuA2MQ8H0=,yMLu4n+yseM9uUA3Z3wVyvEdqWw=
-36,46,KaAWhORfUCO68vtG/WIuA2MQ8H0=,yMLu4n+yseM9uUA3Z3wVyvEdqWw=
-36,42,KaAWhORfUCO68vtG/WIuA2MQ8H0=,yMLu4n+yseM9uUA3Z3wVyvEdqWw=
-38,46,KaAWhORfUCO68vtG/WIuA2MQ8H0=,yMLu4n+yseM9uUA3Z3wVyvEdqWw=
-37,46,KaAWhORfUCO68vtG/WIuA2MQ8H0=,yMLu4n+yseM9uUA3Z3wVyvEdqWw=
-37,42,KaAWhORfUCO68vtG/WIuA2MQ8H0=,yMLu4n+yseM9uUA3Z3wVyvEdqWw=
-39,42,KaAWhORfUCO68vtG/WIuA2MQ8H0=,yMLu4n+yseM9uUA3Z3wVyvEdqWw=
-38,42,KaAWhORfUCO68vtG/WIuA2MQ8H0=,yMLu4n+yseM9uUA3Z3wVyvEdqWw=
-39,46,KaAWhORfUCO68vtG/WIuA2MQ8H0=,yMLu4n+yseM9uUA3Z3wVyvEdqWw=
-34,41,KaAWhORfUCO68vtG/WIuA2MQ8H0=,yMLu4n+yseM9uUA3Z3wVyvEdqWw=
-36,41,KaAWhORfUCO68vtG/WIuA2MQ8H0=,yMLu4n+yseM9uUA3Z3wVyvEdqWw=
-35,41,KaAWhORfUCO68vtG/WIuA2MQ8H0=,yMLu4n+yseM9uUA3Z3wVyvEdqWw=
-38,41,KaAWhORfUCO68vtG/WIuA2MQ8H0=,yMLu4n+yseM9uUA3Z3wVyvEdqWw=
-37,41,KaAWhORfUCO68vtG/WIuA2MQ8H0=,yMLu4n+yseM9uUA3Z3wVyvEdqWw=
-34,45,KaAWhORfUCO68vtG/WIuA2MQ8H0=,yMLu4n+yseM9uUA3Z3wVyvEdqWw=
-39,41,KaAWhORfUCO68vtG/WIuA2MQ8H0=,yMLu4n+yseM9uUA3Z3wVyvEdqWw=
-35,45,KaAWhORfUCO68vtG/WIuA2MQ8H0=,yMLu4n+yseM9uUA3Z3wVyvEdqWw=
-36,44,KaAWhORfUCO68vtG/WIuA2MQ8H0=,yMLu4n+yseM9uUA3Z3wVyvEdqWw=
-39,43,KaAWhORfUCO68vtG/WIuA2MQ8H0=,yMLu4n+yseM9uUA3Z3wVyvEdqWw=
-47,38,KaAWhORfUCO68vtG/WIuA2MQ8H0=,JYuvpuOkylqhEpK7IxYfUmIrA3U=
-42,37,KaAWhORfUCO68vtG/WIuA2MQ8H0=,JYuvpuOkylqhEpK7IxYfUmIrA3U=
-43,37,KaAWhORfUCO68vtG/WIuA2MQ8H0=,JYuvpuOkylqhEpK7IxYfUmIrA3U=
-42,35,KaAWhORfUCO68vtG/WIuA2MQ8H0=,JYuvpuOkylqhEpK7IxYfUmIrA3U=
-44,37,KaAWhORfUCO68vtG/WIuA2MQ8H0=,JYuvpuOkylqhEpK7IxYfUmIrA3U=
-45,37,KaAWhORfUCO68vtG/WIuA2MQ8H0=,JYuvpuOkylqhEpK7IxYfUmIrA3U=
-42,36,KaAWhORfUCO68vtG/WIuA2MQ8H0=,JYuvpuOkylqhEpK7IxYfUmIrA3U=
-43,35,KaAWhORfUCO68vtG/WIuA2MQ8H0=,JYuvpuOkylqhEpK7IxYfUmIrA3U=
-42,34,KaAWhORfUCO68vtG/WIuA2MQ8H0=,JYuvpuOkylqhEpK7IxYfUmIrA3U=
-46,37,KaAWhORfUCO68vtG/WIuA2MQ8H0=,JYuvpuOkylqhEpK7IxYfUmIrA3U=
-43,34,KaAWhORfUCO68vtG/WIuA2MQ8H0=,JYuvpuOkylqhEpK7IxYfUmIrA3U=
-47,37,KaAWhORfUCO68vtG/WIuA2MQ8H0=,JYuvpuOkylqhEpK7IxYfUmIrA3U=
-43,36,KaAWhORfUCO68vtG/WIuA2MQ8H0=,JYuvpuOkylqhEpK7IxYfUmIrA3U=
-44,34,KaAWhORfUCO68vtG/WIuA2MQ8H0=,JYuvpuOkylqhEpK7IxYfUmIrA3U=
-44,35,KaAWhORfUCO68vtG/WIuA2MQ8H0=,JYuvpuOkylqhEpK7IxYfUmIrA3U=
-47,33,KaAWhORfUCO68vtG/WIuA2MQ8H0=,JYuvpuOkylqhEpK7IxYfUmIrA3U=
-46,38,KaAWhORfUCO68vtG/WIuA2MQ8H0=,JYuvpuOkylqhEpK7IxYfUmIrA3U=
-45,38,KaAWhORfUCO68vtG/WIuA2MQ8H0=,JYuvpuOkylqhEpK7IxYfUmIrA3U=
-44,38,KaAWhORfUCO68vtG/WIuA2MQ8H0=,JYuvpuOkylqhEpK7IxYfUmIrA3U=
-43,38,KaAWhORfUCO68vtG/WIuA2MQ8H0=,JYuvpuOkylqhEpK7IxYfUmIrA3U=
-47,34,KaAWhORfUCO68vtG/WIuA2MQ8H0=,JYuvpuOkylqhEpK7IxYfUmIrA3U=
-42,38,KaAWhORfUCO68vtG/WIuA2MQ8H0=,JYuvpuOkylqhEpK7IxYfUmIrA3U=
-46,33,KaAWhORfUCO68vtG/WIuA2MQ8H0=,JYuvpuOkylqhEpK7IxYfUmIrA3U=
-47,36,KaAWhORfUCO68vtG/WIuA2MQ8H0=,JYuvpuOkylqhEpK7IxYfUmIrA3U=
-46,36,KaAWhORfUCO68vtG/WIuA2MQ8H0=,JYuvpuOkylqhEpK7IxYfUmIrA3U=
-46,34,KaAWhORfUCO68vtG/WIuA2MQ8H0=,JYuvpuOkylqhEpK7IxYfUmIrA3U=
-47,35,KaAWhORfUCO68vtG/WIuA2MQ8H0=,JYuvpuOkylqhEpK7IxYfUmIrA3U=
-45,34,KaAWhORfUCO68vtG/WIuA2MQ8H0=,JYuvpuOkylqhEpK7IxYfUmIrA3U=
-45,36,KaAWhORfUCO68vtG/WIuA2MQ8H0=,JYuvpuOkylqhEpK7IxYfUmIrA3U=
-36,35,KaAWhORfUCO68vtG/WIuA2MQ8H0=,Zvv+K7+IdFhZeBYJQoo2UBZ+7rs=
-35,35,KaAWhORfUCO68vtG/WIuA2MQ8H0=,Zvv+K7+IdFhZeBYJQoo2UBZ+7rs=
-45,33,KaAWhORfUCO68vtG/WIuA2MQ8H0=,JYuvpuOkylqhEpK7IxYfUmIrA3U=
-37,35,KaAWhORfUCO68vtG/WIuA2MQ8H0=,Zvv+K7+IdFhZeBYJQoo2UBZ+7rs=
-46,35,KaAWhORfUCO68vtG/WIuA2MQ8H0=,JYuvpuOkylqhEpK7IxYfUmIrA3U=
-38,35,KaAWhORfUCO68vtG/WIuA2MQ8H0=,Zvv+K7+IdFhZeBYJQoo2UBZ+7rs=
-41,36,KaAWhORfUCO68vtG/WIuA2MQ8H0=,JYuvpuOkylqhEpK7IxYfUmIrA3U=
-42,46,KaAWhORfUCO68vtG/WIuA2MQ8H0=,JR+UQU1LBJWm4xYxyXHUOffQw7A=
-41,37,KaAWhORfUCO68vtG/WIuA2MQ8H0=,JYuvpuOkylqhEpK7IxYfUmIrA3U=
-44,33,KaAWhORfUCO68vtG/WIuA2MQ8H0=,JYuvpuOkylqhEpK7IxYfUmIrA3U=
-40,45,KaAWhORfUCO68vtG/WIuA2MQ8H0=,yMLu4n+yseM9uUA3Z3wVyvEdqWw=
-41,46,KaAWhORfUCO68vtG/WIuA2MQ8H0=,JR+UQU1LBJWm4xYxyXHUOffQw7A=
-34,35,KaAWhORfUCO68vtG/WIuA2MQ8H0=,Zvv+K7+IdFhZeBYJQoo2UBZ+7rs=
-39,35,KaAWhORfUCO68vtG/WIuA2MQ8H0=,Zvv+K7+IdFhZeBYJQoo2UBZ+7rs=
-45,35,KaAWhORfUCO68vtG/WIuA2MQ8H0=,JYuvpuOkylqhEpK7IxYfUmIrA3U=
-43,33,KaAWhORfUCO68vtG/WIuA2MQ8H0=,JYuvpuOkylqhEpK7IxYfUmIrA3U=
-39,32,KaAWhORfUCO68vtG/WIuA2MQ8H0=,Zvv+K7+IdFhZeBYJQoo2UBZ+7rs=
-40,35,KaAWhORfUCO68vtG/WIuA2MQ8H0=,Zvv+K7+IdFhZeBYJQoo2UBZ+7rs=
-33,35,KaAWhORfUCO68vtG/WIuA2MQ8H0=,Zvv+K7+IdFhZeBYJQoo2UBZ+7rs=
-47,39,KaAWhORfUCO68vtG/WIuA2MQ8H0=,JYuvpuOkylqhEpK7IxYfUmIrA3U=
-44,36,KaAWhORfUCO68vtG/WIuA2MQ8H0=,JYuvpuOkylqhEpK7IxYfUmIrA3U=
-43,46,KaAWhORfUCO68vtG/WIuA2MQ8H0=,JR+UQU1LBJWm4xYxyXHUOffQw7A=
-38,32,KaAWhORfUCO68vtG/WIuA2MQ8H0=,Zvv+K7+IdFhZeBYJQoo2UBZ+7rs=
-42,33,KaAWhORfUCO68vtG/WIuA2MQ8H0=,JYuvpuOkylqhEpK7IxYfUmIrA3U=
-46,39,KaAWhORfUCO68vtG/WIuA2MQ8H0=,JYuvpuOkylqhEpK7IxYfUmIrA3U=
-41,35,KaAWhORfUCO68vtG/WIuA2MQ8H0=,JYuvpuOkylqhEpK7IxYfUmIrA3U=
-37,32,KaAWhORfUCO68vtG/WIuA2MQ8H0=,Zvv+K7+IdFhZeBYJQoo2UBZ+7rs=
-33,34,KaAWhORfUCO68vtG/WIuA2MQ8H0=,Zvv+K7+IdFhZeBYJQoo2UBZ+7rs=
-44,46,KaAWhORfUCO68vtG/WIuA2MQ8H0=,JR+UQU1LBJWm4xYxyXHUOffQw7A=
-45,39,KaAWhORfUCO68vtG/WIuA2MQ8H0=,JYuvpuOkylqhEpK7IxYfUmIrA3U=
-41,38,KaAWhORfUCO68vtG/WIuA2MQ8H0=,JYuvpuOkylqhEpK7IxYfUmIrA3U=
-36,32,KaAWhORfUCO68vtG/WIuA2MQ8H0=,Zvv+K7+IdFhZeBYJQoo2UBZ+7rs=
-34,32,KaAWhORfUCO68vtG/WIuA2MQ8H0=,Zvv+K7+IdFhZeBYJQoo2UBZ+7rs=
-35,32,KaAWhORfUCO68vtG/WIuA2MQ8H0=,Zvv+K7+IdFhZeBYJQoo2UBZ+7rs=
-34,34,KaAWhORfUCO68vtG/WIuA2MQ8H0=,Zvv+K7+IdFhZeBYJQoo2UBZ+7rs=
-46,32,KaAWhORfUCO68vtG/WIuA2MQ8H0=,JYuvpuOkylqhEpK7IxYfUmIrA3U=
-44,39,KaAWhORfUCO68vtG/WIuA2MQ8H0=,JYuvpuOkylqhEpK7IxYfUmIrA3U=
-40,36,KaAWhORfUCO68vtG/WIuA2MQ8H0=,Zvv+K7+IdFhZeBYJQoo2UBZ+7rs=
-35,34,KaAWhORfUCO68vtG/WIuA2MQ8H0=,Zvv+K7+IdFhZeBYJQoo2UBZ+7rs=
-40,32,KaAWhORfUCO68vtG/WIuA2MQ8H0=,Zvv+K7+IdFhZeBYJQoo2UBZ+7rs=
-40,40,KaAWhORfUCO68vtG/WIuA2MQ8H0=,yMLu4n+yseM9uUA3Z3wVyvEdqWw=
-45,32,KaAWhORfUCO68vtG/WIuA2MQ8H0=,JYuvpuOkylqhEpK7IxYfUmIrA3U=
-39,36,KaAWhORfUCO68vtG/WIuA2MQ8H0=,Zvv+K7+IdFhZeBYJQoo2UBZ+7rs=
-47,32,KaAWhORfUCO68vtG/WIuA2MQ8H0=,JYuvpuOkylqhEpK7IxYfUmIrA3U=
-44,32,KaAWhORfUCO68vtG/WIuA2MQ8H0=,JYuvpuOkylqhEpK7IxYfUmIrA3U=
-43,39,KaAWhORfUCO68vtG/WIuA2MQ8H0=,JYuvpuOkylqhEpK7IxYfUmIrA3U=
-46,46,KaAWhORfUCO68vtG/WIuA2MQ8H0=,JR+UQU1LBJWm4xYxyXHUOffQw7A=
-48,34,KaAWhORfUCO68vtG/WIuA2MQ8H0=,JYuvpuOkylqhEpK7IxYfUmIrA3U=
-45,46,KaAWhORfUCO68vtG/WIuA2MQ8H0=,JR+UQU1LBJWm4xYxyXHUOffQw7A=
-38,36,KaAWhORfUCO68vtG/WIuA2MQ8H0=,Zvv+K7+IdFhZeBYJQoo2UBZ+7rs=
-42,39,KaAWhORfUCO68vtG/WIuA2MQ8H0=,JYuvpuOkylqhEpK7IxYfUmIrA3U=
-34,39,KaAWhORfUCO68vtG/WIuA2MQ8H0=,Zvv+K7+IdFhZeBYJQoo2UBZ+7rs=
-48,38,KaAWhORfUCO68vtG/WIuA2MQ8H0=,JYuvpuOkylqhEpK7IxYfUmIrA3U=
-37,36,KaAWhORfUCO68vtG/WIuA2MQ8H0=,Zvv+K7+IdFhZeBYJQoo2UBZ+7rs=
-41,32,KaAWhORfUCO68vtG/WIuA2MQ8H0=,JYuvpuOkylqhEpK7IxYfUmIrA3U=
-47,46,KaAWhORfUCO68vtG/WIuA2MQ8H0=,JR+UQU1LBJWm4xYxyXHUOffQw7A=
-43,32,KaAWhORfUCO68vtG/WIuA2MQ8H0=,JYuvpuOkylqhEpK7IxYfUmIrA3U=
-40,46,KaAWhORfUCO68vtG/WIuA2MQ8H0=,yMLu4n+yseM9uUA3Z3wVyvEdqWw=
-48,39,KaAWhORfUCO68vtG/WIuA2MQ8H0=,JYuvpuOkylqhEpK7IxYfUmIrA3U=
-39,40,KaAWhORfUCO68vtG/WIuA2MQ8H0=,yMLu4n+yseM9uUA3Z3wVyvEdqWw=
-48,46,KaAWhORfUCO68vtG/WIuA2MQ8H0=,JR+UQU1LBJWm4xYxyXHUOffQw7A=
-41,45,KaAWhORfUCO68vtG/WIuA2MQ8H0=,JR+UQU1LBJWm4xYxyXHUOffQw7A=
-48,32,KaAWhORfUCO68vtG/WIuA2MQ8H0=,JYuvpuOkylqhEpK7IxYfUmIrA3U=
-48,36,KaAWhORfUCO68vtG/WIuA2MQ8H0=,JYuvpuOkylqhEpK7IxYfUmIrA3U=
-41,39,KaAWhORfUCO68vtG/WIuA2MQ8H0=,JYuvpuOkylqhEpK7IxYfUmIrA3U=
-38,40,KaAWhORfUCO68vtG/WIuA2MQ8H0=,yMLu4n+yseM9uUA3Z3wVyvEdqWw=
-48,33,KaAWhORfUCO68vtG/WIuA2MQ8H0=,JYuvpuOkylqhEpK7IxYfUmIrA3U=
-42,45,KaAWhORfUCO68vtG/WIuA2MQ8H0=,JR+UQU1LBJWm4xYxyXHUOffQw7A=
-48,37,KaAWhORfUCO68vtG/WIuA2MQ8H0=,JYuvpuOkylqhEpK7IxYfUmIrA3U=
-40,41,KaAWhORfUCO68vtG/WIuA2MQ8H0=,yMLu4n+yseM9uUA3Z3wVyvEdqWw=
-48,35,KaAWhORfUCO68vtG/WIuA2MQ8H0=,JYuvpuOkylqhEpK7IxYfUmIrA3U=
-36,36,KaAWhORfUCO68vtG/WIuA2MQ8H0=,Zvv+K7+IdFhZeBYJQoo2UBZ+7rs=
-47,40,KaAWhORfUCO68vtG/WIuA2MQ8H0=,JR+UQU1LBJWm4xYxyXHUOffQw7A=
-35,39,KaAWhORfUCO68vtG/WIuA2MQ8H0=,Zvv+K7+IdFhZeBYJQoo2UBZ+7rs=
-43,45,KaAWhORfUCO68vtG/WIuA2MQ8H0=,JR+UQU1LBJWm4xYxyXHUOffQw7A=
-37,40,KaAWhORfUCO68vtG/WIuA2MQ8H0=,yMLu4n+yseM9uUA3Z3wVyvEdqWw=
-42,32,KaAWhORfUCO68vtG/WIuA2MQ8H0=,JYuvpuOkylqhEpK7IxYfUmIrA3U=
-48,40,KaAWhORfUCO68vtG/WIuA2MQ8H0=,JR+UQU1LBJWm4xYxyXHUOffQw7A=
-46,40,KaAWhORfUCO68vtG/WIuA2MQ8H0=,JR+UQU1LBJWm4xYxyXHUOffQw7A=
-36,40,KaAWhORfUCO68vtG/WIuA2MQ8H0=,yMLu4n+yseM9uUA3Z3wVyvEdqWw=
-44,45,KaAWhORfUCO68vtG/WIuA2MQ8H0=,JR+UQU1LBJWm4xYxyXHUOffQw7A=
-36,39,KaAWhORfUCO68vtG/WIuA2MQ8H0=,Zvv+K7+IdFhZeBYJQoo2UBZ+7rs=
-45,45,KaAWhORfUCO68vtG/WIuA2MQ8H0=,JR+UQU1LBJWm4xYxyXHUOffQw7A=
-35,40,KaAWhORfUCO68vtG/WIuA2MQ8H0=,yMLu4n+yseM9uUA3Z3wVyvEdqWw=
-47,45,KaAWhORfUCO68vtG/WIuA2MQ8H0=,JR+UQU1LBJWm4xYxyXHUOffQw7A=
-46,45,KaAWhORfUCO68vtG/WIuA2MQ8H0=,JR+UQU1LBJWm4xYxyXHUOffQw7A=
-44,40,KaAWhORfUCO68vtG/WIuA2MQ8H0=,JR+UQU1LBJWm4xYxyXHUOffQw7A=
-34,40,KaAWhORfUCO68vtG/WIuA2MQ8H0=,yMLu4n+yseM9uUA3Z3wVyvEdqWw=
-36,34,KaAWhORfUCO68vtG/WIuA2MQ8H0=,Zvv+K7+IdFhZeBYJQoo2UBZ+7rs=
-45,40,KaAWhORfUCO68vtG/WIuA2MQ8H0=,JR+UQU1LBJWm4xYxyXHUOffQw7A=
-34,47,KaAWhORfUCO68vtG/WIuA2MQ8H0=,yMLu4n+yseM9uUA3Z3wVyvEdqWw=
-39,47,KaAWhORfUCO68vtG/WIuA2MQ8H0=,yMLu4n+yseM9uUA3Z3wVyvEdqWw=
-48,45,KaAWhORfUCO68vtG/WIuA2MQ8H0=,JR+UQU1LBJWm4xYxyXHUOffQw7A=
-43,40,KaAWhORfUCO68vtG/WIuA2MQ8H0=,JR+UQU1LBJWm4xYxyXHUOffQw7A=
-35,36,KaAWhORfUCO68vtG/WIuA2MQ8H0=,Zvv+K7+IdFhZeBYJQoo2UBZ+7rs=
-35,47,KaAWhORfUCO68vtG/WIuA2MQ8H0=,yMLu4n+yseM9uUA3Z3wVyvEdqWw=
-38,47,KaAWhORfUCO68vtG/WIuA2MQ8H0=,yMLu4n+yseM9uUA3Z3wVyvEdqWw=
-37,47,KaAWhORfUCO68vtG/WIuA2MQ8H0=,yMLu4n+yseM9uUA3Z3wVyvEdqWw=
-40,42,KaAWhORfUCO68vtG/WIuA2MQ8H0=,yMLu4n+yseM9uUA3Z3wVyvEdqWw=
-36,47,KaAWhORfUCO68vtG/WIuA2MQ8H0=,yMLu4n+yseM9uUA3Z3wVyvEdqWw=
-34,36,KaAWhORfUCO68vtG/WIuA2MQ8H0=,Zvv+K7+IdFhZeBYJQoo2UBZ+7rs=
-41,44,KaAWhORfUCO68vtG/WIuA2MQ8H0=,JR+UQU1LBJWm4xYxyXHUOffQw7A=
-42,40,KaAWhORfUCO68vtG/WIuA2MQ8H0=,JR+UQU1LBJWm4xYxyXHUOffQw7A=
-37,34,KaAWhORfUCO68vtG/WIuA2MQ8H0=,Zvv+K7+IdFhZeBYJQoo2UBZ+7rs=
-40,44,KaAWhORfUCO68vtG/WIuA2MQ8H0=,yMLu4n+yseM9uUA3Z3wVyvEdqWw=
-41,40,KaAWhORfUCO68vtG/WIuA2MQ8H0=,JR+UQU1LBJWm4xYxyXHUOffQw7A=
-33,45,KaAWhORfUCO68vtG/WIuA2MQ8H0=,yMLu4n+yseM9uUA3Z3wVyvEdqWw=
-42,44,KaAWhORfUCO68vtG/WIuA2MQ8H0=,JR+UQU1LBJWm4xYxyXHUOffQw7A=
-48,41,KaAWhORfUCO68vtG/WIuA2MQ8H0=,JR+UQU1LBJWm4xYxyXHUOffQw7A=
-43,44,KaAWhORfUCO68vtG/WIuA2MQ8H0=,JR+UQU1LBJWm4xYxyXHUOffQw7A=
-38,34,KaAWhORfUCO68vtG/WIuA2MQ8H0=,Zvv+K7+IdFhZeBYJQoo2UBZ+7rs=
-47,47,KaAWhORfUCO68vtG/WIuA2MQ8H0=,JR+UQU1LBJWm4xYxyXHUOffQw7A=
-33,40,KaAWhORfUCO68vtG/WIuA2MQ8H0=,yMLu4n+yseM9uUA3Z3wVyvEdqWw=
-39,34,KaAWhORfUCO68vtG/WIuA2MQ8H0=,Zvv+K7+IdFhZeBYJQoo2UBZ+7rs=
-47,41,KaAWhORfUCO68vtG/WIuA2MQ8H0=,JR+UQU1LBJWm4xYxyXHUOffQw7A=
-40,34,KaAWhORfUCO68vtG/WIuA2MQ8H0=,Zvv+K7+IdFhZeBYJQoo2UBZ+7rs=
-44,44,KaAWhORfUCO68vtG/WIuA2MQ8H0=,JR+UQU1LBJWm4xYxyXHUOffQw7A=
-33,41,KaAWhORfUCO68vtG/WIuA2MQ8H0=,yMLu4n+yseM9uUA3Z3wVyvEdqWw=
-46,47,KaAWhORfUCO68vtG/WIuA2MQ8H0=,JR+UQU1LBJWm4xYxyXHUOffQw7A=
-33,33,KaAWhORfUCO68vtG/WIuA2MQ8H0=,Zvv+K7+IdFhZeBYJQoo2UBZ+7rs=
-46,41,KaAWhORfUCO68vtG/WIuA2MQ8H0=,JR+UQU1LBJWm4xYxyXHUOffQw7A=
-33,39,KaAWhORfUCO68vtG/WIuA2MQ8H0=,Zvv+K7+IdFhZeBYJQoo2UBZ+7rs=
-33,42,KaAWhORfUCO68vtG/WIuA2MQ8H0=,yMLu4n+yseM9uUA3Z3wVyvEdqWw=
-33,44,KaAWhORfUCO68vtG/WIuA2MQ8H0=,yMLu4n+yseM9uUA3Z3wVyvEdqWw=
-45,47,KaAWhORfUCO68vtG/WIuA2MQ8H0=,JR+UQU1LBJWm4xYxyXHUOffQw7A=
-33,43,KaAWhORfUCO68vtG/WIuA2MQ8H0=,yMLu4n+yseM9uUA3Z3wVyvEdqWw=
-40,37,KaAWhORfUCO68vtG/WIuA2MQ8H0=,Zvv+K7+IdFhZeBYJQoo2UBZ+7rs=
-34,33,KaAWhORfUCO68vtG/WIuA2MQ8H0=,Zvv+K7+IdFhZeBYJQoo2UBZ+7rs=
-45,41,KaAWhORfUCO68vtG/WIuA2MQ8H0=,JR+UQU1LBJWm4xYxyXHUOffQw7A=
-33,36,KaAWhORfUCO68vtG/WIuA2MQ8H0=,Zvv+K7+IdFhZeBYJQoo2UBZ+7rs=
-44,47,KaAWhORfUCO68vtG/WIuA2MQ8H0=,JR+UQU1LBJWm4xYxyXHUOffQw7A=
-35,33,KaAWhORfUCO68vtG/WIuA2MQ8H0=,Zvv+K7+IdFhZeBYJQoo2UBZ+7rs=
-33,46,KaAWhORfUCO68vtG/WIuA2MQ8H0=,yMLu4n+yseM9uUA3Z3wVyvEdqWw=
-33,47,KaAWhORfUCO68vtG/WIuA2MQ8H0=,yMLu4n+yseM9uUA3Z3wVyvEdqWw=
-39,37,KaAWhORfUCO68vtG/WIuA2MQ8H0=,Zvv+K7+IdFhZeBYJQoo2UBZ+7rs=
-45,44,KaAWhORfUCO68vtG/WIuA2MQ8H0=,JR+UQU1LBJWm4xYxyXHUOffQw7A=
-44,41,KaAWhORfUCO68vtG/WIuA2MQ8H0=,JR+UQU1LBJWm4xYxyXHUOffQw7A=
-33,32,KaAWhORfUCO68vtG/WIuA2MQ8H0=,Zvv+K7+IdFhZeBYJQoo2UBZ+7rs=
-40,39,KaAWhORfUCO68vtG/WIuA2MQ8H0=,Zvv+K7+IdFhZeBYJQoo2UBZ+7rs=
-43,47,KaAWhORfUCO68vtG/WIuA2MQ8H0=,JR+UQU1LBJWm4xYxyXHUOffQw7A=
-38,37,KaAWhORfUCO68vtG/WIuA2MQ8H0=,Zvv+K7+IdFhZeBYJQoo2UBZ+7rs=
-43,41,KaAWhORfUCO68vtG/WIuA2MQ8H0=,JR+UQU1LBJWm4xYxyXHUOffQw7A=
-46,44,KaAWhORfUCO68vtG/WIuA2MQ8H0=,JR+UQU1LBJWm4xYxyXHUOffQw7A=
-48,47,KaAWhORfUCO68vtG/WIuA2MQ8H0=,JR+UQU1LBJWm4xYxyXHUOffQw7A=
-47,44,KaAWhORfUCO68vtG/WIuA2MQ8H0=,JR+UQU1LBJWm4xYxyXHUOffQw7A=
-42,47,KaAWhORfUCO68vtG/WIuA2MQ8H0=,JR+UQU1LBJWm4xYxyXHUOffQw7A=
-48,44,KaAWhORfUCO68vtG/WIuA2MQ8H0=,JR+UQU1LBJWm4xYxyXHUOffQw7A=
-37,37,KaAWhORfUCO68vtG/WIuA2MQ8H0=,Zvv+K7+IdFhZeBYJQoo2UBZ+7rs=
-42,41,KaAWhORfUCO68vtG/WIuA2MQ8H0=,JR+UQU1LBJWm4xYxyXHUOffQw7A=
-41,43,KaAWhORfUCO68vtG/WIuA2MQ8H0=,JR+UQU1LBJWm4xYxyXHUOffQw7A=
-42,43,KaAWhORfUCO68vtG/WIuA2MQ8H0=,JR+UQU1LBJWm4xYxyXHUOffQw7A=
-41,47,KaAWhORfUCO68vtG/WIuA2MQ8H0=,JR+UQU1LBJWm4xYxyXHUOffQw7A=
-43,43,KaAWhORfUCO68vtG/WIuA2MQ8H0=,JR+UQU1LBJWm4xYxyXHUOffQw7A=
-44,43,KaAWhORfUCO68vtG/WIuA2MQ8H0=,JR+UQU1LBJWm4xYxyXHUOffQw7A=
-36,37,KaAWhORfUCO68vtG/WIuA2MQ8H0=,Zvv+K7+IdFhZeBYJQoo2UBZ+7rs=
-41,41,KaAWhORfUCO68vtG/WIuA2MQ8H0=,JR+UQU1LBJWm4xYxyXHUOffQw7A=
-37,33,KaAWhORfUCO68vtG/WIuA2MQ8H0=,Zvv+K7+IdFhZeBYJQoo2UBZ+7rs=
-36,33,KaAWhORfUCO68vtG/WIuA2MQ8H0=,Zvv+K7+IdFhZeBYJQoo2UBZ+7rs=
-38,33,KaAWhORfUCO68vtG/WIuA2MQ8H0=,Zvv+K7+IdFhZeBYJQoo2UBZ+7rs=
-40,47,KaAWhORfUCO68vtG/WIuA2MQ8H0=,yMLu4n+yseM9uUA3Z3wVyvEdqWw=
-40,43,KaAWhORfUCO68vtG/WIuA2MQ8H0=,yMLu4n+yseM9uUA3Z3wVyvEdqWw=
-35,37,KaAWhORfUCO68vtG/WIuA2MQ8H0=,Zvv+K7+IdFhZeBYJQoo2UBZ+7rs=
-48,42,KaAWhORfUCO68vtG/WIuA2MQ8H0=,JR+UQU1LBJWm4xYxyXHUOffQw7A=
-47,43,KaAWhORfUCO68vtG/WIuA2MQ8H0=,JR+UQU1LBJWm4xYxyXHUOffQw7A=
-46,43,KaAWhORfUCO68vtG/WIuA2MQ8H0=,JR+UQU1LBJWm4xYxyXHUOffQw7A=
-48,43,KaAWhORfUCO68vtG/WIuA2MQ8H0=,JR+UQU1LBJWm4xYxyXHUOffQw7A=
-45,43,KaAWhORfUCO68vtG/WIuA2MQ8H0=,JR+UQU1LBJWm4xYxyXHUOffQw7A=
-47,42,KaAWhORfUCO68vtG/WIuA2MQ8H0=,JR+UQU1LBJWm4xYxyXHUOffQw7A=
-34,37,KaAWhORfUCO68vtG/WIuA2MQ8H0=,Zvv+K7+IdFhZeBYJQoo2UBZ+7rs=
-41,42,KaAWhORfUCO68vtG/WIuA2MQ8H0=,JR+UQU1LBJWm4xYxyXHUOffQw7A=
-42,42,KaAWhORfUCO68vtG/WIuA2MQ8H0=,JR+UQU1LBJWm4xYxyXHUOffQw7A=
-44,42,KaAWhORfUCO68vtG/WIuA2MQ8H0=,JR+UQU1LBJWm4xYxyXHUOffQw7A=
-43,42,KaAWhORfUCO68vtG/WIuA2MQ8H0=,JR+UQU1LBJWm4xYxyXHUOffQw7A=
-45,42,KaAWhORfUCO68vtG/WIuA2MQ8H0=,JR+UQU1LBJWm4xYxyXHUOffQw7A=
-46,42,KaAWhORfUCO68vtG/WIuA2MQ8H0=,JR+UQU1LBJWm4xYxyXHUOffQw7A=
-33,37,KaAWhORfUCO68vtG/WIuA2MQ8H0=,Zvv+K7+IdFhZeBYJQoo2UBZ+7rs=
-39,33,KaAWhORfUCO68vtG/WIuA2MQ8H0=,Zvv+K7+IdFhZeBYJQoo2UBZ+7rs=
-37,39,KaAWhORfUCO68vtG/WIuA2MQ8H0=,Zvv+K7+IdFhZeBYJQoo2UBZ+7rs=
-41,34,KaAWhORfUCO68vtG/WIuA2MQ8H0=,JYuvpuOkylqhEpK7IxYfUmIrA3U=
-38,39,KaAWhORfUCO68vtG/WIuA2MQ8H0=,Zvv+K7+IdFhZeBYJQoo2UBZ+7rs=
-40,33,KaAWhORfUCO68vtG/WIuA2MQ8H0=,Zvv+K7+IdFhZeBYJQoo2UBZ+7rs=
-39,39,KaAWhORfUCO68vtG/WIuA2MQ8H0=,Zvv+K7+IdFhZeBYJQoo2UBZ+7rs=
-40,38,KaAWhORfUCO68vtG/WIuA2MQ8H0=,Zvv+K7+IdFhZeBYJQoo2UBZ+7rs=
-41,33,KaAWhORfUCO68vtG/WIuA2MQ8H0=,JYuvpuOkylqhEpK7IxYfUmIrA3U=
-33,38,KaAWhORfUCO68vtG/WIuA2MQ8H0=,Zvv+K7+IdFhZeBYJQoo2UBZ+7rs=
-34,38,KaAWhORfUCO68vtG/WIuA2MQ8H0=,Zvv+K7+IdFhZeBYJQoo2UBZ+7rs=
-35,38,KaAWhORfUCO68vtG/WIuA2MQ8H0=,Zvv+K7+IdFhZeBYJQoo2UBZ+7rs=
-36,38,KaAWhORfUCO68vtG/WIuA2MQ8H0=,Zvv+K7+IdFhZeBYJQoo2UBZ+7rs=
-37,38,KaAWhORfUCO68vtG/WIuA2MQ8H0=,Zvv+K7+IdFhZeBYJQoo2UBZ+7rs=
-38,38,KaAWhORfUCO68vtG/WIuA2MQ8H0=,Zvv+K7+IdFhZeBYJQoo2UBZ+7rs=
-39,38,KaAWhORfUCO68vtG/WIuA2MQ8H0=,Zvv+K7+IdFhZeBYJQoo2UBZ+7rs=
