-8,0,RT/1j2BSStS1eHnenbvgOPSm8uk=,THonJkPuZNemP4gD8x1W/Ig7nVA=
-8,1,RT/1j2BSStS1eHnenbvgOPSm8uk=,WtwpUVQJu6IzamHCfYgg+g08Kx4=
-8,2,RT/1j2BSStS1eHnenbvgOPSm8uk=,trzXi07Fh42YFI4Ox15vHPzMXac=
-8,3,RT/1j2BSStS1eHnenbvgOPSm8uk=,TN/Kp90q5rUJHo7s+C0sjXVw8Oo=
-8,4,RT/1j2BSStS1eHnenbvgOPSm8uk=,TN/Kp90q5rUJHo7s+C0sjXVw8Oo=
-8,5,xc1raX+VvgG6VfRemLQResPrOkA=,TN/Kp90q5rUJHo7s+C0sjXVw8Oo=
-8,6,xc1raX+VvgG6VfRemLQResPrOkA=,TN/Kp90q5rUJHo7s+C0sjXVw8Oo=
-8,7,xc1raX+VvgG6VfRemLQResPrOkA=,TN/Kp90q5rUJHo7s+C0sjXVw8Oo=
-7,1,KKLwSMpJfaiPl18BDj5InTDzfvA=,6cHZURraVSHg2avlI9aSO0pUOfM=
-7,0,KKLwSMpJfaiPl18BDj5InTDzfvA=,AY5L8pzTaKeG7oxIN+FZEk0Hr7M=
-7,3,o/LOPLgiP156TUirwgXChfVXFVk=,hZwa7nyzPrvVkeeVmQsPdORN9Ns=
-7,2,KKLwSMpJfaiPl18BDj5InTDzfvA=,Zo+8kD4MbBLR7zVx3r+eO9Jw4yc=
-7,5,Ak4W9kFYclGfVZLbBvR474Z6Nrw=,PrImPmAcniuvr5VTwf6J23/sQR0=
-7,4,EKrsEIKWHeC1u3XZVYmUkdlhmxc=,TN/Kp90q5rUJHo7s+C0sjXVw8Oo=
-7,7,EKrsEIKWHeC1u3XZVYmUkdlhmxc=,TN/Kp90q5rUJHo7s+C0sjXVw8Oo=
-7,6,Ak4W9kFYclGfVZLbBvR474Z6Nrw=,XLueU0JOMxkzVjWSEhC6H4uyYSg=
-6,2,Ak4W9kFYclGfVZLbBvR474Z6Nrw=,4Wf+FlIxKP7FZ4hS359kD9O1d44=
-6,3,xkVLqOjYZChdjUrusi7t1m02wfw=,JZFhAkrKH8LAnzzJaDPdX8KLWc0=
-6,0,Ak4W9kFYclGfVZLbBvR474Z6Nrw=,rcEjriLjacpotVRvTzDak227jDw=
-6,1,Ak4W9kFYclGfVZLbBvR474Z6Nrw=,bK3zGtn+VJXaAKkhCld4/us8NhU=
-6,6,Ak4W9kFYclGfVZLbBvR474Z6Nrw=,dJ6VNzm1VSukv/UCkKITR1P8P/E=
-6,7,+jkIOrsAoQmmCY9YCoWZAp/+O6s=,TN/Kp90q5rUJHo7s+C0sjXVw8Oo=
-6,4,Ak4W9kFYclGfVZLbBvR474Z6Nrw=,NdDSa2eyokwWSgYJU+MbvlByjHQ=
-6,5,Ak4W9kFYclGfVZLbBvR474Z6Nrw=,QxyDjW6zhA51qxUoh4dJWj6HMuw=
-5,3,Ak4W9kFYclGfVZLbBvR474Z6Nrw=,0zvpcjxLnMIzvooVYnHaTlK2x3A=
-5,2,Ak4W9kFYclGfVZLbBvR474Z6Nrw=,BRmGRxqaqWWlXSYeynm0Kfwc/0M=
-5,1,Ak4W9kFYclGfVZLbBvR474Z6Nrw=,oC1gfM9R22e0NE5A+VYuD257InI=
-5,0,Ak4W9kFYclGfVZLbBvR474Z6Nrw=,ch5El86aoqKGoivlJn68EAj1ce0=
-5,7,DdPFzcJ5LV0RvxKwlz6f7nvSAzU=,TN/Kp90q5rUJHo7s+C0sjXVw8Oo=
-5,6,Ak4W9kFYclGfVZLbBvR474Z6Nrw=,+YTW8NGbVxfPiyKGfA1yQgruMaY=
-5,5,Ak4W9kFYclGfVZLbBvR474Z6Nrw=,vJE0BCFT5Ee/MIW6WqpYNhuFYjU=
-5,4,Ak4W9kFYclGfVZLbBvR474Z6Nrw=,//t0qwuXY4O33IMTehHwt1C+770=
-4,4,Ak4W9kFYclGfVZLbBvR474Z6Nrw=,mJABiid5pJvrrL6m+lOHE2BQ2p4=
-4,5,Ak4W9kFYclGfVZLbBvR474Z6Nrw=,tzs8NFjBrlKAeESsPhB2LqXVR+k=
-4,6,sNy5n/Qi9r77JmxtgjV0vwkRqPE=,dhG/WCKivnNjvOJ6c3XrmwzEiPQ=
-4,7,e5sx4ZCk1ZSdouKWkEiHyDzP0ks=,TN/Kp90q5rUJHo7s+C0sjXVw8Oo=
-4,0,sNy5n/Qi9r77JmxtgjV0vwkRqPE=,/o7i3AlRnFmyufDJ+TelxhShkac=
-4,1,sNy5n/Qi9r77JmxtgjV0vwkRqPE=,Mq0NxeGIXoKPH/SrdpppxsN3bIQ=
-4,2,sNy5n/Qi9r77JmxtgjV0vwkRqPE=,w3pF7Y9rbeCbL/RX7eRhg5V9yPY=
-4,3,sNy5n/Qi9r77JmxtgjV0vwkRqPE=,0TEqmMq9fsrf9927VECr9jEpTmc=
-3,5,sNy5n/Qi9r77JmxtgjV0vwkRqPE=,b1hZHNPcMmwBCEJTY74oX+AMB/I=
-3,4,sNy5n/Qi9r77JmxtgjV0vwkRqPE=,acFYdyoOcL13/gx/oGzs8R7t1zs=
-3,7,79L46P4H59bPfsUs7+Y24/8Nr/U=,TN/Kp90q5rUJHo7s+C0sjXVw8Oo=
-3,6,sNy5n/Qi9r77JmxtgjV0vwkRqPE=,RQsne0/J9aq+QWTS/7+p137UNb8=
-3,1,sNy5n/Qi9r77JmxtgjV0vwkRqPE=,Mq0NxeGIXoKPH/SrdpppxsN3bIQ=
-3,0,buw03wSpxfHN7ymuNCztakvoExM=,jsDIWh26IReBB39TU/2Et8bPfvs=
-3,3,sNy5n/Qi9r77JmxtgjV0vwkRqPE=,xMJJGTtxQFYz9vXKJZOUtmnJQXI=
-3,2,sNy5n/Qi9r77JmxtgjV0vwkRqPE=,bQmCMU3rbIOUuvhK9rJ6s8i1fq0=
-2,6,cKGARa/MxUhME89P/vKCwRmZheA=,TN/Kp90q5rUJHo7s+C0sjXVw8Oo=
-2,7,cKGARa/MxUhME89P/vKCwRmZheA=,TN/Kp90q5rUJHo7s+C0sjXVw8Oo=
-2,4,REp0S+XJxA6bJKYOC5QjSX54nFs=,TN/Kp90q5rUJHo7s+C0sjXVw8Oo=
-2,5,REp0S+XJxA6bJKYOC5QjSX54nFs=,TN/Kp90q5rUJHo7s+C0sjXVw8Oo=
-2,2,sNy5n/Qi9r77JmxtgjV0vwkRqPE=,rO/cm5ku0r9J7J15meZZfqqaS5M=
-2,3,sNy5n/Qi9r77JmxtgjV0vwkRqPE=,lIljDQxx2NHWTknT0z5dv70wpwc=
-2,0,TxupmvkyN6OC3TaERSP/B25gYP0=,OwhmVGe8HvqoANJk5HBOxrUwjN8=
-2,1,ND5uqrZTUdvhq3D6et3T4ckqhYI=,erxwiZDN/624gzRs7EnQfpMxJt8=
-1,7,EDWni/KmP2BCYakoTBWvSIlZf6Q=,TN/Kp90q5rUJHo7s+C0sjXVw8Oo=
-1,6,TxupmvkyN6OC3TaERSP/B25gYP0=,+0iJXSZCVAraizk00ipkVtaG3WQ=
-1,5,TxupmvkyN6OC3TaERSP/B25gYP0=,1WgaOQ4vO9r0NLQIbOgNpA0LeYY=
-1,4,kbEgpNis47CmCc78HQ2oqoif7hI=,TN/Kp90q5rUJHo7s+C0sjXVw8Oo=
-1,3,TxupmvkyN6OC3TaERSP/B25gYP0=,mQ7AD54pIepXgO0qdnGWqCqwANg=
-1,2,kbEgpNis47CmCc78HQ2oqoif7hI=,TN/Kp90q5rUJHo7s+C0sjXVw8Oo=
-1,1,TxupmvkyN6OC3TaERSP/B25gYP0=,mQ7AD54pIepXgO0qdnGWqCqwANg=
-1,0,TxupmvkyN6OC3TaERSP/B25gYP0=,orYj/0zd7Ev8dUP7MPH50hPzUTY=
