0,0,R4WOEDJ38WwhTKLiJsyZe7LvXQE=,aNMtedP+2GQMp7GeMKWioBuVjqI=
0,1,R4WOEDJ38WwhTKLiJsyZe7LvXQE=,eIsSvuho/UFAKogL0ovBiwX7QPA=
0,2,R4WOEDJ38WwhTKLiJsyZe7LvXQE=,6446tKC105slSTnk2LeXmq5N+Rk=
0,3,1jX8eSLeURu1b4Z8BAwK9st9s5E=,Xb4WLB+BBVdRIDxtAE9MaKXbBgQ=
0,4,1jX8eSLeURu1b4Z8BAwK9st9s5E=,QsUijHla0y+rC8o6YappXZ6f4Rg=
0,5,1jX8eSLeURu1b4Z8BAwK9st9s5E=,hi0+THSeqa6cewTXGEg2DWDjanw=
0,6,1jX8eSLeURu1b4Z8BAwK9st9s5E=,qkC9QYuzkKkP5uHouwWqi3gVScQ=
0,7,1jX8eSLeURu1b4Z8BAwK9st9s5E=,2PBaxmpqZAohfP5Yb/Ms8hwvy8o=
1,1,1jX8eSLeURu1b4Z8BAwK9st9s5E=,kPvA3uif5o1fmv/Iq//+LZQxcnE=
1,0,1jX8eSLeURu1b4Z8BAwK9st9s5E=,dfu/S03reeQorgwro99MIzk3Izk=
1,3,ESkRtgWXCd/xGxQRm6sR6BP+z/0=,Q/XxNLtyBU/TTCGwSGHyAO+fL2Q=
1,2,ESkRtgWXCd/xGxQRm6sR6BP+z/0=,XuXdZFAZDgt2gRqWnwiDSO/WJ7o=
1,5,ESkRtgWXCd/xGxQRm6sR6BP+z/0=,IhycghgmBJ6e+j/KfcDDcQF8BqE=
1,4,i+KN2bUvij57SFOeI43iDbLlAH0=,PZxoOA4CJopHbPOYfImqbLA8ZpE=
1,7,i+KN2bUvij57SFOeI43iDbLlAH0=,PgjyqWXRDqitB6oLa26NUcnB7jM=
1,6,i+KN2bUvij57SFOeI43iDbLlAH0=,eE3msFBAuaxlMp+KlPe2RKW0EHw=
2,2,ovUdoHx80dnq1I5508Rm3a++EX0=,Cq1VQSsqj8S5X423LPyUOFGVp0g=
2,3,ovUdoHx80dnq1I5508Rm3a++EX0=,Cq1VQSsqj8S5X423LPyUOFGVp0g=
2,0,ovUdoHx80dnq1I5508Rm3a++EX0=,Cq1VQSsqj8S5X423LPyUOFGVp0g=
2,1,ovUdoHx80dnq1I5508Rm3a++EX0=,Cq1VQSsqj8S5X423LPyUOFGVp0g=
2,6,zVMpJF2ong/uLWADB5wjb4vermU=,O/lKKjH4rw70vghFEKsEGPxCCHk=
2,7,zVMpJF2ong/uLWADB5wjb4vermU=,rR5SZTm4kQM+NbhyC28nkDV+Jrk=
2,4,zVMpJF2ong/uLWADB5wjb4vermU=,VcbgUZmD9D7NqtspSqImq5KFuRo=
2,5,twNszJvCTRJWA0CN7lcnWFrbKZY=,/haS06biQgkDEnIjrInBgPsv/8s=
3,3,twNszJvCTRJWA0CN7lcnWFrbKZY=,Cq1VQSsqj8S5X423LPyUOFGVp0g=
3,2,twNszJvCTRJWA0CN7lcnWFrbKZY=,Cq1VQSsqj8S5X423LPyUOFGVp0g=
3,1,twNszJvCTRJWA0CN7lcnWFrbKZY=,Cq1VQSsqj8S5X423LPyUOFGVp0g=
3,0,ZLPxeyxXlY8Bt5GZ4ZBe0JlN+Uo=,Cq1VQSsqj8S5X423LPyUOFGVp0g=
3,7,ZLPxeyxXlY8Bt5GZ4ZBe0JlN+Uo=,Cq1VQSsqj8S5X423LPyUOFGVp0g=
3,6,ZLPxeyxXlY8Bt5GZ4ZBe0JlN+Uo=,Cq1VQSsqj8S5X423LPyUOFGVp0g=
3,5,wYbMp7zzhWOlzHdCFezWsYX+YOY=,Cq1VQSsqj8S5X423LPyUOFGVp0g=
3,4,wYbMp7zzhWOlzHdCFezWsYX+YOY=,Cq1VQSsqj8S5X423LPyUOFGVp0g=
4,4,wYbMp7zzhWOlzHdCFezWsYX+YOY=,Cq1VQSsqj8S5X423LPyUOFGVp0g=
4,5,wYbMp7zzhWOlzHdCFezWsYX+YOY=,Cq1VQSsqj8S5X423LPyUOFGVp0g=
4,6,wYbMp7zzhWOlzHdCFezWsYX+YOY=,Cq1VQSsqj8S5X423LPyUOFGVp0g=
4,7,dEewrW/kcaVCAeP6/kkuV4CRl6Y=,Cq1VQSsqj8S5X423LPyUOFGVp0g=
4,0,dEewrW/kcaVCAeP6/kkuV4CRl6Y=,Cq1VQSsqj8S5X423LPyUOFGVp0g=
4,1,dEewrW/kcaVCAeP6/kkuV4CRl6Y=,Cq1VQSsqj8S5X423LPyUOFGVp0g=
4,2,Yx+js9a09gxJIL+JAzmQs4QMXIQ=,Cq1VQSsqj8S5X423LPyUOFGVp0g=
4,3,Yx+js9a09gxJIL+JAzmQs4QMXIQ=,Cq1VQSsqj8S5X423LPyUOFGVp0g=
5,5,Yx+js9a09gxJIL+JAzmQs4QMXIQ=,Cq1VQSsqj8S5X423LPyUOFGVp0g=
5,4,Inl/Ss32Lw6cjEwRQcNcuS7QjLc=,Cq1VQSsqj8S5X423LPyUOFGVp0g=
5,7,Inl/Ss32Lw6cjEwRQcNcuS7QjLc=,Cq1VQSsqj8S5X423LPyUOFGVp0g=
5,6,Inl/Ss32Lw6cjEwRQcNcuS7QjLc=,Cq1VQSsqj8S5X423LPyUOFGVp0g=
5,1,Inl/Ss32Lw6cjEwRQcNcuS7QjLc=,Cq1VQSsqj8S5X423LPyUOFGVp0g=
5,0,9+e1EQ0PiRQax391hdmE0sC+gdc=,Cq1VQSsqj8S5X423LPyUOFGVp0g=
5,3,9+e1EQ0PiRQax391hdmE0sC+gdc=,Cq1VQSsqj8S5X423LPyUOFGVp0g=
5,2,9+e1EQ0PiRQax391hdmE0sC+gdc=,Cq1VQSsqj8S5X423LPyUOFGVp0g=
6,6,9+e1EQ0PiRQax391hdmE0sC+gdc=,Cq1VQSsqj8S5X423LPyUOFGVp0g=
6,7,xo+jmgcBiPWAJ8QTytMoRuT93C4=,Cq1VQSsqj8S5X423LPyUOFGVp0g=
6,4,xo+jmgcBiPWAJ8QTytMoRuT93C4=,Cq1VQSsqj8S5X423LPyUOFGVp0g=
6,5,xo+jmgcBiPWAJ8QTytMoRuT93C4=,Cq1VQSsqj8S5X423LPyUOFGVp0g=
6,2,E/xQmTD5xGEE3kZrkKiIwezKC9E=,Cq1VQSsqj8S5X423LPyUOFGVp0g=
6,3,E/xQmTD5xGEE3kZrkKiIwezKC9E=,Cq1VQSsqj8S5X423LPyUOFGVp0g=
6,0,E/xQmTD5xGEE3kZrkKiIwezKC9E=,Cq1VQSsqj8S5X423LPyUOFGVp0g=
6,1,E/xQmTD5xGEE3kZrkKiIwezKC9E=,Cq1VQSsqj8S5X423LPyUOFGVp0g=
7,7,7jbzmJKVzKWAu0XWT5X3B3nCgPg=,Cq1VQSsqj8S5X423LPyUOFGVp0g=
7,6,7jbzmJKVzKWAu0XWT5X3B3nCgPg=,Cq1VQSsqj8S5X423LPyUOFGVp0g=
7,5,7jbzmJKVzKWAu0XWT5X3B3nCgPg=,Cq1VQSsqj8S5X423LPyUOFGVp0g=
7,4,LqTBZyLv4LCzDinATHOs+dV4dUM=,Cq1VQSsqj8S5X423LPyUOFGVp0g=
7,3,LqTBZyLv4LCzDinATHOs+dV4dUM=,Cq1VQSsqj8S5X423LPyUOFGVp0g=
7,2,LqTBZyLv4LCzDinATHOs+dV4dUM=,Cq1VQSsqj8S5X423LPyUOFGVp0g=
7,1,LqTBZyLv4LCzDinATHOs+dV4dUM=,Cq1VQSsqj8S5X423LPyUOFGVp0g=
7,0,5iXq2hw6UA1a/J/JhV0zU63xtzc=,Cq1VQSsqj8S5X423LPyUOFGVp0g=
