-15,-7,jnx/7EEKu4jAOJv2zwxLnUzQOFA=,2LQ1/sMOY4kTISVGO1Gkd/nO8p0=
-11,-3,jnx/7EEKu4jAOJv2zwxLnUzQOFA=,dSqxq8H+m465SZl86zTOfmM8Gnk=
-14,-6,jnx/7EEKu4jAOJv2zwxLnUzQOFA=,2LQ1/sMOY4kTISVGO1Gkd/nO8p0=
-10,-3,jnx/7EEKu4jAOJv2zwxLnUzQOFA=,dSqxq8H+m465SZl86zTOfmM8Gnk=
-15,-6,jnx/7EEKu4jAOJv2zwxLnUzQOFA=,2LQ1/sMOY4kTISVGO1Gkd/nO8p0=
-14,-7,jnx/7EEKu4jAOJv2zwxLnUzQOFA=,2LQ1/sMOY4kTISVGO1Gkd/nO8p0=
-10,-2,jnx/7EEKu4jAOJv2zwxLnUzQOFA=,dSqxq8H+m465SZl86zTOfmM8Gnk=
-11,-2,jnx/7EEKu4jAOJv2zwxLnUzQOFA=,dSqxq8H+m465SZl86zTOfmM8Gnk=
-11,-5,jnx/7EEKu4jAOJv2zwxLnUzQOFA=,333219LaojdnTuZVpLH9LO9CyIg=
-10,-5,jnx/7EEKu4jAOJv2zwxLnUzQOFA=,333219LaojdnTuZVpLH9LO9CyIg=
-13,-6,jnx/7EEKu4jAOJv2zwxLnUzQOFA=,2LQ1/sMOY4kTISVGO1Gkd/nO8p0=
-12,-7,jnx/7EEKu4jAOJv2zwxLnUzQOFA=,333219LaojdnTuZVpLH9LO9CyIg=
-12,-5,jnx/7EEKu4jAOJv2zwxLnUzQOFA=,333219LaojdnTuZVpLH9LO9CyIg=
-10,-4,jnx/7EEKu4jAOJv2zwxLnUzQOFA=,dSqxq8H+m465SZl86zTOfmM8Gnk=
-12,-3,jnx/7EEKu4jAOJv2zwxLnUzQOFA=,dSqxq8H+m465SZl86zTOfmM8Gnk=
-11,-4,jnx/7EEKu4jAOJv2zwxLnUzQOFA=,dSqxq8H+m465SZl86zTOfmM8Gnk=
-11,-7,jnx/7EEKu4jAOJv2zwxLnUzQOFA=,333219LaojdnTuZVpLH9LO9CyIg=
-11,-6,jnx/7EEKu4jAOJv2zwxLnUzQOFA=,333219LaojdnTuZVpLH9LO9CyIg=
-10,-6,jnx/7EEKu4jAOJv2zwxLnUzQOFA=,333219LaojdnTuZVpLH9LO9CyIg=
-15,-3,jnx/7EEKu4jAOJv2zwxLnUzQOFA=,lkk3RMl5HYeSV7/eebzMLM8+3cU=
-12,-2,jnx/7EEKu4jAOJv2zwxLnUzQOFA=,dSqxq8H+m465SZl86zTOfmM8Gnk=
-10,-7,jnx/7EEKu4jAOJv2zwxLnUzQOFA=,333219LaojdnTuZVpLH9LO9CyIg=
-12,-6,jnx/7EEKu4jAOJv2zwxLnUzQOFA=,333219LaojdnTuZVpLH9LO9CyIg=
-13,-7,jnx/7EEKu4jAOJv2zwxLnUzQOFA=,2LQ1/sMOY4kTISVGO1Gkd/nO8p0=
-14,-3,jnx/7EEKu4jAOJv2zwxLnUzQOFA=,lkk3RMl5HYeSV7/eebzMLM8+3cU=
-13,-2,jnx/7EEKu4jAOJv2zwxLnUzQOFA=,lkk3RMl5HYeSV7/eebzMLM8+3cU=
-13,-3,jnx/7EEKu4jAOJv2zwxLnUzQOFA=,lkk3RMl5HYeSV7/eebzMLM8+3cU=
-14,-2,jnx/7EEKu4jAOJv2zwxLnUzQOFA=,lkk3RMl5HYeSV7/eebzMLM8+3cU=
-13,-4,jnx/7EEKu4jAOJv2zwxLnUzQOFA=,lkk3RMl5HYeSV7/eebzMLM8+3cU=
-15,-5,jnx/7EEKu4jAOJv2zwxLnUzQOFA=,2LQ1/sMOY4kTISVGO1Gkd/nO8p0=
-15,-2,jnx/7EEKu4jAOJv2zwxLnUzQOFA=,lkk3RMl5HYeSV7/eebzMLM8+3cU=
-12,-4,jnx/7EEKu4jAOJv2zwxLnUzQOFA=,dSqxq8H+m465SZl86zTOfmM8Gnk=
-14,-4,jnx/7EEKu4jAOJv2zwxLnUzQOFA=,lkk3RMl5HYeSV7/eebzMLM8+3cU=
-13,-5,jnx/7EEKu4jAOJv2zwxLnUzQOFA=,2LQ1/sMOY4kTISVGO1Gkd/nO8p0=
-14,-5,jnx/7EEKu4jAOJv2zwxLnUzQOFA=,2LQ1/sMOY4kTISVGO1Gkd/nO8p0=
-15,-4,jnx/7EEKu4jAOJv2zwxLnUzQOFA=,lkk3RMl5HYeSV7/eebzMLM8+3cU=
-2,-6,zXpyXmIi0pe+kCAeiObU3m6dGSg=,9Wcs13u9EMB4MX2dybrxsAILv8c=
-3,-6,izAO4Lo5RWfcoJBwC3g1bfwQ+Ro=,9Wcs13u9EMB4MX2dybrxsAILv8c=
-2,-7,zXpyXmIi0pe+kCAeiObU3m6dGSg=,9Wcs13u9EMB4MX2dybrxsAILv8c=
-3,-7,zXpyXmIi0pe+kCAeiObU3m6dGSg=,9Wcs13u9EMB4MX2dybrxsAILv8c=
-7,-7,zXpyXmIi0pe+kCAeiObU3m6dGSg=,kDBhAs+LOb9BEQl/WAmYGTsfHCE=
-8,-7,jnx/7EEKu4jAOJv2zwxLnUzQOFA=,kDBhAs+LOb9BEQl/WAmYGTsfHCE=
-6,-7,zXpyXmIi0pe+kCAeiObU3m6dGSg=,kDBhAs+LOb9BEQl/WAmYGTsfHCE=
-4,-7,zXpyXmIi0pe+kCAeiObU3m6dGSg=,9Wcs13u9EMB4MX2dybrxsAILv8c=
-8,-6,jnx/7EEKu4jAOJv2zwxLnUzQOFA=,kDBhAs+LOb9BEQl/WAmYGTsfHCE=
-5,-7,zXpyXmIi0pe+kCAeiObU3m6dGSg=,kDBhAs+LOb9BEQl/WAmYGTsfHCE=
-7,-6,zXpyXmIi0pe+kCAeiObU3m6dGSg=,kDBhAs+LOb9BEQl/WAmYGTsfHCE=
-6,-6,zXpyXmIi0pe+kCAeiObU3m6dGSg=,kDBhAs+LOb9BEQl/WAmYGTsfHCE=
-5,-6,zXpyXmIi0pe+kCAeiObU3m6dGSg=,kDBhAs+LOb9BEQl/WAmYGTsfHCE=
-2,-4,jnx/7EEKu4jAOJv2zwxLnUzQOFA=,eox00y6ZSDc7wcrhsS4JosQzvi4=
-2,-2,jnx/7EEKu4jAOJv2zwxLnUzQOFA=,eox00y6ZSDc7wcrhsS4JosQzvi4=
-3,-5,jnx/7EEKu4jAOJv2zwxLnUzQOFA=,9Wcs13u9EMB4MX2dybrxsAILv8c=
-9,-7,jnx/7EEKu4jAOJv2zwxLnUzQOFA=,333219LaojdnTuZVpLH9LO9CyIg=
-6,-3,WK9YiRrsQjNS43RKJG8RFp5QFOQ=,fzcSw7X+X/7uYguhuyVwY/y03vY=
-2,-5,jnx/7EEKu4jAOJv2zwxLnUzQOFA=,9Wcs13u9EMB4MX2dybrxsAILv8c=
-2,-3,jnx/7EEKu4jAOJv2zwxLnUzQOFA=,eox00y6ZSDc7wcrhsS4JosQzvi4=
-3,-2,jnx/7EEKu4jAOJv2zwxLnUzQOFA=,eox00y6ZSDc7wcrhsS4JosQzvi4=
-3,-4,jnx/7EEKu4jAOJv2zwxLnUzQOFA=,eox00y6ZSDc7wcrhsS4JosQzvi4=
-9,-6,jnx/7EEKu4jAOJv2zwxLnUzQOFA=,333219LaojdnTuZVpLH9LO9CyIg=
-4,-4,jnx/7EEKu4jAOJv2zwxLnUzQOFA=,eox00y6ZSDc7wcrhsS4JosQzvi4=
-3,-3,jnx/7EEKu4jAOJv2zwxLnUzQOFA=,eox00y6ZSDc7wcrhsS4JosQzvi4=
-5,-3,jnx/7EEKu4jAOJv2zwxLnUzQOFA=,fzcSw7X+X/7uYguhuyVwY/y03vY=
-4,-6,zXpyXmIi0pe+kCAeiObU3m6dGSg=,9Wcs13u9EMB4MX2dybrxsAILv8c=
-4,-5,jnx/7EEKu4jAOJv2zwxLnUzQOFA=,9Wcs13u9EMB4MX2dybrxsAILv8c=
-9,-4,jnx/7EEKu4jAOJv2zwxLnUzQOFA=,dSqxq8H+m465SZl86zTOfmM8Gnk=
-8,-2,jnx/7EEKu4jAOJv2zwxLnUzQOFA=,fzcSw7X+X/7uYguhuyVwY/y03vY=
-7,-3,WK9YiRrsQjNS43RKJG8RFp5QFOQ=,fzcSw7X+X/7uYguhuyVwY/y03vY=
-9,-2,jnx/7EEKu4jAOJv2zwxLnUzQOFA=,dSqxq8H+m465SZl86zTOfmM8Gnk=
-6,-2,WK9YiRrsQjNS43RKJG8RFp5QFOQ=,fzcSw7X+X/7uYguhuyVwY/y03vY=
-7,-2,WK9YiRrsQjNS43RKJG8RFp5QFOQ=,fzcSw7X+X/7uYguhuyVwY/y03vY=
-8,-3,jnx/7EEKu4jAOJv2zwxLnUzQOFA=,fzcSw7X+X/7uYguhuyVwY/y03vY=
-9,-3,jnx/7EEKu4jAOJv2zwxLnUzQOFA=,dSqxq8H+m465SZl86zTOfmM8Gnk=
-5,-2,jnx/7EEKu4jAOJv2zwxLnUzQOFA=,fzcSw7X+X/7uYguhuyVwY/y03vY=
-9,-5,jnx/7EEKu4jAOJv2zwxLnUzQOFA=,333219LaojdnTuZVpLH9LO9CyIg=
-8,-5,jnx/7EEKu4jAOJv2zwxLnUzQOFA=,kDBhAs+LOb9BEQl/WAmYGTsfHCE=
-4,-2,jnx/7EEKu4jAOJv2zwxLnUzQOFA=,eox00y6ZSDc7wcrhsS4JosQzvi4=
-7,-5,7SP6Ca3pJVnLrMuzJNKSic9dCWE=,kDBhAs+LOb9BEQl/WAmYGTsfHCE=
-7,-4,WK9YiRrsQjNS43RKJG8RFp5QFOQ=,fzcSw7X+X/7uYguhuyVwY/y03vY=
-6,-4,WK9YiRrsQjNS43RKJG8RFp5QFOQ=,fzcSw7X+X/7uYguhuyVwY/y03vY=
-8,-4,jnx/7EEKu4jAOJv2zwxLnUzQOFA=,fzcSw7X+X/7uYguhuyVwY/y03vY=
-5,-5,jnx/7EEKu4jAOJv2zwxLnUzQOFA=,kDBhAs+LOb9BEQl/WAmYGTsfHCE=
-5,-4,jnx/7EEKu4jAOJv2zwxLnUzQOFA=,fzcSw7X+X/7uYguhuyVwY/y03vY=
-6,-5,WK9YiRrsQjNS43RKJG8RFp5QFOQ=,kDBhAs+LOb9BEQl/WAmYGTsfHCE=
-6,-11,7SP6Ca3pJVnLrMuzJNKSic9dCWE=,XhvTbkjRfO0r7sLQzSB+9pquO2c=
-7,-10,7SP6Ca3pJVnLrMuzJNKSic9dCWE=,XhvTbkjRfO0r7sLQzSB+9pquO2c=
-4,-3,jnx/7EEKu4jAOJv2zwxLnUzQOFA=,eox00y6ZSDc7wcrhsS4JosQzvi4=
-6,-8,7SP6Ca3pJVnLrMuzJNKSic9dCWE=,kDBhAs+LOb9BEQl/WAmYGTsfHCE=
-6,-10,7SP6Ca3pJVnLrMuzJNKSic9dCWE=,XhvTbkjRfO0r7sLQzSB+9pquO2c=
-7,-9,zXpyXmIi0pe+kCAeiObU3m6dGSg=,XhvTbkjRfO0r7sLQzSB+9pquO2c=
-6,-9,zXpyXmIi0pe+kCAeiObU3m6dGSg=,XhvTbkjRfO0r7sLQzSB+9pquO2c=
-7,-11,zXpyXmIi0pe+kCAeiObU3m6dGSg=,XhvTbkjRfO0r7sLQzSB+9pquO2c=
-7,-8,7SP6Ca3pJVnLrMuzJNKSic9dCWE=,kDBhAs+LOb9BEQl/WAmYGTsfHCE=
-11,-10,6N7UCzjfBouiPLgvZ9p9uGwE1ZY=,uVzqnKVPwaSHtpgPdhSy+hup/ss=
-8,-11,WK9YiRrsQjNS43RKJG8RFp5QFOQ=,XhvTbkjRfO0r7sLQzSB+9pquO2c=
-9,-11,WK9YiRrsQjNS43RKJG8RFp5QFOQ=,uVzqnKVPwaSHtpgPdhSy+hup/ss=
-11,-11,1n3vKZZmq79P7dnhFeIL/Chx/7Y=,uVzqnKVPwaSHtpgPdhSy+hup/ss=
-10,-11,WK9YiRrsQjNS43RKJG8RFp5QFOQ=,uVzqnKVPwaSHtpgPdhSy+hup/ss=
-8,-8,jnx/7EEKu4jAOJv2zwxLnUzQOFA=,kDBhAs+LOb9BEQl/WAmYGTsfHCE=
-9,-9,jnx/7EEKu4jAOJv2zwxLnUzQOFA=,uVzqnKVPwaSHtpgPdhSy+hup/ss=
-8,-10,fYJjhDKb3DC/UgQEIQ4uyt4U5xo=,XhvTbkjRfO0r7sLQzSB+9pquO2c=
-10,-9,jnx/7EEKu4jAOJv2zwxLnUzQOFA=,uVzqnKVPwaSHtpgPdhSy+hup/ss=
-11,-9,jnx/7EEKu4jAOJv2zwxLnUzQOFA=,uVzqnKVPwaSHtpgPdhSy+hup/ss=
-8,-9,jnx/7EEKu4jAOJv2zwxLnUzQOFA=,XhvTbkjRfO0r7sLQzSB+9pquO2c=
-9,-10,WK9YiRrsQjNS43RKJG8RFp5QFOQ=,uVzqnKVPwaSHtpgPdhSy+hup/ss=
-9,-8,jnx/7EEKu4jAOJv2zwxLnUzQOFA=,333219LaojdnTuZVpLH9LO9CyIg=
-11,-8,jnx/7EEKu4jAOJv2zwxLnUzQOFA=,333219LaojdnTuZVpLH9LO9CyIg=
-10,-8,jnx/7EEKu4jAOJv2zwxLnUzQOFA=,333219LaojdnTuZVpLH9LO9CyIg=
-10,-10,WK9YiRrsQjNS43RKJG8RFp5QFOQ=,uVzqnKVPwaSHtpgPdhSy+hup/ss=
-2,-9,BT60eiRf/k7XJUzJzLBmYFVtzH8=,afzM8u3v6zRMmGYXCqbZSGtY7+0=
-5,-11,7SP6Ca3pJVnLrMuzJNKSic9dCWE=,XhvTbkjRfO0r7sLQzSB+9pquO2c=
-4,-8,zXpyXmIi0pe+kCAeiObU3m6dGSg=,9Wcs13u9EMB4MX2dybrxsAILv8c=
-4,-10,7SP6Ca3pJVnLrMuzJNKSic9dCWE=,afzM8u3v6zRMmGYXCqbZSGtY7+0=
-11,-15,jnx/7EEKu4jAOJv2zwxLnUzQOFA=,n2CyRMMoHS1jtayxHYNUl2SpVVA=
-4,-11,7SP6Ca3pJVnLrMuzJNKSic9dCWE=,afzM8u3v6zRMmGYXCqbZSGtY7+0=
-10,-15,jnx/7EEKu4jAOJv2zwxLnUzQOFA=,n2CyRMMoHS1jtayxHYNUl2SpVVA=
-2,-8,zXpyXmIi0pe+kCAeiObU3m6dGSg=,9Wcs13u9EMB4MX2dybrxsAILv8c=
-3,-10,zXpyXmIi0pe+kCAeiObU3m6dGSg=,afzM8u3v6zRMmGYXCqbZSGtY7+0=
-11,-14,jnx/7EEKu4jAOJv2zwxLnUzQOFA=,n2CyRMMoHS1jtayxHYNUl2SpVVA=
-2,-10,zXpyXmIi0pe+kCAeiObU3m6dGSg=,afzM8u3v6zRMmGYXCqbZSGtY7+0=
-10,-14,jnx/7EEKu4jAOJv2zwxLnUzQOFA=,n2CyRMMoHS1jtayxHYNUl2SpVVA=
-5,-8,BT60eiRf/k7XJUzJzLBmYFVtzH8=,kDBhAs+LOb9BEQl/WAmYGTsfHCE=
-10,-13,jnx/7EEKu4jAOJv2zwxLnUzQOFA=,n2CyRMMoHS1jtayxHYNUl2SpVVA=
-11,-13,jnx/7EEKu4jAOJv2zwxLnUzQOFA=,n2CyRMMoHS1jtayxHYNUl2SpVVA=
-11,-12,jnx/7EEKu4jAOJv2zwxLnUzQOFA=,uVzqnKVPwaSHtpgPdhSy+hup/ss=
-3,-8,zXpyXmIi0pe+kCAeiObU3m6dGSg=,9Wcs13u9EMB4MX2dybrxsAILv8c=
-10,-12,jnx/7EEKu4jAOJv2zwxLnUzQOFA=,uVzqnKVPwaSHtpgPdhSy+hup/ss=
-2,-11,7SP6Ca3pJVnLrMuzJNKSic9dCWE=,afzM8u3v6zRMmGYXCqbZSGtY7+0=
-5,-9,zXpyXmIi0pe+kCAeiObU3m6dGSg=,XhvTbkjRfO0r7sLQzSB+9pquO2c=
-3,-9,7SP6Ca3pJVnLrMuzJNKSic9dCWE=,afzM8u3v6zRMmGYXCqbZSGtY7+0=
-3,-11,7SP6Ca3pJVnLrMuzJNKSic9dCWE=,afzM8u3v6zRMmGYXCqbZSGtY7+0=
-4,-9,zXpyXmIi0pe+kCAeiObU3m6dGSg=,afzM8u3v6zRMmGYXCqbZSGtY7+0=
-5,-10,zXpyXmIi0pe+kCAeiObU3m6dGSg=,XhvTbkjRfO0r7sLQzSB+9pquO2c=
-6,-15,jnx/7EEKu4jAOJv2zwxLnUzQOFA=,MKXF5GTptQW2KcXEq8OiD8fuijA=
-7,-15,jnx/7EEKu4jAOJv2zwxLnUzQOFA=,MKXF5GTptQW2KcXEq8OiD8fuijA=
-8,-14,jnx/7EEKu4jAOJv2zwxLnUzQOFA=,MKXF5GTptQW2KcXEq8OiD8fuijA=
-8,-15,jnx/7EEKu4jAOJv2zwxLnUzQOFA=,MKXF5GTptQW2KcXEq8OiD8fuijA=
-9,-13,jnx/7EEKu4jAOJv2zwxLnUzQOFA=,n2CyRMMoHS1jtayxHYNUl2SpVVA=
-7,-14,jnx/7EEKu4jAOJv2zwxLnUzQOFA=,MKXF5GTptQW2KcXEq8OiD8fuijA=
-6,-14,jnx/7EEKu4jAOJv2zwxLnUzQOFA=,MKXF5GTptQW2KcXEq8OiD8fuijA=
-9,-12,jnx/7EEKu4jAOJv2zwxLnUzQOFA=,uVzqnKVPwaSHtpgPdhSy+hup/ss=
-9,-14,jnx/7EEKu4jAOJv2zwxLnUzQOFA=,n2CyRMMoHS1jtayxHYNUl2SpVVA=
-6,-12,jnx/7EEKu4jAOJv2zwxLnUzQOFA=,XhvTbkjRfO0r7sLQzSB+9pquO2c=
-8,-12,jnx/7EEKu4jAOJv2zwxLnUzQOFA=,XhvTbkjRfO0r7sLQzSB+9pquO2c=
-6,-13,jnx/7EEKu4jAOJv2zwxLnUzQOFA=,MKXF5GTptQW2KcXEq8OiD8fuijA=
-8,-13,jnx/7EEKu4jAOJv2zwxLnUzQOFA=,MKXF5GTptQW2KcXEq8OiD8fuijA=
-7,-13,jnx/7EEKu4jAOJv2zwxLnUzQOFA=,MKXF5GTptQW2KcXEq8OiD8fuijA=
-7,-12,jnx/7EEKu4jAOJv2zwxLnUzQOFA=,XhvTbkjRfO0r7sLQzSB+9pquO2c=
-9,-15,jnx/7EEKu4jAOJv2zwxLnUzQOFA=,n2CyRMMoHS1jtayxHYNUl2SpVVA=
-5,-15,jnx/7EEKu4jAOJv2zwxLnUzQOFA=,MKXF5GTptQW2KcXEq8OiD8fuijA=
-2,-12,jnx/7EEKu4jAOJv2zwxLnUzQOFA=,afzM8u3v6zRMmGYXCqbZSGtY7+0=
-5,-14,jnx/7EEKu4jAOJv2zwxLnUzQOFA=,MKXF5GTptQW2KcXEq8OiD8fuijA=
-7,-16,jnx/7EEKu4jAOJv2zwxLnUzQOFA=,MKXF5GTptQW2KcXEq8OiD8fuijA=
-5,-12,jnx/7EEKu4jAOJv2zwxLnUzQOFA=,XhvTbkjRfO0r7sLQzSB+9pquO2c=
-3,-12,jnx/7EEKu4jAOJv2zwxLnUzQOFA=,afzM8u3v6zRMmGYXCqbZSGtY7+0=
-3,-13,jnx/7EEKu4jAOJv2zwxLnUzQOFA=,Ivcl6hssjOEq1dexn+qiXlQAlkM=
-4,-15,jnx/7EEKu4jAOJv2zwxLnUzQOFA=,Ivcl6hssjOEq1dexn+qiXlQAlkM=
-6,-16,jnx/7EEKu4jAOJv2zwxLnUzQOFA=,MKXF5GTptQW2KcXEq8OiD8fuijA=
-4,-13,jnx/7EEKu4jAOJv2zwxLnUzQOFA=,Ivcl6hssjOEq1dexn+qiXlQAlkM=
-2,-14,jnx/7EEKu4jAOJv2zwxLnUzQOFA=,Ivcl6hssjOEq1dexn+qiXlQAlkM=
-3,-14,jnx/7EEKu4jAOJv2zwxLnUzQOFA=,Ivcl6hssjOEq1dexn+qiXlQAlkM=
-12,-15,jnx/7EEKu4jAOJv2zwxLnUzQOFA=,n2CyRMMoHS1jtayxHYNUl2SpVVA=
-3,-15,jnx/7EEKu4jAOJv2zwxLnUzQOFA=,Ivcl6hssjOEq1dexn+qiXlQAlkM=
-4,-12,jnx/7EEKu4jAOJv2zwxLnUzQOFA=,afzM8u3v6zRMmGYXCqbZSGtY7+0=
-2,-15,jnx/7EEKu4jAOJv2zwxLnUzQOFA=,Ivcl6hssjOEq1dexn+qiXlQAlkM=
-5,-13,jnx/7EEKu4jAOJv2zwxLnUzQOFA=,MKXF5GTptQW2KcXEq8OiD8fuijA=
-13,-14,jnx/7EEKu4jAOJv2zwxLnUzQOFA=,bhZOOeT6FLcpH1A/WVr4tjDws38=
-12,-14,jnx/7EEKu4jAOJv2zwxLnUzQOFA=,n2CyRMMoHS1jtayxHYNUl2SpVVA=
-14,-14,jnx/7EEKu4jAOJv2zwxLnUzQOFA=,bhZOOeT6FLcpH1A/WVr4tjDws38=
-15,-14,jnx/7EEKu4jAOJv2zwxLnUzQOFA=,bhZOOeT6FLcpH1A/WVr4tjDws38=
-2,-13,jnx/7EEKu4jAOJv2zwxLnUzQOFA=,Ivcl6hssjOEq1dexn+qiXlQAlkM=
-4,-14,jnx/7EEKu4jAOJv2zwxLnUzQOFA=,Ivcl6hssjOEq1dexn+qiXlQAlkM=
-15,-15,jnx/7EEKu4jAOJv2zwxLnUzQOFA=,bhZOOeT6FLcpH1A/WVr4tjDws38=
-13,-15,jnx/7EEKu4jAOJv2zwxLnUzQOFA=,bhZOOeT6FLcpH1A/WVr4tjDws38=
-14,-15,jnx/7EEKu4jAOJv2zwxLnUzQOFA=,bhZOOeT6FLcpH1A/WVr4tjDws38=
-13,-12,jnx/7EEKu4jAOJv2zwxLnUzQOFA=,MLyMXkRChXtfReqPtxwRKojqM+c=
-16,-7,jnx/7EEKu4jAOJv2zwxLnUzQOFA=,2LQ1/sMOY4kTISVGO1Gkd/nO8p0=
-16,-9,jnx/7EEKu4jAOJv2zwxLnUzQOFA=,MLyMXkRChXtfReqPtxwRKojqM+c=
-14,-12,jnx/7EEKu4jAOJv2zwxLnUzQOFA=,MLyMXkRChXtfReqPtxwRKojqM+c=
-13,-10,jnx/7EEKu4jAOJv2zwxLnUzQOFA=,MLyMXkRChXtfReqPtxwRKojqM+c=
-16,-6,jnx/7EEKu4jAOJv2zwxLnUzQOFA=,2LQ1/sMOY4kTISVGO1Gkd/nO8p0=
-15,-12,jnx/7EEKu4jAOJv2zwxLnUzQOFA=,MLyMXkRChXtfReqPtxwRKojqM+c=
-15,-9,jnx/7EEKu4jAOJv2zwxLnUzQOFA=,MLyMXkRChXtfReqPtxwRKojqM+c=
-12,-10,jnx/7EEKu4jAOJv2zwxLnUzQOFA=,uVzqnKVPwaSHtpgPdhSy+hup/ss=
-14,-10,jnx/7EEKu4jAOJv2zwxLnUzQOFA=,MLyMXkRChXtfReqPtxwRKojqM+c=
-12,-11,jnx/7EEKu4jAOJv2zwxLnUzQOFA=,uVzqnKVPwaSHtpgPdhSy+hup/ss=
-15,-10,jnx/7EEKu4jAOJv2zwxLnUzQOFA=,MLyMXkRChXtfReqPtxwRKojqM+c=
-16,-10,jnx/7EEKu4jAOJv2zwxLnUzQOFA=,MLyMXkRChXtfReqPtxwRKojqM+c=
-14,-9,jnx/7EEKu4jAOJv2zwxLnUzQOFA=,MLyMXkRChXtfReqPtxwRKojqM+c=
-12,-12,jnx/7EEKu4jAOJv2zwxLnUzQOFA=,uVzqnKVPwaSHtpgPdhSy+hup/ss=
-13,-13,jnx/7EEKu4jAOJv2zwxLnUzQOFA=,bhZOOeT6FLcpH1A/WVr4tjDws38=
-13,-11,jnx/7EEKu4jAOJv2zwxLnUzQOFA=,MLyMXkRChXtfReqPtxwRKojqM+c=
-14,-13,jnx/7EEKu4jAOJv2zwxLnUzQOFA=,bhZOOeT6FLcpH1A/WVr4tjDws38=
-16,-15,jnx/7EEKu4jAOJv2zwxLnUzQOFA=,bhZOOeT6FLcpH1A/WVr4tjDws38=
-16,-3,jnx/7EEKu4jAOJv2zwxLnUzQOFA=,lkk3RMl5HYeSV7/eebzMLM8+3cU=
-15,-13,jnx/7EEKu4jAOJv2zwxLnUzQOFA=,bhZOOeT6FLcpH1A/WVr4tjDws38=
-13,-9,jnx/7EEKu4jAOJv2zwxLnUzQOFA=,MLyMXkRChXtfReqPtxwRKojqM+c=
-12,-9,jnx/7EEKu4jAOJv2zwxLnUzQOFA=,uVzqnKVPwaSHtpgPdhSy+hup/ss=
-12,-13,jnx/7EEKu4jAOJv2zwxLnUzQOFA=,n2CyRMMoHS1jtayxHYNUl2SpVVA=
-13,-8,jnx/7EEKu4jAOJv2zwxLnUzQOFA=,2LQ1/sMOY4kTISVGO1Gkd/nO8p0=
-16,-13,jnx/7EEKu4jAOJv2zwxLnUzQOFA=,bhZOOeT6FLcpH1A/WVr4tjDws38=
-14,-11,jnx/7EEKu4jAOJv2zwxLnUzQOFA=,MLyMXkRChXtfReqPtxwRKojqM+c=
-16,-5,jnx/7EEKu4jAOJv2zwxLnUzQOFA=,2LQ1/sMOY4kTISVGO1Gkd/nO8p0=
-15,-11,jnx/7EEKu4jAOJv2zwxLnUzQOFA=,MLyMXkRChXtfReqPtxwRKojqM+c=
-16,-11,jnx/7EEKu4jAOJv2zwxLnUzQOFA=,MLyMXkRChXtfReqPtxwRKojqM+c=
-14,-1,jnx/7EEKu4jAOJv2zwxLnUzQOFA=,lkk3RMl5HYeSV7/eebzMLM8+3cU=
-15,-1,jnx/7EEKu4jAOJv2zwxLnUzQOFA=,lkk3RMl5HYeSV7/eebzMLM8+3cU=
-16,-14,jnx/7EEKu4jAOJv2zwxLnUzQOFA=,bhZOOeT6FLcpH1A/WVr4tjDws38=
-15,-8,jnx/7EEKu4jAOJv2zwxLnUzQOFA=,2LQ1/sMOY4kTISVGO1Gkd/nO8p0=
-16,-4,jnx/7EEKu4jAOJv2zwxLnUzQOFA=,lkk3RMl5HYeSV7/eebzMLM8+3cU=
-12,-8,jnx/7EEKu4jAOJv2zwxLnUzQOFA=,333219LaojdnTuZVpLH9LO9CyIg=
-16,-2,jnx/7EEKu4jAOJv2zwxLnUzQOFA=,lkk3RMl5HYeSV7/eebzMLM8+3cU=
-16,-12,jnx/7EEKu4jAOJv2zwxLnUzQOFA=,MLyMXkRChXtfReqPtxwRKojqM+c=
-16,-8,jnx/7EEKu4jAOJv2zwxLnUzQOFA=,2LQ1/sMOY4kTISVGO1Gkd/nO8p0=
-14,-8,jnx/7EEKu4jAOJv2zwxLnUzQOFA=,2LQ1/sMOY4kTISVGO1Gkd/nO8p0=
-12,-1,jnx/7EEKu4jAOJv2zwxLnUzQOFA=,dSqxq8H+m465SZl86zTOfmM8Gnk=
-13,-1,jnx/7EEKu4jAOJv2zwxLnUzQOFA=,lkk3RMl5HYeSV7/eebzMLM8+3cU=
-11,-1,jnx/7EEKu4jAOJv2zwxLnUzQOFA=,dSqxq8H+m465SZl86zTOfmM8Gnk=
-6,-1,jnx/7EEKu4jAOJv2zwxLnUzQOFA=,fzcSw7X+X/7uYguhuyVwY/y03vY=
-7,-1,jnx/7EEKu4jAOJv2zwxLnUzQOFA=,fzcSw7X+X/7uYguhuyVwY/y03vY=
-9,-1,jnx/7EEKu4jAOJv2zwxLnUzQOFA=,dSqxq8H+m465SZl86zTOfmM8Gnk=
-10,-1,jnx/7EEKu4jAOJv2zwxLnUzQOFA=,dSqxq8H+m465SZl86zTOfmM8Gnk=
-5,-1,jnx/7EEKu4jAOJv2zwxLnUzQOFA=,fzcSw7X+X/7uYguhuyVwY/y03vY=
-3,-1,jnx/7EEKu4jAOJv2zwxLnUzQOFA=,eox00y6ZSDc7wcrhsS4JosQzvi4=
-2,-1,jnx/7EEKu4jAOJv2zwxLnUzQOFA=,eox00y6ZSDc7wcrhsS4JosQzvi4=
-4,-1,jnx/7EEKu4jAOJv2zwxLnUzQOFA=,eox00y6ZSDc7wcrhsS4JosQzvi4=
-8,-1,jnx/7EEKu4jAOJv2zwxLnUzQOFA=,fzcSw7X+X/7uYguhuyVwY/y03vY=
-1,-2,jnx/7EEKu4jAOJv2zwxLnUzQOFA=,eox00y6ZSDc7wcrhsS4JosQzvi4=
-1,-4,jnx/7EEKu4jAOJv2zwxLnUzQOFA=,eox00y6ZSDc7wcrhsS4JosQzvi4=
-1,-5,jnx/7EEKu4jAOJv2zwxLnUzQOFA=,9Wcs13u9EMB4MX2dybrxsAILv8c=
-1,-3,jnx/7EEKu4jAOJv2zwxLnUzQOFA=,eox00y6ZSDc7wcrhsS4JosQzvi4=
-1,-6,jnx/7EEKu4jAOJv2zwxLnUzQOFA=,9Wcs13u9EMB4MX2dybrxsAILv8c=
-1,-7,jnx/7EEKu4jAOJv2zwxLnUzQOFA=,9Wcs13u9EMB4MX2dybrxsAILv8c=
-1,-8,jnx/7EEKu4jAOJv2zwxLnUzQOFA=,9Wcs13u9EMB4MX2dybrxsAILv8c=
-1,-11,jnx/7EEKu4jAOJv2zwxLnUzQOFA=,afzM8u3v6zRMmGYXCqbZSGtY7+0=
-1,-10,jnx/7EEKu4jAOJv2zwxLnUzQOFA=,afzM8u3v6zRMmGYXCqbZSGtY7+0=
-1,-9,jnx/7EEKu4jAOJv2zwxLnUzQOFA=,afzM8u3v6zRMmGYXCqbZSGtY7+0=
-1,-12,jnx/7EEKu4jAOJv2zwxLnUzQOFA=,afzM8u3v6zRMmGYXCqbZSGtY7+0=
-1,-15,jnx/7EEKu4jAOJv2zwxLnUzQOFA=,Ivcl6hssjOEq1dexn+qiXlQAlkM=
-1,-14,jnx/7EEKu4jAOJv2zwxLnUzQOFA=,Ivcl6hssjOEq1dexn+qiXlQAlkM=
-1,-13,jnx/7EEKu4jAOJv2zwxLnUzQOFA=,Ivcl6hssjOEq1dexn+qiXlQAlkM=
-16,-1,jnx/7EEKu4jAOJv2zwxLnUzQOFA=,lkk3RMl5HYeSV7/eebzMLM8+3cU=
-1,-1,jnx/7EEKu4jAOJv2zwxLnUzQOFA=,eox00y6ZSDc7wcrhsS4JosQzvi4=
-5,-16,jnx/7EEKu4jAOJv2zwxLnUzQOFA=,MKXF5GTptQW2KcXEq8OiD8fuijA=
-4,-16,jnx/7EEKu4jAOJv2zwxLnUzQOFA=,Ivcl6hssjOEq1dexn+qiXlQAlkM=
-13,-16,jnx/7EEKu4jAOJv2zwxLnUzQOFA=,bhZOOeT6FLcpH1A/WVr4tjDws38=
-9,-16,jnx/7EEKu4jAOJv2zwxLnUzQOFA=,n2CyRMMoHS1jtayxHYNUl2SpVVA=
-10,-16,jnx/7EEKu4jAOJv2zwxLnUzQOFA=,n2CyRMMoHS1jtayxHYNUl2SpVVA=
-11,-16,jnx/7EEKu4jAOJv2zwxLnUzQOFA=,n2CyRMMoHS1jtayxHYNUl2SpVVA=
-12,-16,jnx/7EEKu4jAOJv2zwxLnUzQOFA=,n2CyRMMoHS1jtayxHYNUl2SpVVA=
-14,-16,jnx/7EEKu4jAOJv2zwxLnUzQOFA=,bhZOOeT6FLcpH1A/WVr4tjDws38=
-1,-16,jnx/7EEKu4jAOJv2zwxLnUzQOFA=,Ivcl6hssjOEq1dexn+qiXlQAlkM=
-16,-16,jnx/7EEKu4jAOJv2zwxLnUzQOFA=,bhZOOeT6FLcpH1A/WVr4tjDws38=
-15,-16,jnx/7EEKu4jAOJv2zwxLnUzQOFA=,bhZOOeT6FLcpH1A/WVr4tjDws38=
-3,-16,jnx/7EEKu4jAOJv2zwxLnUzQOFA=,Ivcl6hssjOEq1dexn+qiXlQAlkM=
-2,-16,jnx/7EEKu4jAOJv2zwxLnUzQOFA=,Ivcl6hssjOEq1dexn+qiXlQAlkM=
-8,-16,jnx/7EEKu4jAOJv2zwxLnUzQOFA=,MKXF5GTptQW2KcXEq8OiD8fuijA=
-15,-19,PT9kyvIiTABtP80lKy9wJzSvApA=,VCwadb2NP4i3Iyyy04B21VqNsYk=
-15,-21,PT9kyvIiTABtP80lKy9wJzSvApA=,0eGGj3NvMDV7yM5T66HSsBQMVHk=
-14,-21,PT9kyvIiTABtP80lKy9wJzSvApA=,0eGGj3NvMDV7yM5T66HSsBQMVHk=
-14,-22,PT9kyvIiTABtP80lKy9wJzSvApA=,0eGGj3NvMDV7yM5T66HSsBQMVHk=
-15,-22,PT9kyvIiTABtP80lKy9wJzSvApA=,0eGGj3NvMDV7yM5T66HSsBQMVHk=
-15,-23,IyjuA169xT+gJpxn7519UdpLcZU=,0eGGj3NvMDV7yM5T66HSsBQMVHk=
-14,-20,PT9kyvIiTABtP80lKy9wJzSvApA=,VCwadb2NP4i3Iyyy04B21VqNsYk=
-12,-19,IyjuA169xT+gJpxn7519UdpLcZU=,wK3oxMHZ9yC6/RthQcD+ldSNMR4=
-14,-18,PT9kyvIiTABtP80lKy9wJzSvApA=,VCwadb2NP4i3Iyyy04B21VqNsYk=
-15,-20,IyjuA169xT+gJpxn7519UdpLcZU=,VCwadb2NP4i3Iyyy04B21VqNsYk=
-13,-22,IyjuA169xT+gJpxn7519UdpLcZU=,0eGGj3NvMDV7yM5T66HSsBQMVHk=
-14,-23,IyjuA169xT+gJpxn7519UdpLcZU=,0eGGj3NvMDV7yM5T66HSsBQMVHk=
-12,-21,YUi2gBfpMNdmi/8cuGDIquas8FE=,eHA4aMRAyXnWUSebuidOV+jtGMw=
-10,-22,IyjuA169xT+gJpxn7519UdpLcZU=,eHA4aMRAyXnWUSebuidOV+jtGMw=
-11,-19,JE0KiZziZtd8EE2REu6Pg4ipUPk=,wK3oxMHZ9yC6/RthQcD+ldSNMR4=
-13,-20,+iLAWlk6LO6ySuSUtC0QNVY+18M=,VCwadb2NP4i3Iyyy04B21VqNsYk=
-13,-23,IyjuA169xT+gJpxn7519UdpLcZU=,0eGGj3NvMDV7yM5T66HSsBQMVHk=
-11,-22,JE0KiZziZtd8EE2REu6Pg4ipUPk=,eHA4aMRAyXnWUSebuidOV+jtGMw=
-11,-21,YUi2gBfpMNdmi/8cuGDIquas8FE=,eHA4aMRAyXnWUSebuidOV+jtGMw=
-10,-19,YUi2gBfpMNdmi/8cuGDIquas8FE=,wK3oxMHZ9yC6/RthQcD+ldSNMR4=
-12,-22,JE0KiZziZtd8EE2REu6Pg4ipUPk=,eHA4aMRAyXnWUSebuidOV+jtGMw=
-10,-23,JE0KiZziZtd8EE2REu6Pg4ipUPk=,eHA4aMRAyXnWUSebuidOV+jtGMw=
-11,-23,JE0KiZziZtd8EE2REu6Pg4ipUPk=,eHA4aMRAyXnWUSebuidOV+jtGMw=
-15,-18,PT9kyvIiTABtP80lKy9wJzSvApA=,VCwadb2NP4i3Iyyy04B21VqNsYk=
-13,-19,YUi2gBfpMNdmi/8cuGDIquas8FE=,VCwadb2NP4i3Iyyy04B21VqNsYk=
-10,-21,YUi2gBfpMNdmi/8cuGDIquas8FE=,eHA4aMRAyXnWUSebuidOV+jtGMw=
-10,-20,YUi2gBfpMNdmi/8cuGDIquas8FE=,wK3oxMHZ9yC6/RthQcD+ldSNMR4=
-12,-18,YUi2gBfpMNdmi/8cuGDIquas8FE=,wK3oxMHZ9yC6/RthQcD+ldSNMR4=
-12,-23,IyjuA169xT+gJpxn7519UdpLcZU=,eHA4aMRAyXnWUSebuidOV+jtGMw=
-11,-20,YUi2gBfpMNdmi/8cuGDIquas8FE=,wK3oxMHZ9yC6/RthQcD+ldSNMR4=
-14,-19,PT9kyvIiTABtP80lKy9wJzSvApA=,VCwadb2NP4i3Iyyy04B21VqNsYk=
-12,-20,YUi2gBfpMNdmi/8cuGDIquas8FE=,wK3oxMHZ9yC6/RthQcD+ldSNMR4=
-13,-21,YUi2gBfpMNdmi/8cuGDIquas8FE=,0eGGj3NvMDV7yM5T66HSsBQMVHk=
-11,-18,OxjWU7qe+nI04qcObXqUfo7k7Go=,wK3oxMHZ9yC6/RthQcD+ldSNMR4=
-13,-18,JE0KiZziZtd8EE2REu6Pg4ipUPk=,VCwadb2NP4i3Iyyy04B21VqNsYk=
-10,-18,KUn1jxdponROJpgyMvKDbnUREns=,wK3oxMHZ9yC6/RthQcD+ldSNMR4=
-8,-23,YUi2gBfpMNdmi/8cuGDIquas8FE=,qJEPCf/6/sJaOVmreMZHnQhTXZo=
-8,-19,YUi2gBfpMNdmi/8cuGDIquas8FE=,HaZCPPqD5v1W9TefSB110Da1otk=
-9,-20,YUi2gBfpMNdmi/8cuGDIquas8FE=,wK3oxMHZ9yC6/RthQcD+ldSNMR4=
-9,-18,YUi2gBfpMNdmi/8cuGDIquas8FE=,wK3oxMHZ9yC6/RthQcD+ldSNMR4=
-6,-20,YUi2gBfpMNdmi/8cuGDIquas8FE=,HaZCPPqD5v1W9TefSB110Da1otk=
-7,-20,YUi2gBfpMNdmi/8cuGDIquas8FE=,HaZCPPqD5v1W9TefSB110Da1otk=
-9,-21,YUi2gBfpMNdmi/8cuGDIquas8FE=,eHA4aMRAyXnWUSebuidOV+jtGMw=
-8,-20,YUi2gBfpMNdmi/8cuGDIquas8FE=,HaZCPPqD5v1W9TefSB110Da1otk=
-8,-21,YUi2gBfpMNdmi/8cuGDIquas8FE=,qJEPCf/6/sJaOVmreMZHnQhTXZo=
-7,-21,YUi2gBfpMNdmi/8cuGDIquas8FE=,qJEPCf/6/sJaOVmreMZHnQhTXZo=
-6,-21,YUi2gBfpMNdmi/8cuGDIquas8FE=,qJEPCf/6/sJaOVmreMZHnQhTXZo=
-9,-22,YUi2gBfpMNdmi/8cuGDIquas8FE=,eHA4aMRAyXnWUSebuidOV+jtGMw=
-6,-18,YUi2gBfpMNdmi/8cuGDIquas8FE=,HaZCPPqD5v1W9TefSB110Da1otk=
-9,-19,YUi2gBfpMNdmi/8cuGDIquas8FE=,wK3oxMHZ9yC6/RthQcD+ldSNMR4=
-7,-18,YUi2gBfpMNdmi/8cuGDIquas8FE=,HaZCPPqD5v1W9TefSB110Da1otk=
-7,-25,YUi2gBfpMNdmi/8cuGDIquas8FE=,bw/YAF02P9vj60pnRTDJbZsp360=
-8,-18,YUi2gBfpMNdmi/8cuGDIquas8FE=,HaZCPPqD5v1W9TefSB110Da1otk=
-9,-23,YUi2gBfpMNdmi/8cuGDIquas8FE=,eHA4aMRAyXnWUSebuidOV+jtGMw=
-7,-19,YUi2gBfpMNdmi/8cuGDIquas8FE=,HaZCPPqD5v1W9TefSB110Da1otk=
-2,-27,YUi2gBfpMNdmi/8cuGDIquas8FE=,W0/GdwIwMWSPoL+gwXPtzNOMg5k=
-7,-23,YUi2gBfpMNdmi/8cuGDIquas8FE=,qJEPCf/6/sJaOVmreMZHnQhTXZo=
-6,-25,YUi2gBfpMNdmi/8cuGDIquas8FE=,bw/YAF02P9vj60pnRTDJbZsp360=
-6,-22,YUi2gBfpMNdmi/8cuGDIquas8FE=,qJEPCf/6/sJaOVmreMZHnQhTXZo=
-7,-26,YUi2gBfpMNdmi/8cuGDIquas8FE=,bw/YAF02P9vj60pnRTDJbZsp360=
-7,-22,YUi2gBfpMNdmi/8cuGDIquas8FE=,qJEPCf/6/sJaOVmreMZHnQhTXZo=
-6,-27,YUi2gBfpMNdmi/8cuGDIquas8FE=,bw/YAF02P9vj60pnRTDJbZsp360=
-4,-26,YUi2gBfpMNdmi/8cuGDIquas8FE=,W0/GdwIwMWSPoL+gwXPtzNOMg5k=
-8,-22,YUi2gBfpMNdmi/8cuGDIquas8FE=,qJEPCf/6/sJaOVmreMZHnQhTXZo=
-7,-27,YUi2gBfpMNdmi/8cuGDIquas8FE=,bw/YAF02P9vj60pnRTDJbZsp360=
-4,-27,YUi2gBfpMNdmi/8cuGDIquas8FE=,W0/GdwIwMWSPoL+gwXPtzNOMg5k=
-6,-23,YUi2gBfpMNdmi/8cuGDIquas8FE=,qJEPCf/6/sJaOVmreMZHnQhTXZo=
-3,-26,YUi2gBfpMNdmi/8cuGDIquas8FE=,W0/GdwIwMWSPoL+gwXPtzNOMg5k=
-6,-24,YUi2gBfpMNdmi/8cuGDIquas8FE=,qJEPCf/6/sJaOVmreMZHnQhTXZo=
-6,-19,YUi2gBfpMNdmi/8cuGDIquas8FE=,HaZCPPqD5v1W9TefSB110Da1otk=
-6,-26,YUi2gBfpMNdmi/8cuGDIquas8FE=,bw/YAF02P9vj60pnRTDJbZsp360=
-3,-27,YUi2gBfpMNdmi/8cuGDIquas8FE=,W0/GdwIwMWSPoL+gwXPtzNOMg5k=
-7,-24,YUi2gBfpMNdmi/8cuGDIquas8FE=,qJEPCf/6/sJaOVmreMZHnQhTXZo=
-5,-27,YUi2gBfpMNdmi/8cuGDIquas8FE=,bw/YAF02P9vj60pnRTDJbZsp360=
-2,-26,YUi2gBfpMNdmi/8cuGDIquas8FE=,W0/GdwIwMWSPoL+gwXPtzNOMg5k=
-5,-26,YUi2gBfpMNdmi/8cuGDIquas8FE=,bw/YAF02P9vj60pnRTDJbZsp360=
-3,-29,YUi2gBfpMNdmi/8cuGDIquas8FE=,FDElt5XRQCCQj8LPkBrFLpcmQ/M=
-3,-28,YUi2gBfpMNdmi/8cuGDIquas8FE=,W0/GdwIwMWSPoL+gwXPtzNOMg5k=
-11,-31,YUi2gBfpMNdmi/8cuGDIquas8FE=,wfQ5Pmm6aO/aVKzzzwRJYtD/E6A=
-2,-28,YUi2gBfpMNdmi/8cuGDIquas8FE=,W0/GdwIwMWSPoL+gwXPtzNOMg5k=
-10,-32,YUi2gBfpMNdmi/8cuGDIquas8FE=,wfQ5Pmm6aO/aVKzzzwRJYtD/E6A=
-10,-31,YUi2gBfpMNdmi/8cuGDIquas8FE=,wfQ5Pmm6aO/aVKzzzwRJYtD/E6A=
-11,-32,YUi2gBfpMNdmi/8cuGDIquas8FE=,wfQ5Pmm6aO/aVKzzzwRJYtD/E6A=
-10,-30,YUi2gBfpMNdmi/8cuGDIquas8FE=,wfQ5Pmm6aO/aVKzzzwRJYtD/E6A=
-11,-30,YUi2gBfpMNdmi/8cuGDIquas8FE=,wfQ5Pmm6aO/aVKzzzwRJYtD/E6A=
-2,-29,YUi2gBfpMNdmi/8cuGDIquas8FE=,FDElt5XRQCCQj8LPkBrFLpcmQ/M=
-3,-30,YUi2gBfpMNdmi/8cuGDIquas8FE=,FDElt5XRQCCQj8LPkBrFLpcmQ/M=
-2,-30,YUi2gBfpMNdmi/8cuGDIquas8FE=,FDElt5XRQCCQj8LPkBrFLpcmQ/M=
-3,-31,YUi2gBfpMNdmi/8cuGDIquas8FE=,FDElt5XRQCCQj8LPkBrFLpcmQ/M=
-2,-31,YUi2gBfpMNdmi/8cuGDIquas8FE=,FDElt5XRQCCQj8LPkBrFLpcmQ/M=
-3,-32,YUi2gBfpMNdmi/8cuGDIquas8FE=,FDElt5XRQCCQj8LPkBrFLpcmQ/M=
-2,-32,YUi2gBfpMNdmi/8cuGDIquas8FE=,FDElt5XRQCCQj8LPkBrFLpcmQ/M=
-4,-31,YUi2gBfpMNdmi/8cuGDIquas8FE=,FDElt5XRQCCQj8LPkBrFLpcmQ/M=
-5,-30,YUi2gBfpMNdmi/8cuGDIquas8FE=,kG1QW6pm22m/nF4VfBgTZJgoWyA=
-9,-32,YUi2gBfpMNdmi/8cuGDIquas8FE=,wfQ5Pmm6aO/aVKzzzwRJYtD/E6A=
-6,-30,YUi2gBfpMNdmi/8cuGDIquas8FE=,kG1QW6pm22m/nF4VfBgTZJgoWyA=
-4,-28,YUi2gBfpMNdmi/8cuGDIquas8FE=,W0/GdwIwMWSPoL+gwXPtzNOMg5k=
-7,-30,YUi2gBfpMNdmi/8cuGDIquas8FE=,kG1QW6pm22m/nF4VfBgTZJgoWyA=
-8,-30,YUi2gBfpMNdmi/8cuGDIquas8FE=,kG1QW6pm22m/nF4VfBgTZJgoWyA=
-5,-31,YUi2gBfpMNdmi/8cuGDIquas8FE=,kG1QW6pm22m/nF4VfBgTZJgoWyA=
-6,-31,YUi2gBfpMNdmi/8cuGDIquas8FE=,kG1QW6pm22m/nF4VfBgTZJgoWyA=
-6,-32,YUi2gBfpMNdmi/8cuGDIquas8FE=,kG1QW6pm22m/nF4VfBgTZJgoWyA=
-7,-31,YUi2gBfpMNdmi/8cuGDIquas8FE=,kG1QW6pm22m/nF4VfBgTZJgoWyA=
-4,-29,YUi2gBfpMNdmi/8cuGDIquas8FE=,FDElt5XRQCCQj8LPkBrFLpcmQ/M=
-8,-32,YUi2gBfpMNdmi/8cuGDIquas8FE=,kG1QW6pm22m/nF4VfBgTZJgoWyA=
-7,-32,YUi2gBfpMNdmi/8cuGDIquas8FE=,kG1QW6pm22m/nF4VfBgTZJgoWyA=
-4,-32,YUi2gBfpMNdmi/8cuGDIquas8FE=,FDElt5XRQCCQj8LPkBrFLpcmQ/M=
-4,-30,YUi2gBfpMNdmi/8cuGDIquas8FE=,FDElt5XRQCCQj8LPkBrFLpcmQ/M=
-9,-30,YUi2gBfpMNdmi/8cuGDIquas8FE=,wfQ5Pmm6aO/aVKzzzwRJYtD/E6A=
-8,-31,YUi2gBfpMNdmi/8cuGDIquas8FE=,kG1QW6pm22m/nF4VfBgTZJgoWyA=
-5,-28,YUi2gBfpMNdmi/8cuGDIquas8FE=,bw/YAF02P9vj60pnRTDJbZsp360=
-7,-29,YUi2gBfpMNdmi/8cuGDIquas8FE=,kG1QW6pm22m/nF4VfBgTZJgoWyA=
-5,-32,YUi2gBfpMNdmi/8cuGDIquas8FE=,kG1QW6pm22m/nF4VfBgTZJgoWyA=
-6,-28,YUi2gBfpMNdmi/8cuGDIquas8FE=,bw/YAF02P9vj60pnRTDJbZsp360=
-7,-28,YUi2gBfpMNdmi/8cuGDIquas8FE=,bw/YAF02P9vj60pnRTDJbZsp360=
-5,-29,YUi2gBfpMNdmi/8cuGDIquas8FE=,kG1QW6pm22m/nF4VfBgTZJgoWyA=
-6,-29,YUi2gBfpMNdmi/8cuGDIquas8FE=,kG1QW6pm22m/nF4VfBgTZJgoWyA=
-9,-31,YUi2gBfpMNdmi/8cuGDIquas8FE=,wfQ5Pmm6aO/aVKzzzwRJYtD/E6A=
-4,-23,YUi2gBfpMNdmi/8cuGDIquas8FE=,ExCm04a3edhCw4gaEgMJVx8he88=
-3,-23,YUi2gBfpMNdmi/8cuGDIquas8FE=,ExCm04a3edhCw4gaEgMJVx8he88=
-4,-24,YUi2gBfpMNdmi/8cuGDIquas8FE=,ExCm04a3edhCw4gaEgMJVx8he88=
-4,-22,YUi2gBfpMNdmi/8cuGDIquas8FE=,ExCm04a3edhCw4gaEgMJVx8he88=
-3,-22,YUi2gBfpMNdmi/8cuGDIquas8FE=,ExCm04a3edhCw4gaEgMJVx8he88=
-3,-24,YUi2gBfpMNdmi/8cuGDIquas8FE=,ExCm04a3edhCw4gaEgMJVx8he88=
-5,-22,YUi2gBfpMNdmi/8cuGDIquas8FE=,qJEPCf/6/sJaOVmreMZHnQhTXZo=
-2,-25,YUi2gBfpMNdmi/8cuGDIquas8FE=,W0/GdwIwMWSPoL+gwXPtzNOMg5k=
-4,-25,YUi2gBfpMNdmi/8cuGDIquas8FE=,W0/GdwIwMWSPoL+gwXPtzNOMg5k=
-2,-24,YUi2gBfpMNdmi/8cuGDIquas8FE=,ExCm04a3edhCw4gaEgMJVx8he88=
-2,-23,YUi2gBfpMNdmi/8cuGDIquas8FE=,ExCm04a3edhCw4gaEgMJVx8he88=
-2,-22,YUi2gBfpMNdmi/8cuGDIquas8FE=,ExCm04a3edhCw4gaEgMJVx8he88=
-5,-23,YUi2gBfpMNdmi/8cuGDIquas8FE=,qJEPCf/6/sJaOVmreMZHnQhTXZo=
-3,-25,YUi2gBfpMNdmi/8cuGDIquas8FE=,W0/GdwIwMWSPoL+gwXPtzNOMg5k=
-5,-24,YUi2gBfpMNdmi/8cuGDIquas8FE=,qJEPCf/6/sJaOVmreMZHnQhTXZo=
-5,-25,YUi2gBfpMNdmi/8cuGDIquas8FE=,bw/YAF02P9vj60pnRTDJbZsp360=
-12,-31,YUi2gBfpMNdmi/8cuGDIquas8FE=,wfQ5Pmm6aO/aVKzzzwRJYtD/E6A=
-12,-32,YUi2gBfpMNdmi/8cuGDIquas8FE=,wfQ5Pmm6aO/aVKzzzwRJYtD/E6A=
-13,-30,YUi2gBfpMNdmi/8cuGDIquas8FE=,hlx8J8MtMweuIhKTGFJN17st9WA=
-12,-30,YUi2gBfpMNdmi/8cuGDIquas8FE=,wfQ5Pmm6aO/aVKzzzwRJYtD/E6A=
-14,-30,YUi2gBfpMNdmi/8cuGDIquas8FE=,hlx8J8MtMweuIhKTGFJN17st9WA=
-15,-30,YUi2gBfpMNdmi/8cuGDIquas8FE=,hlx8J8MtMweuIhKTGFJN17st9WA=
-14,-32,YUi2gBfpMNdmi/8cuGDIquas8FE=,hlx8J8MtMweuIhKTGFJN17st9WA=
-13,-31,YUi2gBfpMNdmi/8cuGDIquas8FE=,hlx8J8MtMweuIhKTGFJN17st9WA=
-14,-31,YUi2gBfpMNdmi/8cuGDIquas8FE=,hlx8J8MtMweuIhKTGFJN17st9WA=
-13,-32,YUi2gBfpMNdmi/8cuGDIquas8FE=,hlx8J8MtMweuIhKTGFJN17st9WA=
-15,-32,YUi2gBfpMNdmi/8cuGDIquas8FE=,hlx8J8MtMweuIhKTGFJN17st9WA=
-15,-31,YUi2gBfpMNdmi/8cuGDIquas8FE=,hlx8J8MtMweuIhKTGFJN17st9WA=
-8,-25,YUi2gBfpMNdmi/8cuGDIquas8FE=,bw/YAF02P9vj60pnRTDJbZsp360=
-8,-29,YUi2gBfpMNdmi/8cuGDIquas8FE=,kG1QW6pm22m/nF4VfBgTZJgoWyA=
-9,-28,YUi2gBfpMNdmi/8cuGDIquas8FE=,ipB0CDq/jkKnyL9VVi1YuqeyhZ4=
-10,-28,YUi2gBfpMNdmi/8cuGDIquas8FE=,ipB0CDq/jkKnyL9VVi1YuqeyhZ4=
-8,-28,YUi2gBfpMNdmi/8cuGDIquas8FE=,bw/YAF02P9vj60pnRTDJbZsp360=
-9,-25,YUi2gBfpMNdmi/8cuGDIquas8FE=,ipB0CDq/jkKnyL9VVi1YuqeyhZ4=
-8,-24,YUi2gBfpMNdmi/8cuGDIquas8FE=,qJEPCf/6/sJaOVmreMZHnQhTXZo=
-10,-25,YUi2gBfpMNdmi/8cuGDIquas8FE=,ipB0CDq/jkKnyL9VVi1YuqeyhZ4=
-8,-26,YUi2gBfpMNdmi/8cuGDIquas8FE=,bw/YAF02P9vj60pnRTDJbZsp360=
-9,-24,YUi2gBfpMNdmi/8cuGDIquas8FE=,eHA4aMRAyXnWUSebuidOV+jtGMw=
-8,-27,YUi2gBfpMNdmi/8cuGDIquas8FE=,bw/YAF02P9vj60pnRTDJbZsp360=
-10,-24,YUi2gBfpMNdmi/8cuGDIquas8FE=,eHA4aMRAyXnWUSebuidOV+jtGMw=
-11,-27,YUi2gBfpMNdmi/8cuGDIquas8FE=,ipB0CDq/jkKnyL9VVi1YuqeyhZ4=
-9,-29,YUi2gBfpMNdmi/8cuGDIquas8FE=,wfQ5Pmm6aO/aVKzzzwRJYtD/E6A=
-16,-23,YUi2gBfpMNdmi/8cuGDIquas8FE=,0eGGj3NvMDV7yM5T66HSsBQMVHk=
-11,-28,YUi2gBfpMNdmi/8cuGDIquas8FE=,ipB0CDq/jkKnyL9VVi1YuqeyhZ4=
-10,-27,YUi2gBfpMNdmi/8cuGDIquas8FE=,ipB0CDq/jkKnyL9VVi1YuqeyhZ4=
-16,-22,YUi2gBfpMNdmi/8cuGDIquas8FE=,0eGGj3NvMDV7yM5T66HSsBQMVHk=
-11,-25,YUi2gBfpMNdmi/8cuGDIquas8FE=,ipB0CDq/jkKnyL9VVi1YuqeyhZ4=
-11,-24,YUi2gBfpMNdmi/8cuGDIquas8FE=,eHA4aMRAyXnWUSebuidOV+jtGMw=
-9,-27,YUi2gBfpMNdmi/8cuGDIquas8FE=,ipB0CDq/jkKnyL9VVi1YuqeyhZ4=
-16,-25,YUi2gBfpMNdmi/8cuGDIquas8FE=,bXIgp17lWKBOysQ8GVJV56tYHEs=
-10,-29,YUi2gBfpMNdmi/8cuGDIquas8FE=,wfQ5Pmm6aO/aVKzzzwRJYtD/E6A=
-11,-26,YUi2gBfpMNdmi/8cuGDIquas8FE=,ipB0CDq/jkKnyL9VVi1YuqeyhZ4=
-12,-27,YUi2gBfpMNdmi/8cuGDIquas8FE=,ipB0CDq/jkKnyL9VVi1YuqeyhZ4=
-11,-29,YUi2gBfpMNdmi/8cuGDIquas8FE=,wfQ5Pmm6aO/aVKzzzwRJYtD/E6A=
-13,-28,YUi2gBfpMNdmi/8cuGDIquas8FE=,bXIgp17lWKBOysQ8GVJV56tYHEs=
-9,-26,YUi2gBfpMNdmi/8cuGDIquas8FE=,ipB0CDq/jkKnyL9VVi1YuqeyhZ4=
-10,-26,YUi2gBfpMNdmi/8cuGDIquas8FE=,ipB0CDq/jkKnyL9VVi1YuqeyhZ4=
-16,-27,YUi2gBfpMNdmi/8cuGDIquas8FE=,bXIgp17lWKBOysQ8GVJV56tYHEs=
-14,-28,YUi2gBfpMNdmi/8cuGDIquas8FE=,bXIgp17lWKBOysQ8GVJV56tYHEs=
-15,-28,YUi2gBfpMNdmi/8cuGDIquas8FE=,bXIgp17lWKBOysQ8GVJV56tYHEs=
-13,-24,YUi2gBfpMNdmi/8cuGDIquas8FE=,0eGGj3NvMDV7yM5T66HSsBQMVHk=
-16,-21,YUi2gBfpMNdmi/8cuGDIquas8FE=,0eGGj3NvMDV7yM5T66HSsBQMVHk=
-15,-27,YUi2gBfpMNdmi/8cuGDIquas8FE=,bXIgp17lWKBOysQ8GVJV56tYHEs=
-13,-26,YUi2gBfpMNdmi/8cuGDIquas8FE=,bXIgp17lWKBOysQ8GVJV56tYHEs=
-14,-26,YUi2gBfpMNdmi/8cuGDIquas8FE=,bXIgp17lWKBOysQ8GVJV56tYHEs=
-12,-28,YUi2gBfpMNdmi/8cuGDIquas8FE=,ipB0CDq/jkKnyL9VVi1YuqeyhZ4=
-15,-24,YUi2gBfpMNdmi/8cuGDIquas8FE=,0eGGj3NvMDV7yM5T66HSsBQMVHk=
-16,-24,YUi2gBfpMNdmi/8cuGDIquas8FE=,0eGGj3NvMDV7yM5T66HSsBQMVHk=
-16,-32,YUi2gBfpMNdmi/8cuGDIquas8FE=,hlx8J8MtMweuIhKTGFJN17st9WA=
-16,-19,YUi2gBfpMNdmi/8cuGDIquas8FE=,VCwadb2NP4i3Iyyy04B21VqNsYk=
-14,-27,YUi2gBfpMNdmi/8cuGDIquas8FE=,bXIgp17lWKBOysQ8GVJV56tYHEs=
-13,-25,YUi2gBfpMNdmi/8cuGDIquas8FE=,bXIgp17lWKBOysQ8GVJV56tYHEs=
-14,-25,YUi2gBfpMNdmi/8cuGDIquas8FE=,bXIgp17lWKBOysQ8GVJV56tYHEs=
-15,-26,YUi2gBfpMNdmi/8cuGDIquas8FE=,bXIgp17lWKBOysQ8GVJV56tYHEs=
-16,-18,YUi2gBfpMNdmi/8cuGDIquas8FE=,VCwadb2NP4i3Iyyy04B21VqNsYk=
-16,-29,YUi2gBfpMNdmi/8cuGDIquas8FE=,hlx8J8MtMweuIhKTGFJN17st9WA=
-14,-24,YUi2gBfpMNdmi/8cuGDIquas8FE=,0eGGj3NvMDV7yM5T66HSsBQMVHk=
-15,-29,YUi2gBfpMNdmi/8cuGDIquas8FE=,hlx8J8MtMweuIhKTGFJN17st9WA=
-15,-25,YUi2gBfpMNdmi/8cuGDIquas8FE=,bXIgp17lWKBOysQ8GVJV56tYHEs=
-12,-24,YUi2gBfpMNdmi/8cuGDIquas8FE=,eHA4aMRAyXnWUSebuidOV+jtGMw=
-16,-30,YUi2gBfpMNdmi/8cuGDIquas8FE=,hlx8J8MtMweuIhKTGFJN17st9WA=
-12,-25,YUi2gBfpMNdmi/8cuGDIquas8FE=,ipB0CDq/jkKnyL9VVi1YuqeyhZ4=
-12,-29,YUi2gBfpMNdmi/8cuGDIquas8FE=,wfQ5Pmm6aO/aVKzzzwRJYtD/E6A=
-16,-20,YUi2gBfpMNdmi/8cuGDIquas8FE=,VCwadb2NP4i3Iyyy04B21VqNsYk=
-14,-29,YUi2gBfpMNdmi/8cuGDIquas8FE=,hlx8J8MtMweuIhKTGFJN17st9WA=
-16,-28,YUi2gBfpMNdmi/8cuGDIquas8FE=,bXIgp17lWKBOysQ8GVJV56tYHEs=
-16,-31,YUi2gBfpMNdmi/8cuGDIquas8FE=,hlx8J8MtMweuIhKTGFJN17st9WA=
-13,-29,YUi2gBfpMNdmi/8cuGDIquas8FE=,hlx8J8MtMweuIhKTGFJN17st9WA=
-12,-26,YUi2gBfpMNdmi/8cuGDIquas8FE=,ipB0CDq/jkKnyL9VVi1YuqeyhZ4=
-16,-26,YUi2gBfpMNdmi/8cuGDIquas8FE=,bXIgp17lWKBOysQ8GVJV56tYHEs=
-13,-27,YUi2gBfpMNdmi/8cuGDIquas8FE=,bXIgp17lWKBOysQ8GVJV56tYHEs=
-1,-22,YUi2gBfpMNdmi/8cuGDIquas8FE=,ExCm04a3edhCw4gaEgMJVx8he88=
-1,-27,YUi2gBfpMNdmi/8cuGDIquas8FE=,W0/GdwIwMWSPoL+gwXPtzNOMg5k=
-1,-23,YUi2gBfpMNdmi/8cuGDIquas8FE=,ExCm04a3edhCw4gaEgMJVx8he88=
-1,-26,YUi2gBfpMNdmi/8cuGDIquas8FE=,W0/GdwIwMWSPoL+gwXPtzNOMg5k=
-1,-24,YUi2gBfpMNdmi/8cuGDIquas8FE=,ExCm04a3edhCw4gaEgMJVx8he88=
-1,-25,YUi2gBfpMNdmi/8cuGDIquas8FE=,W0/GdwIwMWSPoL+gwXPtzNOMg5k=
-1,-28,YUi2gBfpMNdmi/8cuGDIquas8FE=,W0/GdwIwMWSPoL+gwXPtzNOMg5k=
-1,-32,YUi2gBfpMNdmi/8cuGDIquas8FE=,FDElt5XRQCCQj8LPkBrFLpcmQ/M=
-1,-31,YUi2gBfpMNdmi/8cuGDIquas8FE=,FDElt5XRQCCQj8LPkBrFLpcmQ/M=
-1,-29,YUi2gBfpMNdmi/8cuGDIquas8FE=,FDElt5XRQCCQj8LPkBrFLpcmQ/M=
-1,-30,YUi2gBfpMNdmi/8cuGDIquas8FE=,FDElt5XRQCCQj8LPkBrFLpcmQ/M=
-11,-17,YUi2gBfpMNdmi/8cuGDIquas8FE=,wK3oxMHZ9yC6/RthQcD+ldSNMR4=
-6,-17,YUi2gBfpMNdmi/8cuGDIquas8FE=,HaZCPPqD5v1W9TefSB110Da1otk=
-8,-17,YUi2gBfpMNdmi/8cuGDIquas8FE=,HaZCPPqD5v1W9TefSB110Da1otk=
-7,-17,YUi2gBfpMNdmi/8cuGDIquas8FE=,HaZCPPqD5v1W9TefSB110Da1otk=
-9,-17,YUi2gBfpMNdmi/8cuGDIquas8FE=,wK3oxMHZ9yC6/RthQcD+ldSNMR4=
-10,-17,YUi2gBfpMNdmi/8cuGDIquas8FE=,wK3oxMHZ9yC6/RthQcD+ldSNMR4=
-12,-17,YUi2gBfpMNdmi/8cuGDIquas8FE=,wK3oxMHZ9yC6/RthQcD+ldSNMR4=
-13,-17,YUi2gBfpMNdmi/8cuGDIquas8FE=,VCwadb2NP4i3Iyyy04B21VqNsYk=
-14,-17,YUi2gBfpMNdmi/8cuGDIquas8FE=,VCwadb2NP4i3Iyyy04B21VqNsYk=
-15,-17,YUi2gBfpMNdmi/8cuGDIquas8FE=,VCwadb2NP4i3Iyyy04B21VqNsYk=
-16,-17,YUi2gBfpMNdmi/8cuGDIquas8FE=,VCwadb2NP4i3Iyyy04B21VqNsYk=
-3,-20,YUi2gBfpMNdmi/8cuGDIquas8FE=,5Xj5ACIGE1uTA9vXoNBFH/IH6MM=
-4,-17,YUi2gBfpMNdmi/8cuGDIquas8FE=,5Xj5ACIGE1uTA9vXoNBFH/IH6MM=
-5,-20,YUi2gBfpMNdmi/8cuGDIquas8FE=,HaZCPPqD5v1W9TefSB110Da1otk=
-3,-18,YUi2gBfpMNdmi/8cuGDIquas8FE=,5Xj5ACIGE1uTA9vXoNBFH/IH6MM=
-2,-18,YUi2gBfpMNdmi/8cuGDIquas8FE=,5Xj5ACIGE1uTA9vXoNBFH/IH6MM=
-5,-18,YUi2gBfpMNdmi/8cuGDIquas8FE=,HaZCPPqD5v1W9TefSB110Da1otk=
-5,-21,YUi2gBfpMNdmi/8cuGDIquas8FE=,qJEPCf/6/sJaOVmreMZHnQhTXZo=
-4,-18,YUi2gBfpMNdmi/8cuGDIquas8FE=,5Xj5ACIGE1uTA9vXoNBFH/IH6MM=
-1,-17,YUi2gBfpMNdmi/8cuGDIquas8FE=,5Xj5ACIGE1uTA9vXoNBFH/IH6MM=
-3,-17,YUi2gBfpMNdmi/8cuGDIquas8FE=,5Xj5ACIGE1uTA9vXoNBFH/IH6MM=
-1,-21,YUi2gBfpMNdmi/8cuGDIquas8FE=,ExCm04a3edhCw4gaEgMJVx8he88=
-2,-19,YUi2gBfpMNdmi/8cuGDIquas8FE=,5Xj5ACIGE1uTA9vXoNBFH/IH6MM=
-3,-21,YUi2gBfpMNdmi/8cuGDIquas8FE=,ExCm04a3edhCw4gaEgMJVx8he88=
-4,-20,YUi2gBfpMNdmi/8cuGDIquas8FE=,5Xj5ACIGE1uTA9vXoNBFH/IH6MM=
-5,-19,YUi2gBfpMNdmi/8cuGDIquas8FE=,HaZCPPqD5v1W9TefSB110Da1otk=
-2,-17,YUi2gBfpMNdmi/8cuGDIquas8FE=,5Xj5ACIGE1uTA9vXoNBFH/IH6MM=
-2,-21,YUi2gBfpMNdmi/8cuGDIquas8FE=,ExCm04a3edhCw4gaEgMJVx8he88=
-3,-19,YUi2gBfpMNdmi/8cuGDIquas8FE=,5Xj5ACIGE1uTA9vXoNBFH/IH6MM=
-1,-19,YUi2gBfpMNdmi/8cuGDIquas8FE=,5Xj5ACIGE1uTA9vXoNBFH/IH6MM=
-4,-19,YUi2gBfpMNdmi/8cuGDIquas8FE=,5Xj5ACIGE1uTA9vXoNBFH/IH6MM=
-4,-21,YUi2gBfpMNdmi/8cuGDIquas8FE=,ExCm04a3edhCw4gaEgMJVx8he88=
-2,-20,YUi2gBfpMNdmi/8cuGDIquas8FE=,5Xj5ACIGE1uTA9vXoNBFH/IH6MM=
-5,-17,YUi2gBfpMNdmi/8cuGDIquas8FE=,HaZCPPqD5v1W9TefSB110Da1otk=
-1,-18,YUi2gBfpMNdmi/8cuGDIquas8FE=,5Xj5ACIGE1uTA9vXoNBFH/IH6MM=
-1,-20,YUi2gBfpMNdmi/8cuGDIquas8FE=,5Xj5ACIGE1uTA9vXoNBFH/IH6MM=
-30,-18,MljK2x+A6Hr4qxGnLyge2zxNuqk=,BrKw2HGnLt6m3JkIS8wdYAW/weM=
-30,-23,90ejyRZAB6HkM6PJlQJ3P1tbofk=,sTFpIZTf4x52Amj0S1MSLpePQ2E=
-30,-21,MljK2x+A6Hr4qxGnLyge2zxNuqk=,sTFpIZTf4x52Amj0S1MSLpePQ2E=
-32,-20,MljK2x+A6Hr4qxGnLyge2zxNuqk=,BrKw2HGnLt6m3JkIS8wdYAW/weM=
-31,-20,MljK2x+A6Hr4qxGnLyge2zxNuqk=,BrKw2HGnLt6m3JkIS8wdYAW/weM=
-32,-22,MljK2x+A6Hr4qxGnLyge2zxNuqk=,sTFpIZTf4x52Amj0S1MSLpePQ2E=
-31,-23,MljK2x+A6Hr4qxGnLyge2zxNuqk=,sTFpIZTf4x52Amj0S1MSLpePQ2E=
-30,-20,AZdcLdZWjPrWp7d7dYnrOF61ZjM=,BrKw2HGnLt6m3JkIS8wdYAW/weM=
-32,-23,MljK2x+A6Hr4qxGnLyge2zxNuqk=,sTFpIZTf4x52Amj0S1MSLpePQ2E=
-31,-22,AZdcLdZWjPrWp7d7dYnrOF61ZjM=,sTFpIZTf4x52Amj0S1MSLpePQ2E=
-31,-21,MljK2x+A6Hr4qxGnLyge2zxNuqk=,sTFpIZTf4x52Amj0S1MSLpePQ2E=
-32,-21,90ejyRZAB6HkM6PJlQJ3P1tbofk=,sTFpIZTf4x52Amj0S1MSLpePQ2E=
-32,-18,90ejyRZAB6HkM6PJlQJ3P1tbofk=,BrKw2HGnLt6m3JkIS8wdYAW/weM=
-32,-19,MljK2x+A6Hr4qxGnLyge2zxNuqk=,BrKw2HGnLt6m3JkIS8wdYAW/weM=
-30,-22,MljK2x+A6Hr4qxGnLyge2zxNuqk=,sTFpIZTf4x52Amj0S1MSLpePQ2E=
-31,-19,MljK2x+A6Hr4qxGnLyge2zxNuqk=,BrKw2HGnLt6m3JkIS8wdYAW/weM=
-30,-19,MljK2x+A6Hr4qxGnLyge2zxNuqk=,BrKw2HGnLt6m3JkIS8wdYAW/weM=
-31,-18,MljK2x+A6Hr4qxGnLyge2zxNuqk=,BrKw2HGnLt6m3JkIS8wdYAW/weM=
-28,-23,ndAAe0UXs0kJYR7ainq4Yiy6qxs=,2xjvlu1UqspBpxCtdRHftnz10fE=
-27,-23,AZdcLdZWjPrWp7d7dYnrOF61ZjM=,2xjvlu1UqspBpxCtdRHftnz10fE=
-26,-23,AZdcLdZWjPrWp7d7dYnrOF61ZjM=,2xjvlu1UqspBpxCtdRHftnz10fE=
-28,-22,AZdcLdZWjPrWp7d7dYnrOF61ZjM=,2xjvlu1UqspBpxCtdRHftnz10fE=
-27,-22,AZdcLdZWjPrWp7d7dYnrOF61ZjM=,2xjvlu1UqspBpxCtdRHftnz10fE=
-26,-22,AZdcLdZWjPrWp7d7dYnrOF61ZjM=,2xjvlu1UqspBpxCtdRHftnz10fE=
-29,-23,n3qDjMdCdJJyq1b+Yp4Wqw5yW6M=,sTFpIZTf4x52Amj0S1MSLpePQ2E=
-29,-22,AZdcLdZWjPrWp7d7dYnrOF61ZjM=,sTFpIZTf4x52Amj0S1MSLpePQ2E=
-29,-18,AZdcLdZWjPrWp7d7dYnrOF61ZjM=,BrKw2HGnLt6m3JkIS8wdYAW/weM=
-26,-21,n3qDjMdCdJJyq1b+Yp4Wqw5yW6M=,2xjvlu1UqspBpxCtdRHftnz10fE=
-29,-19,AZdcLdZWjPrWp7d7dYnrOF61ZjM=,BrKw2HGnLt6m3JkIS8wdYAW/weM=
-29,-20,AZdcLdZWjPrWp7d7dYnrOF61ZjM=,BrKw2HGnLt6m3JkIS8wdYAW/weM=
-29,-21,n3qDjMdCdJJyq1b+Yp4Wqw5yW6M=,sTFpIZTf4x52Amj0S1MSLpePQ2E=
-28,-21,AZdcLdZWjPrWp7d7dYnrOF61ZjM=,2xjvlu1UqspBpxCtdRHftnz10fE=
-27,-21,ndAAe0UXs0kJYR7ainq4Yiy6qxs=,2xjvlu1UqspBpxCtdRHftnz10fE=
-26,-18,AZdcLdZWjPrWp7d7dYnrOF61ZjM=,BaGyz1d8Wjdnr3AfV02zqaYgQGg=
-28,-18,AZdcLdZWjPrWp7d7dYnrOF61ZjM=,BaGyz1d8Wjdnr3AfV02zqaYgQGg=
-28,-20,n3qDjMdCdJJyq1b+Yp4Wqw5yW6M=,BaGyz1d8Wjdnr3AfV02zqaYgQGg=
-27,-18,AZdcLdZWjPrWp7d7dYnrOF61ZjM=,BaGyz1d8Wjdnr3AfV02zqaYgQGg=
-26,-19,AZdcLdZWjPrWp7d7dYnrOF61ZjM=,BaGyz1d8Wjdnr3AfV02zqaYgQGg=
-27,-19,AZdcLdZWjPrWp7d7dYnrOF61ZjM=,BaGyz1d8Wjdnr3AfV02zqaYgQGg=
-28,-19,AZdcLdZWjPrWp7d7dYnrOF61ZjM=,BaGyz1d8Wjdnr3AfV02zqaYgQGg=
-26,-20,ndAAe0UXs0kJYR7ainq4Yiy6qxs=,BaGyz1d8Wjdnr3AfV02zqaYgQGg=
-27,-20,ndAAe0UXs0kJYR7ainq4Yiy6qxs=,BaGyz1d8Wjdnr3AfV02zqaYgQGg=
-23,-26,BhsY8NNDVAOL7YNCSqRipPKHcB4=,QMTUtvhmKpVWvbWsd63FRg5Jo6I=
-22,-27,BhsY8NNDVAOL7YNCSqRipPKHcB4=,QMTUtvhmKpVWvbWsd63FRg5Jo6I=
-22,-26,BhsY8NNDVAOL7YNCSqRipPKHcB4=,QMTUtvhmKpVWvbWsd63FRg5Jo6I=
-23,-27,BhsY8NNDVAOL7YNCSqRipPKHcB4=,QMTUtvhmKpVWvbWsd63FRg5Jo6I=
-27,-27,BhsY8NNDVAOL7YNCSqRipPKHcB4=,daiF4WuRM9xf5A5zCC76lgBq7F4=
-26,-24,BhsY8NNDVAOL7YNCSqRipPKHcB4=,2xjvlu1UqspBpxCtdRHftnz10fE=
-27,-24,BhsY8NNDVAOL7YNCSqRipPKHcB4=,2xjvlu1UqspBpxCtdRHftnz10fE=
-24,-26,BhsY8NNDVAOL7YNCSqRipPKHcB4=,QMTUtvhmKpVWvbWsd63FRg5Jo6I=
-24,-27,BhsY8NNDVAOL7YNCSqRipPKHcB4=,QMTUtvhmKpVWvbWsd63FRg5Jo6I=
-26,-27,BhsY8NNDVAOL7YNCSqRipPKHcB4=,daiF4WuRM9xf5A5zCC76lgBq7F4=
-26,-25,BhsY8NNDVAOL7YNCSqRipPKHcB4=,daiF4WuRM9xf5A5zCC76lgBq7F4=
-27,-25,BhsY8NNDVAOL7YNCSqRipPKHcB4=,daiF4WuRM9xf5A5zCC76lgBq7F4=
-25,-27,BhsY8NNDVAOL7YNCSqRipPKHcB4=,daiF4WuRM9xf5A5zCC76lgBq7F4=
-25,-26,BhsY8NNDVAOL7YNCSqRipPKHcB4=,daiF4WuRM9xf5A5zCC76lgBq7F4=
-26,-26,BhsY8NNDVAOL7YNCSqRipPKHcB4=,daiF4WuRM9xf5A5zCC76lgBq7F4=
-27,-26,BhsY8NNDVAOL7YNCSqRipPKHcB4=,daiF4WuRM9xf5A5zCC76lgBq7F4=
-25,-24,BhsY8NNDVAOL7YNCSqRipPKHcB4=,2xjvlu1UqspBpxCtdRHftnz10fE=
-22,-22,BhsY8NNDVAOL7YNCSqRipPKHcB4=,F0huf3VwVczE0tGfdxghZR0gaiA=
-23,-22,BhsY8NNDVAOL7YNCSqRipPKHcB4=,F0huf3VwVczE0tGfdxghZR0gaiA=
-25,-23,BhsY8NNDVAOL7YNCSqRipPKHcB4=,2xjvlu1UqspBpxCtdRHftnz10fE=
-24,-22,BhsY8NNDVAOL7YNCSqRipPKHcB4=,F0huf3VwVczE0tGfdxghZR0gaiA=
-24,-24,BhsY8NNDVAOL7YNCSqRipPKHcB4=,F0huf3VwVczE0tGfdxghZR0gaiA=
-22,-25,BhsY8NNDVAOL7YNCSqRipPKHcB4=,QMTUtvhmKpVWvbWsd63FRg5Jo6I=
-22,-23,BhsY8NNDVAOL7YNCSqRipPKHcB4=,F0huf3VwVczE0tGfdxghZR0gaiA=
-23,-24,BhsY8NNDVAOL7YNCSqRipPKHcB4=,F0huf3VwVczE0tGfdxghZR0gaiA=
-23,-23,BhsY8NNDVAOL7YNCSqRipPKHcB4=,F0huf3VwVczE0tGfdxghZR0gaiA=
-23,-25,BhsY8NNDVAOL7YNCSqRipPKHcB4=,QMTUtvhmKpVWvbWsd63FRg5Jo6I=
-25,-22,q1hBctivO4G7sEPuuUxGaOQPQxA=,2xjvlu1UqspBpxCtdRHftnz10fE=
-22,-24,BhsY8NNDVAOL7YNCSqRipPKHcB4=,F0huf3VwVczE0tGfdxghZR0gaiA=
-25,-25,BhsY8NNDVAOL7YNCSqRipPKHcB4=,daiF4WuRM9xf5A5zCC76lgBq7F4=
-24,-23,BhsY8NNDVAOL7YNCSqRipPKHcB4=,F0huf3VwVczE0tGfdxghZR0gaiA=
-24,-25,BhsY8NNDVAOL7YNCSqRipPKHcB4=,QMTUtvhmKpVWvbWsd63FRg5Jo6I=
-22,-21,n3qDjMdCdJJyq1b+Yp4Wqw5yW6M=,F0huf3VwVczE0tGfdxghZR0gaiA=
-24,-20,BhsY8NNDVAOL7YNCSqRipPKHcB4=,W6GSPh8J6qIFLgGeV9e8qgx3I3E=
-22,-18,n3qDjMdCdJJyq1b+Yp4Wqw5yW6M=,W6GSPh8J6qIFLgGeV9e8qgx3I3E=
-24,-21,BhsY8NNDVAOL7YNCSqRipPKHcB4=,F0huf3VwVczE0tGfdxghZR0gaiA=
-23,-20,BhsY8NNDVAOL7YNCSqRipPKHcB4=,W6GSPh8J6qIFLgGeV9e8qgx3I3E=
-24,-18,q1hBctivO4G7sEPuuUxGaOQPQxA=,W6GSPh8J6qIFLgGeV9e8qgx3I3E=
-23,-18,n3qDjMdCdJJyq1b+Yp4Wqw5yW6M=,W6GSPh8J6qIFLgGeV9e8qgx3I3E=
-22,-20,BhsY8NNDVAOL7YNCSqRipPKHcB4=,W6GSPh8J6qIFLgGeV9e8qgx3I3E=
-25,-21,BhsY8NNDVAOL7YNCSqRipPKHcB4=,2xjvlu1UqspBpxCtdRHftnz10fE=
-25,-19,m9auBO22JbiO3t6Xnp4UVFnnTFo=,BaGyz1d8Wjdnr3AfV02zqaYgQGg=
-24,-19,n3qDjMdCdJJyq1b+Yp4Wqw5yW6M=,W6GSPh8J6qIFLgGeV9e8qgx3I3E=
-25,-18,n3qDjMdCdJJyq1b+Yp4Wqw5yW6M=,BaGyz1d8Wjdnr3AfV02zqaYgQGg=
-23,-21,BhsY8NNDVAOL7YNCSqRipPKHcB4=,F0huf3VwVczE0tGfdxghZR0gaiA=
-25,-20,BhsY8NNDVAOL7YNCSqRipPKHcB4=,BaGyz1d8Wjdnr3AfV02zqaYgQGg=
-23,-19,BhsY8NNDVAOL7YNCSqRipPKHcB4=,W6GSPh8J6qIFLgGeV9e8qgx3I3E=
-22,-19,BhsY8NNDVAOL7YNCSqRipPKHcB4=,W6GSPh8J6qIFLgGeV9e8qgx3I3E=
-30,-27,BhsY8NNDVAOL7YNCSqRipPKHcB4=,hbER1A3ljVfp21u1sSx0yg5+QSo=
-29,-27,BhsY8NNDVAOL7YNCSqRipPKHcB4=,hbER1A3ljVfp21u1sSx0yg5+QSo=
-32,-26,BhsY8NNDVAOL7YNCSqRipPKHcB4=,hbER1A3ljVfp21u1sSx0yg5+QSo=
-28,-26,BhsY8NNDVAOL7YNCSqRipPKHcB4=,daiF4WuRM9xf5A5zCC76lgBq7F4=
-31,-26,BhsY8NNDVAOL7YNCSqRipPKHcB4=,hbER1A3ljVfp21u1sSx0yg5+QSo=
-30,-26,BhsY8NNDVAOL7YNCSqRipPKHcB4=,hbER1A3ljVfp21u1sSx0yg5+QSo=
-29,-26,BhsY8NNDVAOL7YNCSqRipPKHcB4=,hbER1A3ljVfp21u1sSx0yg5+QSo=
-30,-29,BhsY8NNDVAOL7YNCSqRipPKHcB4=,2UojwXgRRjFDvPEssIy7cew/8kg=
-28,-25,BhsY8NNDVAOL7YNCSqRipPKHcB4=,daiF4WuRM9xf5A5zCC76lgBq7F4=
-32,-28,BhsY8NNDVAOL7YNCSqRipPKHcB4=,hbER1A3ljVfp21u1sSx0yg5+QSo=
-32,-25,BhsY8NNDVAOL7YNCSqRipPKHcB4=,hbER1A3ljVfp21u1sSx0yg5+QSo=
-31,-31,BhsY8NNDVAOL7YNCSqRipPKHcB4=,2UojwXgRRjFDvPEssIy7cew/8kg=
-30,-31,BhsY8NNDVAOL7YNCSqRipPKHcB4=,2UojwXgRRjFDvPEssIy7cew/8kg=
-31,-25,BhsY8NNDVAOL7YNCSqRipPKHcB4=,hbER1A3ljVfp21u1sSx0yg5+QSo=
-32,-31,BhsY8NNDVAOL7YNCSqRipPKHcB4=,2UojwXgRRjFDvPEssIy7cew/8kg=
-32,-29,BhsY8NNDVAOL7YNCSqRipPKHcB4=,2UojwXgRRjFDvPEssIy7cew/8kg=
-31,-29,BhsY8NNDVAOL7YNCSqRipPKHcB4=,2UojwXgRRjFDvPEssIy7cew/8kg=
-31,-28,BhsY8NNDVAOL7YNCSqRipPKHcB4=,hbER1A3ljVfp21u1sSx0yg5+QSo=
-30,-25,BhsY8NNDVAOL7YNCSqRipPKHcB4=,hbER1A3ljVfp21u1sSx0yg5+QSo=
-30,-32,BhsY8NNDVAOL7YNCSqRipPKHcB4=,2UojwXgRRjFDvPEssIy7cew/8kg=
-30,-30,BhsY8NNDVAOL7YNCSqRipPKHcB4=,2UojwXgRRjFDvPEssIy7cew/8kg=
-32,-30,BhsY8NNDVAOL7YNCSqRipPKHcB4=,2UojwXgRRjFDvPEssIy7cew/8kg=
-32,-32,BhsY8NNDVAOL7YNCSqRipPKHcB4=,2UojwXgRRjFDvPEssIy7cew/8kg=
-31,-32,BhsY8NNDVAOL7YNCSqRipPKHcB4=,2UojwXgRRjFDvPEssIy7cew/8kg=
-29,-25,BhsY8NNDVAOL7YNCSqRipPKHcB4=,hbER1A3ljVfp21u1sSx0yg5+QSo=
-31,-30,BhsY8NNDVAOL7YNCSqRipPKHcB4=,2UojwXgRRjFDvPEssIy7cew/8kg=
-31,-27,BhsY8NNDVAOL7YNCSqRipPKHcB4=,hbER1A3ljVfp21u1sSx0yg5+QSo=
-30,-28,BhsY8NNDVAOL7YNCSqRipPKHcB4=,hbER1A3ljVfp21u1sSx0yg5+QSo=
-32,-24,BhsY8NNDVAOL7YNCSqRipPKHcB4=,sTFpIZTf4x52Amj0S1MSLpePQ2E=
-28,-27,BhsY8NNDVAOL7YNCSqRipPKHcB4=,daiF4WuRM9xf5A5zCC76lgBq7F4=
-31,-24,BhsY8NNDVAOL7YNCSqRipPKHcB4=,sTFpIZTf4x52Amj0S1MSLpePQ2E=
-28,-24,BhsY8NNDVAOL7YNCSqRipPKHcB4=,2xjvlu1UqspBpxCtdRHftnz10fE=
-29,-24,BhsY8NNDVAOL7YNCSqRipPKHcB4=,sTFpIZTf4x52Amj0S1MSLpePQ2E=
-32,-27,BhsY8NNDVAOL7YNCSqRipPKHcB4=,hbER1A3ljVfp21u1sSx0yg5+QSo=
-30,-24,BhsY8NNDVAOL7YNCSqRipPKHcB4=,sTFpIZTf4x52Amj0S1MSLpePQ2E=
-26,-31,BhsY8NNDVAOL7YNCSqRipPKHcB4=,rPylujscWfARm1uWpPIthtpLYro=
-29,-32,BhsY8NNDVAOL7YNCSqRipPKHcB4=,2UojwXgRRjFDvPEssIy7cew/8kg=
-29,-29,BhsY8NNDVAOL7YNCSqRipPKHcB4=,2UojwXgRRjFDvPEssIy7cew/8kg=
-27,-31,BhsY8NNDVAOL7YNCSqRipPKHcB4=,rPylujscWfARm1uWpPIthtpLYro=
-28,-30,BhsY8NNDVAOL7YNCSqRipPKHcB4=,rPylujscWfARm1uWpPIthtpLYro=
-27,-30,BhsY8NNDVAOL7YNCSqRipPKHcB4=,rPylujscWfARm1uWpPIthtpLYro=
-26,-30,BhsY8NNDVAOL7YNCSqRipPKHcB4=,rPylujscWfARm1uWpPIthtpLYro=
-26,-28,BhsY8NNDVAOL7YNCSqRipPKHcB4=,daiF4WuRM9xf5A5zCC76lgBq7F4=
-28,-29,BhsY8NNDVAOL7YNCSqRipPKHcB4=,rPylujscWfARm1uWpPIthtpLYro=
-26,-29,BhsY8NNDVAOL7YNCSqRipPKHcB4=,rPylujscWfARm1uWpPIthtpLYro=
-29,-31,BhsY8NNDVAOL7YNCSqRipPKHcB4=,2UojwXgRRjFDvPEssIy7cew/8kg=
-28,-32,BhsY8NNDVAOL7YNCSqRipPKHcB4=,rPylujscWfARm1uWpPIthtpLYro=
-26,-32,BhsY8NNDVAOL7YNCSqRipPKHcB4=,rPylujscWfARm1uWpPIthtpLYro=
-27,-32,BhsY8NNDVAOL7YNCSqRipPKHcB4=,rPylujscWfARm1uWpPIthtpLYro=
-27,-29,BhsY8NNDVAOL7YNCSqRipPKHcB4=,rPylujscWfARm1uWpPIthtpLYro=
-29,-28,BhsY8NNDVAOL7YNCSqRipPKHcB4=,hbER1A3ljVfp21u1sSx0yg5+QSo=
-29,-30,BhsY8NNDVAOL7YNCSqRipPKHcB4=,2UojwXgRRjFDvPEssIy7cew/8kg=
-28,-31,BhsY8NNDVAOL7YNCSqRipPKHcB4=,rPylujscWfARm1uWpPIthtpLYro=
-27,-28,BhsY8NNDVAOL7YNCSqRipPKHcB4=,daiF4WuRM9xf5A5zCC76lgBq7F4=
-22,-31,BhsY8NNDVAOL7YNCSqRipPKHcB4=,JAcQkOH2HYxR25LYvm8p6ulR9Lg=
-28,-28,BhsY8NNDVAOL7YNCSqRipPKHcB4=,daiF4WuRM9xf5A5zCC76lgBq7F4=
-25,-31,BhsY8NNDVAOL7YNCSqRipPKHcB4=,rPylujscWfARm1uWpPIthtpLYro=
-22,-28,BhsY8NNDVAOL7YNCSqRipPKHcB4=,QMTUtvhmKpVWvbWsd63FRg5Jo6I=
-25,-28,BhsY8NNDVAOL7YNCSqRipPKHcB4=,daiF4WuRM9xf5A5zCC76lgBq7F4=
-24,-28,BhsY8NNDVAOL7YNCSqRipPKHcB4=,QMTUtvhmKpVWvbWsd63FRg5Jo6I=
-23,-28,BhsY8NNDVAOL7YNCSqRipPKHcB4=,QMTUtvhmKpVWvbWsd63FRg5Jo6I=
-22,-29,BhsY8NNDVAOL7YNCSqRipPKHcB4=,JAcQkOH2HYxR25LYvm8p6ulR9Lg=
-24,-30,BhsY8NNDVAOL7YNCSqRipPKHcB4=,JAcQkOH2HYxR25LYvm8p6ulR9Lg=
-23,-29,BhsY8NNDVAOL7YNCSqRipPKHcB4=,JAcQkOH2HYxR25LYvm8p6ulR9Lg=
-25,-32,BhsY8NNDVAOL7YNCSqRipPKHcB4=,rPylujscWfARm1uWpPIthtpLYro=
-22,-32,BhsY8NNDVAOL7YNCSqRipPKHcB4=,JAcQkOH2HYxR25LYvm8p6ulR9Lg=
-23,-32,BhsY8NNDVAOL7YNCSqRipPKHcB4=,JAcQkOH2HYxR25LYvm8p6ulR9Lg=
-23,-31,BhsY8NNDVAOL7YNCSqRipPKHcB4=,JAcQkOH2HYxR25LYvm8p6ulR9Lg=
-24,-31,BhsY8NNDVAOL7YNCSqRipPKHcB4=,JAcQkOH2HYxR25LYvm8p6ulR9Lg=
-24,-29,BhsY8NNDVAOL7YNCSqRipPKHcB4=,JAcQkOH2HYxR25LYvm8p6ulR9Lg=
-23,-30,BhsY8NNDVAOL7YNCSqRipPKHcB4=,JAcQkOH2HYxR25LYvm8p6ulR9Lg=
-24,-32,BhsY8NNDVAOL7YNCSqRipPKHcB4=,JAcQkOH2HYxR25LYvm8p6ulR9Lg=
-25,-29,BhsY8NNDVAOL7YNCSqRipPKHcB4=,rPylujscWfARm1uWpPIthtpLYro=
-22,-30,BhsY8NNDVAOL7YNCSqRipPKHcB4=,JAcQkOH2HYxR25LYvm8p6ulR9Lg=
-25,-30,BhsY8NNDVAOL7YNCSqRipPKHcB4=,rPylujscWfARm1uWpPIthtpLYro=
-21,-31,BhsY8NNDVAOL7YNCSqRipPKHcB4=,JAcQkOH2HYxR25LYvm8p6ulR9Lg=
-20,-32,BhsY8NNDVAOL7YNCSqRipPKHcB4=,lJ8v4VPa3Bq+DJVvWe1SWnL3g4U=
-19,-32,BhsY8NNDVAOL7YNCSqRipPKHcB4=,lJ8v4VPa3Bq+DJVvWe1SWnL3g4U=
-18,-32,BhsY8NNDVAOL7YNCSqRipPKHcB4=,lJ8v4VPa3Bq+DJVvWe1SWnL3g4U=
-21,-32,BhsY8NNDVAOL7YNCSqRipPKHcB4=,JAcQkOH2HYxR25LYvm8p6ulR9Lg=
-19,-30,BhsY8NNDVAOL7YNCSqRipPKHcB4=,lJ8v4VPa3Bq+DJVvWe1SWnL3g4U=
-20,-30,BhsY8NNDVAOL7YNCSqRipPKHcB4=,lJ8v4VPa3Bq+DJVvWe1SWnL3g4U=
-18,-31,BhsY8NNDVAOL7YNCSqRipPKHcB4=,lJ8v4VPa3Bq+DJVvWe1SWnL3g4U=
-18,-30,BhsY8NNDVAOL7YNCSqRipPKHcB4=,lJ8v4VPa3Bq+DJVvWe1SWnL3g4U=
-19,-31,BhsY8NNDVAOL7YNCSqRipPKHcB4=,lJ8v4VPa3Bq+DJVvWe1SWnL3g4U=
-21,-30,BhsY8NNDVAOL7YNCSqRipPKHcB4=,JAcQkOH2HYxR25LYvm8p6ulR9Lg=
-20,-31,BhsY8NNDVAOL7YNCSqRipPKHcB4=,lJ8v4VPa3Bq+DJVvWe1SWnL3g4U=
-23,-17,BhsY8NNDVAOL7YNCSqRipPKHcB4=,W6GSPh8J6qIFLgGeV9e8qgx3I3E=
-22,-17,BhsY8NNDVAOL7YNCSqRipPKHcB4=,W6GSPh8J6qIFLgGeV9e8qgx3I3E=
-27,-17,BhsY8NNDVAOL7YNCSqRipPKHcB4=,BaGyz1d8Wjdnr3AfV02zqaYgQGg=
-26,-17,BhsY8NNDVAOL7YNCSqRipPKHcB4=,BaGyz1d8Wjdnr3AfV02zqaYgQGg=
-25,-17,BhsY8NNDVAOL7YNCSqRipPKHcB4=,BaGyz1d8Wjdnr3AfV02zqaYgQGg=
-24,-17,BhsY8NNDVAOL7YNCSqRipPKHcB4=,W6GSPh8J6qIFLgGeV9e8qgx3I3E=
-20,-27,BhsY8NNDVAOL7YNCSqRipPKHcB4=,fHB0yIHEdsQFjhPTy1LadfakWsI=
-21,-28,BhsY8NNDVAOL7YNCSqRipPKHcB4=,QMTUtvhmKpVWvbWsd63FRg5Jo6I=
-19,-29,BhsY8NNDVAOL7YNCSqRipPKHcB4=,lJ8v4VPa3Bq+DJVvWe1SWnL3g4U=
-17,-27,BhsY8NNDVAOL7YNCSqRipPKHcB4=,fHB0yIHEdsQFjhPTy1LadfakWsI=
-18,-29,BhsY8NNDVAOL7YNCSqRipPKHcB4=,lJ8v4VPa3Bq+DJVvWe1SWnL3g4U=
-20,-26,BhsY8NNDVAOL7YNCSqRipPKHcB4=,fHB0yIHEdsQFjhPTy1LadfakWsI=
-28,-17,BhsY8NNDVAOL7YNCSqRipPKHcB4=,BaGyz1d8Wjdnr3AfV02zqaYgQGg=
-21,-27,BhsY8NNDVAOL7YNCSqRipPKHcB4=,QMTUtvhmKpVWvbWsd63FRg5Jo6I=
-32,-17,BhsY8NNDVAOL7YNCSqRipPKHcB4=,BrKw2HGnLt6m3JkIS8wdYAW/weM=
-31,-17,BhsY8NNDVAOL7YNCSqRipPKHcB4=,BrKw2HGnLt6m3JkIS8wdYAW/weM=
-19,-27,BhsY8NNDVAOL7YNCSqRipPKHcB4=,fHB0yIHEdsQFjhPTy1LadfakWsI=
-17,-26,BhsY8NNDVAOL7YNCSqRipPKHcB4=,fHB0yIHEdsQFjhPTy1LadfakWsI=
-20,-29,BhsY8NNDVAOL7YNCSqRipPKHcB4=,lJ8v4VPa3Bq+DJVvWe1SWnL3g4U=
-21,-29,BhsY8NNDVAOL7YNCSqRipPKHcB4=,JAcQkOH2HYxR25LYvm8p6ulR9Lg=
-30,-17,BhsY8NNDVAOL7YNCSqRipPKHcB4=,BrKw2HGnLt6m3JkIS8wdYAW/weM=
-29,-17,BhsY8NNDVAOL7YNCSqRipPKHcB4=,BrKw2HGnLt6m3JkIS8wdYAW/weM=
-21,-26,BhsY8NNDVAOL7YNCSqRipPKHcB4=,QMTUtvhmKpVWvbWsd63FRg5Jo6I=
-18,-27,BhsY8NNDVAOL7YNCSqRipPKHcB4=,fHB0yIHEdsQFjhPTy1LadfakWsI=
-19,-28,BhsY8NNDVAOL7YNCSqRipPKHcB4=,fHB0yIHEdsQFjhPTy1LadfakWsI=
-19,-26,BhsY8NNDVAOL7YNCSqRipPKHcB4=,fHB0yIHEdsQFjhPTy1LadfakWsI=
-18,-28,BhsY8NNDVAOL7YNCSqRipPKHcB4=,fHB0yIHEdsQFjhPTy1LadfakWsI=
-18,-26,BhsY8NNDVAOL7YNCSqRipPKHcB4=,fHB0yIHEdsQFjhPTy1LadfakWsI=
-20,-28,BhsY8NNDVAOL7YNCSqRipPKHcB4=,fHB0yIHEdsQFjhPTy1LadfakWsI=
-17,-29,BhsY8NNDVAOL7YNCSqRipPKHcB4=,lJ8v4VPa3Bq+DJVvWe1SWnL3g4U=
-17,-31,BhsY8NNDVAOL7YNCSqRipPKHcB4=,lJ8v4VPa3Bq+DJVvWe1SWnL3g4U=
-17,-32,BhsY8NNDVAOL7YNCSqRipPKHcB4=,lJ8v4VPa3Bq+DJVvWe1SWnL3g4U=
-17,-30,BhsY8NNDVAOL7YNCSqRipPKHcB4=,lJ8v4VPa3Bq+DJVvWe1SWnL3g4U=
-17,-28,BhsY8NNDVAOL7YNCSqRipPKHcB4=,fHB0yIHEdsQFjhPTy1LadfakWsI=
-18,-23,BhsY8NNDVAOL7YNCSqRipPKHcB4=,GxMXVbKQaqrIbZkdxmXuYGNqd6Y=
-21,-22,BhsY8NNDVAOL7YNCSqRipPKHcB4=,F0huf3VwVczE0tGfdxghZR0gaiA=
-19,-23,BhsY8NNDVAOL7YNCSqRipPKHcB4=,GxMXVbKQaqrIbZkdxmXuYGNqd6Y=
-19,-22,BhsY8NNDVAOL7YNCSqRipPKHcB4=,GxMXVbKQaqrIbZkdxmXuYGNqd6Y=
-17,-22,BhsY8NNDVAOL7YNCSqRipPKHcB4=,GxMXVbKQaqrIbZkdxmXuYGNqd6Y=
-20,-23,BhsY8NNDVAOL7YNCSqRipPKHcB4=,GxMXVbKQaqrIbZkdxmXuYGNqd6Y=
-21,-25,BhsY8NNDVAOL7YNCSqRipPKHcB4=,QMTUtvhmKpVWvbWsd63FRg5Jo6I=
-17,-23,BhsY8NNDVAOL7YNCSqRipPKHcB4=,GxMXVbKQaqrIbZkdxmXuYGNqd6Y=
-18,-22,BhsY8NNDVAOL7YNCSqRipPKHcB4=,GxMXVbKQaqrIbZkdxmXuYGNqd6Y=
-21,-23,BhsY8NNDVAOL7YNCSqRipPKHcB4=,F0huf3VwVczE0tGfdxghZR0gaiA=
-17,-24,BhsY8NNDVAOL7YNCSqRipPKHcB4=,GxMXVbKQaqrIbZkdxmXuYGNqd6Y=
-20,-24,BhsY8NNDVAOL7YNCSqRipPKHcB4=,GxMXVbKQaqrIbZkdxmXuYGNqd6Y=
-21,-24,BhsY8NNDVAOL7YNCSqRipPKHcB4=,F0huf3VwVczE0tGfdxghZR0gaiA=
-19,-25,BhsY8NNDVAOL7YNCSqRipPKHcB4=,fHB0yIHEdsQFjhPTy1LadfakWsI=
-17,-25,BhsY8NNDVAOL7YNCSqRipPKHcB4=,fHB0yIHEdsQFjhPTy1LadfakWsI=
-18,-24,BhsY8NNDVAOL7YNCSqRipPKHcB4=,GxMXVbKQaqrIbZkdxmXuYGNqd6Y=
-19,-24,BhsY8NNDVAOL7YNCSqRipPKHcB4=,GxMXVbKQaqrIbZkdxmXuYGNqd6Y=
-20,-22,BhsY8NNDVAOL7YNCSqRipPKHcB4=,GxMXVbKQaqrIbZkdxmXuYGNqd6Y=
-20,-25,BhsY8NNDVAOL7YNCSqRipPKHcB4=,fHB0yIHEdsQFjhPTy1LadfakWsI=
-18,-25,BhsY8NNDVAOL7YNCSqRipPKHcB4=,fHB0yIHEdsQFjhPTy1LadfakWsI=
-21,-21,BhsY8NNDVAOL7YNCSqRipPKHcB4=,F0huf3VwVczE0tGfdxghZR0gaiA=
-21,-18,BhsY8NNDVAOL7YNCSqRipPKHcB4=,W6GSPh8J6qIFLgGeV9e8qgx3I3E=
-19,-18,BhsY8NNDVAOL7YNCSqRipPKHcB4=,xromFuo27lwscdRIu4wHpkOxj3M=
-18,-17,BhsY8NNDVAOL7YNCSqRipPKHcB4=,xromFuo27lwscdRIu4wHpkOxj3M=
-18,-18,BhsY8NNDVAOL7YNCSqRipPKHcB4=,xromFuo27lwscdRIu4wHpkOxj3M=
-20,-21,BhsY8NNDVAOL7YNCSqRipPKHcB4=,GxMXVbKQaqrIbZkdxmXuYGNqd6Y=
-19,-21,BhsY8NNDVAOL7YNCSqRipPKHcB4=,GxMXVbKQaqrIbZkdxmXuYGNqd6Y=
-18,-20,BhsY8NNDVAOL7YNCSqRipPKHcB4=,xromFuo27lwscdRIu4wHpkOxj3M=
-20,-18,BhsY8NNDVAOL7YNCSqRipPKHcB4=,xromFuo27lwscdRIu4wHpkOxj3M=
-20,-20,BhsY8NNDVAOL7YNCSqRipPKHcB4=,xromFuo27lwscdRIu4wHpkOxj3M=
-17,-19,BhsY8NNDVAOL7YNCSqRipPKHcB4=,xromFuo27lwscdRIu4wHpkOxj3M=
-21,-19,BhsY8NNDVAOL7YNCSqRipPKHcB4=,W6GSPh8J6qIFLgGeV9e8qgx3I3E=
-18,-19,BhsY8NNDVAOL7YNCSqRipPKHcB4=,xromFuo27lwscdRIu4wHpkOxj3M=
-19,-19,BhsY8NNDVAOL7YNCSqRipPKHcB4=,xromFuo27lwscdRIu4wHpkOxj3M=
-19,-17,BhsY8NNDVAOL7YNCSqRipPKHcB4=,xromFuo27lwscdRIu4wHpkOxj3M=
-17,-17,BhsY8NNDVAOL7YNCSqRipPKHcB4=,xromFuo27lwscdRIu4wHpkOxj3M=
-17,-21,BhsY8NNDVAOL7YNCSqRipPKHcB4=,GxMXVbKQaqrIbZkdxmXuYGNqd6Y=
-21,-20,BhsY8NNDVAOL7YNCSqRipPKHcB4=,W6GSPh8J6qIFLgGeV9e8qgx3I3E=
-19,-20,BhsY8NNDVAOL7YNCSqRipPKHcB4=,xromFuo27lwscdRIu4wHpkOxj3M=
-17,-18,BhsY8NNDVAOL7YNCSqRipPKHcB4=,xromFuo27lwscdRIu4wHpkOxj3M=
-20,-19,BhsY8NNDVAOL7YNCSqRipPKHcB4=,xromFuo27lwscdRIu4wHpkOxj3M=
-21,-17,BhsY8NNDVAOL7YNCSqRipPKHcB4=,W6GSPh8J6qIFLgGeV9e8qgx3I3E=
-20,-17,BhsY8NNDVAOL7YNCSqRipPKHcB4=,xromFuo27lwscdRIu4wHpkOxj3M=
-18,-21,BhsY8NNDVAOL7YNCSqRipPKHcB4=,GxMXVbKQaqrIbZkdxmXuYGNqd6Y=
-17,-20,BhsY8NNDVAOL7YNCSqRipPKHcB4=,xromFuo27lwscdRIu4wHpkOxj3M=
-30,-2,zo2Q3oZt4bH5h2xT6CpIgmoquLA=,iTGOjhFIjfqCVkjnxGS4Dn/O/M4=
-31,-2,zo2Q3oZt4bH5h2xT6CpIgmoquLA=,iTGOjhFIjfqCVkjnxGS4Dn/O/M4=
-32,-2,zo2Q3oZt4bH5h2xT6CpIgmoquLA=,iTGOjhFIjfqCVkjnxGS4Dn/O/M4=
-32,-3,zo2Q3oZt4bH5h2xT6CpIgmoquLA=,iTGOjhFIjfqCVkjnxGS4Dn/O/M4=
-31,-3,Mt2xpA0JPx3spPzhQWI3oiBS6Rk=,iTGOjhFIjfqCVkjnxGS4Dn/O/M4=
-30,-3,Mt2xpA0JPx3spPzhQWI3oiBS6Rk=,iTGOjhFIjfqCVkjnxGS4Dn/O/M4=
-30,-6,zo2Q3oZt4bH5h2xT6CpIgmoquLA=,k6gjP+mLmVIbESNjz/VXNiEA2Io=
-30,-4,Mt2xpA0JPx3spPzhQWI3oiBS6Rk=,iTGOjhFIjfqCVkjnxGS4Dn/O/M4=
-32,-5,Mt2xpA0JPx3spPzhQWI3oiBS6Rk=,k6gjP+mLmVIbESNjz/VXNiEA2Io=
-32,-6,zo2Q3oZt4bH5h2xT6CpIgmoquLA=,k6gjP+mLmVIbESNjz/VXNiEA2Io=
-32,-7,Mt2xpA0JPx3spPzhQWI3oiBS6Rk=,k6gjP+mLmVIbESNjz/VXNiEA2Io=
-31,-5,Mt2xpA0JPx3spPzhQWI3oiBS6Rk=,k6gjP+mLmVIbESNjz/VXNiEA2Io=
-31,-6,Mt2xpA0JPx3spPzhQWI3oiBS6Rk=,k6gjP+mLmVIbESNjz/VXNiEA2Io=
-30,-7,Mt2xpA0JPx3spPzhQWI3oiBS6Rk=,k6gjP+mLmVIbESNjz/VXNiEA2Io=
-31,-7,Mt2xpA0JPx3spPzhQWI3oiBS6Rk=,k6gjP+mLmVIbESNjz/VXNiEA2Io=
-32,-4,Mt2xpA0JPx3spPzhQWI3oiBS6Rk=,iTGOjhFIjfqCVkjnxGS4Dn/O/M4=
-31,-4,Mt2xpA0JPx3spPzhQWI3oiBS6Rk=,iTGOjhFIjfqCVkjnxGS4Dn/O/M4=
-30,-5,Mt2xpA0JPx3spPzhQWI3oiBS6Rk=,k6gjP+mLmVIbESNjz/VXNiEA2Io=
-26,-7,403NMb09M9IrSBkKJC72t7XoGe0=,Ha3EOZnHzYn+EiAFjPVo8EyM1E4=
-29,-6,RNZuBYTbJmZSk8Dhfz+QxHpgT1g=,k6gjP+mLmVIbESNjz/VXNiEA2Io=
-27,-7,RNZuBYTbJmZSk8Dhfz+QxHpgT1g=,Ha3EOZnHzYn+EiAFjPVo8EyM1E4=
-28,-6,403NMb09M9IrSBkKJC72t7XoGe0=,Ha3EOZnHzYn+EiAFjPVo8EyM1E4=
-29,-7,sjdnKF08fZs4ZPYOl03S7NHGdEw=,k6gjP+mLmVIbESNjz/VXNiEA2Io=
-26,-6,403NMb09M9IrSBkKJC72t7XoGe0=,Ha3EOZnHzYn+EiAFjPVo8EyM1E4=
-27,-6,403NMb09M9IrSBkKJC72t7XoGe0=,Ha3EOZnHzYn+EiAFjPVo8EyM1E4=
-28,-7,403NMb09M9IrSBkKJC72t7XoGe0=,Ha3EOZnHzYn+EiAFjPVo8EyM1E4=
-26,-3,Mt2xpA0JPx3spPzhQWI3oiBS6Rk=,ti4FjfRFx0JPU+EulvnQcNteKNg=
-28,-2,sjdnKF08fZs4ZPYOl03S7NHGdEw=,ti4FjfRFx0JPU+EulvnQcNteKNg=
-27,-3,Mt2xpA0JPx3spPzhQWI3oiBS6Rk=,ti4FjfRFx0JPU+EulvnQcNteKNg=
-27,-2,sjdnKF08fZs4ZPYOl03S7NHGdEw=,ti4FjfRFx0JPU+EulvnQcNteKNg=
-28,-3,sjdnKF08fZs4ZPYOl03S7NHGdEw=,ti4FjfRFx0JPU+EulvnQcNteKNg=
-26,-4,403NMb09M9IrSBkKJC72t7XoGe0=,ti4FjfRFx0JPU+EulvnQcNteKNg=
-26,-2,sjdnKF08fZs4ZPYOl03S7NHGdEw=,ti4FjfRFx0JPU+EulvnQcNteKNg=
-28,-4,403NMb09M9IrSBkKJC72t7XoGe0=,ti4FjfRFx0JPU+EulvnQcNteKNg=
-29,-2,sjdnKF08fZs4ZPYOl03S7NHGdEw=,iTGOjhFIjfqCVkjnxGS4Dn/O/M4=
-27,-4,RNZuBYTbJmZSk8Dhfz+QxHpgT1g=,ti4FjfRFx0JPU+EulvnQcNteKNg=
-26,-5,sjdnKF08fZs4ZPYOl03S7NHGdEw=,Ha3EOZnHzYn+EiAFjPVo8EyM1E4=
-29,-5,RNZuBYTbJmZSk8Dhfz+QxHpgT1g=,k6gjP+mLmVIbESNjz/VXNiEA2Io=
-27,-5,sjdnKF08fZs4ZPYOl03S7NHGdEw=,Ha3EOZnHzYn+EiAFjPVo8EyM1E4=
-29,-3,sjdnKF08fZs4ZPYOl03S7NHGdEw=,iTGOjhFIjfqCVkjnxGS4Dn/O/M4=
-28,-5,sjdnKF08fZs4ZPYOl03S7NHGdEw=,Ha3EOZnHzYn+EiAFjPVo8EyM1E4=
-29,-4,403NMb09M9IrSBkKJC72t7XoGe0=,iTGOjhFIjfqCVkjnxGS4Dn/O/M4=
-30,-11,VxwskaBnlnNtg6Mxy36oK7I1Xgk=,K/8JfnGlHid77jn5gxIOAwl98nA=
-32,-10,VxwskaBnlnNtg6Mxy36oK7I1Xgk=,K/8JfnGlHid77jn5gxIOAwl98nA=
-31,-10,VxwskaBnlnNtg6Mxy36oK7I1Xgk=,K/8JfnGlHid77jn5gxIOAwl98nA=
-30,-10,VxwskaBnlnNtg6Mxy36oK7I1Xgk=,K/8JfnGlHid77jn5gxIOAwl98nA=
-32,-9,VxwskaBnlnNtg6Mxy36oK7I1Xgk=,K/8JfnGlHid77jn5gxIOAwl98nA=
-31,-11,VxwskaBnlnNtg6Mxy36oK7I1Xgk=,K/8JfnGlHid77jn5gxIOAwl98nA=
-32,-11,VxwskaBnlnNtg6Mxy36oK7I1Xgk=,K/8JfnGlHid77jn5gxIOAwl98nA=
-32,-8,VxwskaBnlnNtg6Mxy36oK7I1Xgk=,k6gjP+mLmVIbESNjz/VXNiEA2Io=
-30,-8,VxwskaBnlnNtg6Mxy36oK7I1Xgk=,k6gjP+mLmVIbESNjz/VXNiEA2Io=
-31,-8,VxwskaBnlnNtg6Mxy36oK7I1Xgk=,k6gjP+mLmVIbESNjz/VXNiEA2Io=
-30,-9,VxwskaBnlnNtg6Mxy36oK7I1Xgk=,K/8JfnGlHid77jn5gxIOAwl98nA=
-31,-9,VxwskaBnlnNtg6Mxy36oK7I1Xgk=,K/8JfnGlHid77jn5gxIOAwl98nA=
-28,-10,VxwskaBnlnNtg6Mxy36oK7I1Xgk=,mugxu4ki2tyvgM2+i6jHisp47RE=
-29,-11,VxwskaBnlnNtg6Mxy36oK7I1Xgk=,K/8JfnGlHid77jn5gxIOAwl98nA=
-27,-10,VxwskaBnlnNtg6Mxy36oK7I1Xgk=,mugxu4ki2tyvgM2+i6jHisp47RE=
-26,-10,VxwskaBnlnNtg6Mxy36oK7I1Xgk=,mugxu4ki2tyvgM2+i6jHisp47RE=
-29,-10,VxwskaBnlnNtg6Mxy36oK7I1Xgk=,K/8JfnGlHid77jn5gxIOAwl98nA=
-28,-9,VxwskaBnlnNtg6Mxy36oK7I1Xgk=,mugxu4ki2tyvgM2+i6jHisp47RE=
-26,-11,VxwskaBnlnNtg6Mxy36oK7I1Xgk=,mugxu4ki2tyvgM2+i6jHisp47RE=
-27,-11,VxwskaBnlnNtg6Mxy36oK7I1Xgk=,mugxu4ki2tyvgM2+i6jHisp47RE=
-26,-8,VxwskaBnlnNtg6Mxy36oK7I1Xgk=,Ha3EOZnHzYn+EiAFjPVo8EyM1E4=
-28,-11,VxwskaBnlnNtg6Mxy36oK7I1Xgk=,mugxu4ki2tyvgM2+i6jHisp47RE=
-29,-9,VxwskaBnlnNtg6Mxy36oK7I1Xgk=,K/8JfnGlHid77jn5gxIOAwl98nA=
-27,-8,VxwskaBnlnNtg6Mxy36oK7I1Xgk=,Ha3EOZnHzYn+EiAFjPVo8EyM1E4=
-27,-9,VxwskaBnlnNtg6Mxy36oK7I1Xgk=,mugxu4ki2tyvgM2+i6jHisp47RE=
-26,-9,VxwskaBnlnNtg6Mxy36oK7I1Xgk=,mugxu4ki2tyvgM2+i6jHisp47RE=
-28,-8,VxwskaBnlnNtg6Mxy36oK7I1Xgk=,Ha3EOZnHzYn+EiAFjPVo8EyM1E4=
-29,-8,VxwskaBnlnNtg6Mxy36oK7I1Xgk=,k6gjP+mLmVIbESNjz/VXNiEA2Io=
-25,-10,VxwskaBnlnNtg6Mxy36oK7I1Xgk=,mugxu4ki2tyvgM2+i6jHisp47RE=
-24,-11,VxwskaBnlnNtg6Mxy36oK7I1Xgk=,mA/PDJRFTI3Ioy7CAYut1oihz8w=
-23,-11,VxwskaBnlnNtg6Mxy36oK7I1Xgk=,mA/PDJRFTI3Ioy7CAYut1oihz8w=
-22,-11,VxwskaBnlnNtg6Mxy36oK7I1Xgk=,mA/PDJRFTI3Ioy7CAYut1oihz8w=
-25,-11,VxwskaBnlnNtg6Mxy36oK7I1Xgk=,mugxu4ki2tyvgM2+i6jHisp47RE=
-22,-10,VxwskaBnlnNtg6Mxy36oK7I1Xgk=,mA/PDJRFTI3Ioy7CAYut1oihz8w=
-23,-10,VxwskaBnlnNtg6Mxy36oK7I1Xgk=,mA/PDJRFTI3Ioy7CAYut1oihz8w=
-24,-10,VxwskaBnlnNtg6Mxy36oK7I1Xgk=,mA/PDJRFTI3Ioy7CAYut1oihz8w=
-24,-8,VxwskaBnlnNtg6Mxy36oK7I1Xgk=,TpROC82CmzozuEXkcgPTw/vGWD8=
-25,-9,VxwskaBnlnNtg6Mxy36oK7I1Xgk=,mugxu4ki2tyvgM2+i6jHisp47RE=
-22,-6,VxwskaBnlnNtg6Mxy36oK7I1Xgk=,TpROC82CmzozuEXkcgPTw/vGWD8=
-23,-8,VxwskaBnlnNtg6Mxy36oK7I1Xgk=,TpROC82CmzozuEXkcgPTw/vGWD8=
-22,-8,VxwskaBnlnNtg6Mxy36oK7I1Xgk=,TpROC82CmzozuEXkcgPTw/vGWD8=
-25,-7,VxwskaBnlnNtg6Mxy36oK7I1Xgk=,Ha3EOZnHzYn+EiAFjPVo8EyM1E4=
-23,-6,VxwskaBnlnNtg6Mxy36oK7I1Xgk=,TpROC82CmzozuEXkcgPTw/vGWD8=
-24,-7,VxwskaBnlnNtg6Mxy36oK7I1Xgk=,TpROC82CmzozuEXkcgPTw/vGWD8=
-23,-7,VxwskaBnlnNtg6Mxy36oK7I1Xgk=,TpROC82CmzozuEXkcgPTw/vGWD8=
-25,-6,NvM6/u8WpusZ65vpNg76Bx6ka5Y=,Ha3EOZnHzYn+EiAFjPVo8EyM1E4=
-22,-7,VxwskaBnlnNtg6Mxy36oK7I1Xgk=,TpROC82CmzozuEXkcgPTw/vGWD8=
-23,-9,VxwskaBnlnNtg6Mxy36oK7I1Xgk=,mA/PDJRFTI3Ioy7CAYut1oihz8w=
-24,-6,VxwskaBnlnNtg6Mxy36oK7I1Xgk=,TpROC82CmzozuEXkcgPTw/vGWD8=
-22,-9,VxwskaBnlnNtg6Mxy36oK7I1Xgk=,mA/PDJRFTI3Ioy7CAYut1oihz8w=
-24,-9,VxwskaBnlnNtg6Mxy36oK7I1Xgk=,mA/PDJRFTI3Ioy7CAYut1oihz8w=
-25,-8,VxwskaBnlnNtg6Mxy36oK7I1Xgk=,Ha3EOZnHzYn+EiAFjPVo8EyM1E4=
-19,-6,VxwskaBnlnNtg6Mxy36oK7I1Xgk=,KUpC8tHepRWCMh8X1x5SljRiDgk=
-20,-7,VxwskaBnlnNtg6Mxy36oK7I1Xgk=,KUpC8tHepRWCMh8X1x5SljRiDgk=
-21,-6,VxwskaBnlnNtg6Mxy36oK7I1Xgk=,TpROC82CmzozuEXkcgPTw/vGWD8=
-18,-7,VxwskaBnlnNtg6Mxy36oK7I1Xgk=,KUpC8tHepRWCMh8X1x5SljRiDgk=
-18,-6,VxwskaBnlnNtg6Mxy36oK7I1Xgk=,KUpC8tHepRWCMh8X1x5SljRiDgk=
-21,-7,VxwskaBnlnNtg6Mxy36oK7I1Xgk=,TpROC82CmzozuEXkcgPTw/vGWD8=
-19,-7,VxwskaBnlnNtg6Mxy36oK7I1Xgk=,KUpC8tHepRWCMh8X1x5SljRiDgk=
-21,-8,VxwskaBnlnNtg6Mxy36oK7I1Xgk=,TpROC82CmzozuEXkcgPTw/vGWD8=
-20,-6,VxwskaBnlnNtg6Mxy36oK7I1Xgk=,KUpC8tHepRWCMh8X1x5SljRiDgk=
-20,-8,VxwskaBnlnNtg6Mxy36oK7I1Xgk=,KUpC8tHepRWCMh8X1x5SljRiDgk=
-19,-8,VxwskaBnlnNtg6Mxy36oK7I1Xgk=,KUpC8tHepRWCMh8X1x5SljRiDgk=
-18,-8,VxwskaBnlnNtg6Mxy36oK7I1Xgk=,KUpC8tHepRWCMh8X1x5SljRiDgk=
-18,-9,VxwskaBnlnNtg6Mxy36oK7I1Xgk=,F2/N5GOtAZ8mJfbmrv2ZjqqpVLA=
-19,-9,VxwskaBnlnNtg6Mxy36oK7I1Xgk=,F2/N5GOtAZ8mJfbmrv2ZjqqpVLA=
-20,-9,VxwskaBnlnNtg6Mxy36oK7I1Xgk=,F2/N5GOtAZ8mJfbmrv2ZjqqpVLA=
-20,-11,VxwskaBnlnNtg6Mxy36oK7I1Xgk=,F2/N5GOtAZ8mJfbmrv2ZjqqpVLA=
-18,-10,VxwskaBnlnNtg6Mxy36oK7I1Xgk=,F2/N5GOtAZ8mJfbmrv2ZjqqpVLA=
-21,-9,VxwskaBnlnNtg6Mxy36oK7I1Xgk=,mA/PDJRFTI3Ioy7CAYut1oihz8w=
-19,-10,VxwskaBnlnNtg6Mxy36oK7I1Xgk=,F2/N5GOtAZ8mJfbmrv2ZjqqpVLA=
-21,-10,VxwskaBnlnNtg6Mxy36oK7I1Xgk=,mA/PDJRFTI3Ioy7CAYut1oihz8w=
-20,-10,VxwskaBnlnNtg6Mxy36oK7I1Xgk=,F2/N5GOtAZ8mJfbmrv2ZjqqpVLA=
-21,-11,VxwskaBnlnNtg6Mxy36oK7I1Xgk=,mA/PDJRFTI3Ioy7CAYut1oihz8w=
-18,-11,VxwskaBnlnNtg6Mxy36oK7I1Xgk=,F2/N5GOtAZ8mJfbmrv2ZjqqpVLA=
-19,-11,VxwskaBnlnNtg6Mxy36oK7I1Xgk=,F2/N5GOtAZ8mJfbmrv2ZjqqpVLA=
-25,-3,RNZuBYTbJmZSk8Dhfz+QxHpgT1g=,ti4FjfRFx0JPU+EulvnQcNteKNg=
-25,-4,VxwskaBnlnNtg6Mxy36oK7I1Xgk=,ti4FjfRFx0JPU+EulvnQcNteKNg=
-24,-4,RNZuBYTbJmZSk8Dhfz+QxHpgT1g=,+aubeL6XOCAGyaXojUCZ4pqAssw=
-22,-5,RNZuBYTbJmZSk8Dhfz+QxHpgT1g=,TpROC82CmzozuEXkcgPTw/vGWD8=
-23,-4,VxwskaBnlnNtg6Mxy36oK7I1Xgk=,+aubeL6XOCAGyaXojUCZ4pqAssw=
-24,-5,VxwskaBnlnNtg6Mxy36oK7I1Xgk=,TpROC82CmzozuEXkcgPTw/vGWD8=
-22,-4,VxwskaBnlnNtg6Mxy36oK7I1Xgk=,+aubeL6XOCAGyaXojUCZ4pqAssw=
-23,-5,uWA4PHcEfQX5QdSAXmHU0XNoppc=,TpROC82CmzozuEXkcgPTw/vGWD8=
-22,-2,RNZuBYTbJmZSk8Dhfz+QxHpgT1g=,+aubeL6XOCAGyaXojUCZ4pqAssw=
-23,-2,RNZuBYTbJmZSk8Dhfz+QxHpgT1g=,+aubeL6XOCAGyaXojUCZ4pqAssw=
-24,-2,RNZuBYTbJmZSk8Dhfz+QxHpgT1g=,+aubeL6XOCAGyaXojUCZ4pqAssw=
-25,-5,VxwskaBnlnNtg6Mxy36oK7I1Xgk=,Ha3EOZnHzYn+EiAFjPVo8EyM1E4=
-22,-3,RNZuBYTbJmZSk8Dhfz+QxHpgT1g=,+aubeL6XOCAGyaXojUCZ4pqAssw=
-25,-2,RNZuBYTbJmZSk8Dhfz+QxHpgT1g=,ti4FjfRFx0JPU+EulvnQcNteKNg=
-23,-3,RNZuBYTbJmZSk8Dhfz+QxHpgT1g=,+aubeL6XOCAGyaXojUCZ4pqAssw=
-24,-3,RNZuBYTbJmZSk8Dhfz+QxHpgT1g=,+aubeL6XOCAGyaXojUCZ4pqAssw=
-19,-2,VxwskaBnlnNtg6Mxy36oK7I1Xgk=,HCIftbtYx92DLz669N9j1sIwUTc=
-18,-2,VxwskaBnlnNtg6Mxy36oK7I1Xgk=,HCIftbtYx92DLz669N9j1sIwUTc=
-20,-2,VxwskaBnlnNtg6Mxy36oK7I1Xgk=,HCIftbtYx92DLz669N9j1sIwUTc=
-18,-5,VxwskaBnlnNtg6Mxy36oK7I1Xgk=,KUpC8tHepRWCMh8X1x5SljRiDgk=
-19,-5,VxwskaBnlnNtg6Mxy36oK7I1Xgk=,KUpC8tHepRWCMh8X1x5SljRiDgk=
-20,-3,VxwskaBnlnNtg6Mxy36oK7I1Xgk=,HCIftbtYx92DLz669N9j1sIwUTc=
-19,-3,VxwskaBnlnNtg6Mxy36oK7I1Xgk=,HCIftbtYx92DLz669N9j1sIwUTc=
-20,-5,VxwskaBnlnNtg6Mxy36oK7I1Xgk=,KUpC8tHepRWCMh8X1x5SljRiDgk=
-18,-3,VxwskaBnlnNtg6Mxy36oK7I1Xgk=,HCIftbtYx92DLz669N9j1sIwUTc=
-21,-3,VxwskaBnlnNtg6Mxy36oK7I1Xgk=,+aubeL6XOCAGyaXojUCZ4pqAssw=
-18,-4,VxwskaBnlnNtg6Mxy36oK7I1Xgk=,HCIftbtYx92DLz669N9j1sIwUTc=
-21,-4,VxwskaBnlnNtg6Mxy36oK7I1Xgk=,+aubeL6XOCAGyaXojUCZ4pqAssw=
-20,-4,VxwskaBnlnNtg6Mxy36oK7I1Xgk=,HCIftbtYx92DLz669N9j1sIwUTc=
-19,-4,VxwskaBnlnNtg6Mxy36oK7I1Xgk=,HCIftbtYx92DLz669N9j1sIwUTc=
-21,-5,VxwskaBnlnNtg6Mxy36oK7I1Xgk=,TpROC82CmzozuEXkcgPTw/vGWD8=
-21,-2,VxwskaBnlnNtg6Mxy36oK7I1Xgk=,+aubeL6XOCAGyaXojUCZ4pqAssw=
-18,-13,VxwskaBnlnNtg6Mxy36oK7I1Xgk=,IwU7MC7fnIsWpou3wuAVlKZ08l0=
-19,-13,VxwskaBnlnNtg6Mxy36oK7I1Xgk=,IwU7MC7fnIsWpou3wuAVlKZ08l0=
-18,-14,VxwskaBnlnNtg6Mxy36oK7I1Xgk=,IwU7MC7fnIsWpou3wuAVlKZ08l0=
-19,-14,VxwskaBnlnNtg6Mxy36oK7I1Xgk=,IwU7MC7fnIsWpou3wuAVlKZ08l0=
-18,-15,VxwskaBnlnNtg6Mxy36oK7I1Xgk=,IwU7MC7fnIsWpou3wuAVlKZ08l0=
-19,-12,VxwskaBnlnNtg6Mxy36oK7I1Xgk=,F2/N5GOtAZ8mJfbmrv2ZjqqpVLA=
-19,-15,VxwskaBnlnNtg6Mxy36oK7I1Xgk=,IwU7MC7fnIsWpou3wuAVlKZ08l0=
-18,-12,VxwskaBnlnNtg6Mxy36oK7I1Xgk=,F2/N5GOtAZ8mJfbmrv2ZjqqpVLA=
-21,-13,VxwskaBnlnNtg6Mxy36oK7I1Xgk=,WhPMvb6KMrgdc6wfdXo3N1KxQQU=
-20,-16,VxwskaBnlnNtg6Mxy36oK7I1Xgk=,IwU7MC7fnIsWpou3wuAVlKZ08l0=
-22,-13,VxwskaBnlnNtg6Mxy36oK7I1Xgk=,WhPMvb6KMrgdc6wfdXo3N1KxQQU=
-19,-16,VxwskaBnlnNtg6Mxy36oK7I1Xgk=,IwU7MC7fnIsWpou3wuAVlKZ08l0=
-23,-12,VxwskaBnlnNtg6Mxy36oK7I1Xgk=,mA/PDJRFTI3Ioy7CAYut1oihz8w=
-21,-14,VxwskaBnlnNtg6Mxy36oK7I1Xgk=,WhPMvb6KMrgdc6wfdXo3N1KxQQU=
-23,-13,VxwskaBnlnNtg6Mxy36oK7I1Xgk=,WhPMvb6KMrgdc6wfdXo3N1KxQQU=
-18,-16,VxwskaBnlnNtg6Mxy36oK7I1Xgk=,IwU7MC7fnIsWpou3wuAVlKZ08l0=
-20,-12,VxwskaBnlnNtg6Mxy36oK7I1Xgk=,F2/N5GOtAZ8mJfbmrv2ZjqqpVLA=
-22,-14,VxwskaBnlnNtg6Mxy36oK7I1Xgk=,WhPMvb6KMrgdc6wfdXo3N1KxQQU=
-22,-12,VxwskaBnlnNtg6Mxy36oK7I1Xgk=,mA/PDJRFTI3Ioy7CAYut1oihz8w=
-21,-16,VxwskaBnlnNtg6Mxy36oK7I1Xgk=,WhPMvb6KMrgdc6wfdXo3N1KxQQU=
-23,-14,VxwskaBnlnNtg6Mxy36oK7I1Xgk=,WhPMvb6KMrgdc6wfdXo3N1KxQQU=
-20,-13,VxwskaBnlnNtg6Mxy36oK7I1Xgk=,IwU7MC7fnIsWpou3wuAVlKZ08l0=
-20,-14,VxwskaBnlnNtg6Mxy36oK7I1Xgk=,IwU7MC7fnIsWpou3wuAVlKZ08l0=
-21,-15,VxwskaBnlnNtg6Mxy36oK7I1Xgk=,WhPMvb6KMrgdc6wfdXo3N1KxQQU=
-20,-15,VxwskaBnlnNtg6Mxy36oK7I1Xgk=,IwU7MC7fnIsWpou3wuAVlKZ08l0=
-22,-15,VxwskaBnlnNtg6Mxy36oK7I1Xgk=,WhPMvb6KMrgdc6wfdXo3N1KxQQU=
-23,-15,VxwskaBnlnNtg6Mxy36oK7I1Xgk=,WhPMvb6KMrgdc6wfdXo3N1KxQQU=
-22,-16,VxwskaBnlnNtg6Mxy36oK7I1Xgk=,WhPMvb6KMrgdc6wfdXo3N1KxQQU=
-23,-16,VxwskaBnlnNtg6Mxy36oK7I1Xgk=,WhPMvb6KMrgdc6wfdXo3N1KxQQU=
-21,-12,VxwskaBnlnNtg6Mxy36oK7I1Xgk=,mA/PDJRFTI3Ioy7CAYut1oihz8w=
-17,-15,VxwskaBnlnNtg6Mxy36oK7I1Xgk=,IwU7MC7fnIsWpou3wuAVlKZ08l0=
-17,-14,VxwskaBnlnNtg6Mxy36oK7I1Xgk=,IwU7MC7fnIsWpou3wuAVlKZ08l0=
-17,-13,VxwskaBnlnNtg6Mxy36oK7I1Xgk=,IwU7MC7fnIsWpou3wuAVlKZ08l0=
-17,-12,VxwskaBnlnNtg6Mxy36oK7I1Xgk=,F2/N5GOtAZ8mJfbmrv2ZjqqpVLA=
-17,-10,VxwskaBnlnNtg6Mxy36oK7I1Xgk=,F2/N5GOtAZ8mJfbmrv2ZjqqpVLA=
-17,-11,VxwskaBnlnNtg6Mxy36oK7I1Xgk=,F2/N5GOtAZ8mJfbmrv2ZjqqpVLA=
-17,-9,VxwskaBnlnNtg6Mxy36oK7I1Xgk=,F2/N5GOtAZ8mJfbmrv2ZjqqpVLA=
-17,-8,VxwskaBnlnNtg6Mxy36oK7I1Xgk=,KUpC8tHepRWCMh8X1x5SljRiDgk=
-17,-6,VxwskaBnlnNtg6Mxy36oK7I1Xgk=,KUpC8tHepRWCMh8X1x5SljRiDgk=
-17,-7,VxwskaBnlnNtg6Mxy36oK7I1Xgk=,KUpC8tHepRWCMh8X1x5SljRiDgk=
-17,-5,VxwskaBnlnNtg6Mxy36oK7I1Xgk=,KUpC8tHepRWCMh8X1x5SljRiDgk=
-17,-4,VxwskaBnlnNtg6Mxy36oK7I1Xgk=,HCIftbtYx92DLz669N9j1sIwUTc=
-17,-2,VxwskaBnlnNtg6Mxy36oK7I1Xgk=,HCIftbtYx92DLz669N9j1sIwUTc=
-17,-3,VxwskaBnlnNtg6Mxy36oK7I1Xgk=,HCIftbtYx92DLz669N9j1sIwUTc=
-19,-1,VxwskaBnlnNtg6Mxy36oK7I1Xgk=,HCIftbtYx92DLz669N9j1sIwUTc=
-18,-1,VxwskaBnlnNtg6Mxy36oK7I1Xgk=,HCIftbtYx92DLz669N9j1sIwUTc=
-23,-1,VxwskaBnlnNtg6Mxy36oK7I1Xgk=,+aubeL6XOCAGyaXojUCZ4pqAssw=
-22,-1,VxwskaBnlnNtg6Mxy36oK7I1Xgk=,+aubeL6XOCAGyaXojUCZ4pqAssw=
-21,-1,VxwskaBnlnNtg6Mxy36oK7I1Xgk=,+aubeL6XOCAGyaXojUCZ4pqAssw=
-24,-1,VxwskaBnlnNtg6Mxy36oK7I1Xgk=,+aubeL6XOCAGyaXojUCZ4pqAssw=
-25,-1,VxwskaBnlnNtg6Mxy36oK7I1Xgk=,ti4FjfRFx0JPU+EulvnQcNteKNg=
-20,-1,VxwskaBnlnNtg6Mxy36oK7I1Xgk=,HCIftbtYx92DLz669N9j1sIwUTc=
-27,-1,VxwskaBnlnNtg6Mxy36oK7I1Xgk=,ti4FjfRFx0JPU+EulvnQcNteKNg=
-26,-1,VxwskaBnlnNtg6Mxy36oK7I1Xgk=,ti4FjfRFx0JPU+EulvnQcNteKNg=
-17,-16,VxwskaBnlnNtg6Mxy36oK7I1Xgk=,IwU7MC7fnIsWpou3wuAVlKZ08l0=
-17,-1,VxwskaBnlnNtg6Mxy36oK7I1Xgk=,HCIftbtYx92DLz669N9j1sIwUTc=
-28,-1,VxwskaBnlnNtg6Mxy36oK7I1Xgk=,ti4FjfRFx0JPU+EulvnQcNteKNg=
-32,-1,VxwskaBnlnNtg6Mxy36oK7I1Xgk=,iTGOjhFIjfqCVkjnxGS4Dn/O/M4=
-29,-1,VxwskaBnlnNtg6Mxy36oK7I1Xgk=,iTGOjhFIjfqCVkjnxGS4Dn/O/M4=
-32,-13,VxwskaBnlnNtg6Mxy36oK7I1Xgk=,lyp23bNRlkIs2JrOyj+CRpkz4xY=
-30,-1,VxwskaBnlnNtg6Mxy36oK7I1Xgk=,iTGOjhFIjfqCVkjnxGS4Dn/O/M4=
-30,-13,VxwskaBnlnNtg6Mxy36oK7I1Xgk=,lyp23bNRlkIs2JrOyj+CRpkz4xY=
-31,-13,VxwskaBnlnNtg6Mxy36oK7I1Xgk=,lyp23bNRlkIs2JrOyj+CRpkz4xY=
-31,-1,VxwskaBnlnNtg6Mxy36oK7I1Xgk=,iTGOjhFIjfqCVkjnxGS4Dn/O/M4=
-32,-15,VxwskaBnlnNtg6Mxy36oK7I1Xgk=,lyp23bNRlkIs2JrOyj+CRpkz4xY=
-31,-15,VxwskaBnlnNtg6Mxy36oK7I1Xgk=,lyp23bNRlkIs2JrOyj+CRpkz4xY=
-32,-16,VxwskaBnlnNtg6Mxy36oK7I1Xgk=,lyp23bNRlkIs2JrOyj+CRpkz4xY=
-30,-16,VxwskaBnlnNtg6Mxy36oK7I1Xgk=,lyp23bNRlkIs2JrOyj+CRpkz4xY=
-31,-16,VxwskaBnlnNtg6Mxy36oK7I1Xgk=,lyp23bNRlkIs2JrOyj+CRpkz4xY=
-32,-12,VxwskaBnlnNtg6Mxy36oK7I1Xgk=,K/8JfnGlHid77jn5gxIOAwl98nA=
-30,-15,VxwskaBnlnNtg6Mxy36oK7I1Xgk=,lyp23bNRlkIs2JrOyj+CRpkz4xY=
-31,-12,VxwskaBnlnNtg6Mxy36oK7I1Xgk=,K/8JfnGlHid77jn5gxIOAwl98nA=
-30,-14,VxwskaBnlnNtg6Mxy36oK7I1Xgk=,lyp23bNRlkIs2JrOyj+CRpkz4xY=
-31,-14,VxwskaBnlnNtg6Mxy36oK7I1Xgk=,lyp23bNRlkIs2JrOyj+CRpkz4xY=
-30,-12,VxwskaBnlnNtg6Mxy36oK7I1Xgk=,K/8JfnGlHid77jn5gxIOAwl98nA=
-32,-14,VxwskaBnlnNtg6Mxy36oK7I1Xgk=,lyp23bNRlkIs2JrOyj+CRpkz4xY=
-27,-16,VxwskaBnlnNtg6Mxy36oK7I1Xgk=,etS3XozfzISGYAzxa9dKWqTCzIg=
-26,-12,VxwskaBnlnNtg6Mxy36oK7I1Xgk=,mugxu4ki2tyvgM2+i6jHisp47RE=
-24,-12,VxwskaBnlnNtg6Mxy36oK7I1Xgk=,mA/PDJRFTI3Ioy7CAYut1oihz8w=
-25,-12,VxwskaBnlnNtg6Mxy36oK7I1Xgk=,mugxu4ki2tyvgM2+i6jHisp47RE=
-28,-16,VxwskaBnlnNtg6Mxy36oK7I1Xgk=,etS3XozfzISGYAzxa9dKWqTCzIg=
-25,-13,VxwskaBnlnNtg6Mxy36oK7I1Xgk=,etS3XozfzISGYAzxa9dKWqTCzIg=
-27,-12,VxwskaBnlnNtg6Mxy36oK7I1Xgk=,mugxu4ki2tyvgM2+i6jHisp47RE=
-28,-12,VxwskaBnlnNtg6Mxy36oK7I1Xgk=,mugxu4ki2tyvgM2+i6jHisp47RE=
-26,-13,VxwskaBnlnNtg6Mxy36oK7I1Xgk=,etS3XozfzISGYAzxa9dKWqTCzIg=
-29,-15,VxwskaBnlnNtg6Mxy36oK7I1Xgk=,lyp23bNRlkIs2JrOyj+CRpkz4xY=
-29,-16,VxwskaBnlnNtg6Mxy36oK7I1Xgk=,lyp23bNRlkIs2JrOyj+CRpkz4xY=
-24,-14,VxwskaBnlnNtg6Mxy36oK7I1Xgk=,WhPMvb6KMrgdc6wfdXo3N1KxQQU=
-27,-13,VxwskaBnlnNtg6Mxy36oK7I1Xgk=,etS3XozfzISGYAzxa9dKWqTCzIg=
-28,-13,VxwskaBnlnNtg6Mxy36oK7I1Xgk=,etS3XozfzISGYAzxa9dKWqTCzIg=
-29,-12,VxwskaBnlnNtg6Mxy36oK7I1Xgk=,K/8JfnGlHid77jn5gxIOAwl98nA=
-24,-13,VxwskaBnlnNtg6Mxy36oK7I1Xgk=,WhPMvb6KMrgdc6wfdXo3N1KxQQU=
-25,-14,VxwskaBnlnNtg6Mxy36oK7I1Xgk=,etS3XozfzISGYAzxa9dKWqTCzIg=
-28,-14,VxwskaBnlnNtg6Mxy36oK7I1Xgk=,etS3XozfzISGYAzxa9dKWqTCzIg=
-29,-14,VxwskaBnlnNtg6Mxy36oK7I1Xgk=,lyp23bNRlkIs2JrOyj+CRpkz4xY=
-27,-14,VxwskaBnlnNtg6Mxy36oK7I1Xgk=,etS3XozfzISGYAzxa9dKWqTCzIg=
-25,-15,VxwskaBnlnNtg6Mxy36oK7I1Xgk=,etS3XozfzISGYAzxa9dKWqTCzIg=
-26,-14,VxwskaBnlnNtg6Mxy36oK7I1Xgk=,etS3XozfzISGYAzxa9dKWqTCzIg=
-26,-15,VxwskaBnlnNtg6Mxy36oK7I1Xgk=,etS3XozfzISGYAzxa9dKWqTCzIg=
-26,-16,VxwskaBnlnNtg6Mxy36oK7I1Xgk=,etS3XozfzISGYAzxa9dKWqTCzIg=
-27,-15,VxwskaBnlnNtg6Mxy36oK7I1Xgk=,etS3XozfzISGYAzxa9dKWqTCzIg=
-24,-15,VxwskaBnlnNtg6Mxy36oK7I1Xgk=,WhPMvb6KMrgdc6wfdXo3N1KxQQU=
-24,-16,VxwskaBnlnNtg6Mxy36oK7I1Xgk=,WhPMvb6KMrgdc6wfdXo3N1KxQQU=
-28,-15,VxwskaBnlnNtg6Mxy36oK7I1Xgk=,etS3XozfzISGYAzxa9dKWqTCzIg=
-25,-16,VxwskaBnlnNtg6Mxy36oK7I1Xgk=,etS3XozfzISGYAzxa9dKWqTCzIg=
-29,-13,VxwskaBnlnNtg6Mxy36oK7I1Xgk=,lyp23bNRlkIs2JrOyj+CRpkz4xY=
