-32,5,qFwmkvBQX/5zMI1Ipbo+kAW650Q=,91u37WPq77yumhYHZlukT2b0h0k=
-31,6,qFwmkvBQX/5zMI1Ipbo+kAW650Q=,91u37WPq77yumhYHZlukT2b0h0k=
-31,5,Z0Gms8OYjk2FTVXbYvFaRPpRrlo=,91u37WPq77yumhYHZlukT2b0h0k=
-32,6,qFwmkvBQX/5zMI1Ipbo+kAW650Q=,91u37WPq77yumhYHZlukT2b0h0k=
-30,5,qFwmkvBQX/5zMI1Ipbo+kAW650Q=,91u37WPq77yumhYHZlukT2b0h0k=
-30,6,qFwmkvBQX/5zMI1Ipbo+kAW650Q=,91u37WPq77yumhYHZlukT2b0h0k=
-31,4,Fh/Dgf83Mjsj2RAPDwhEr3ELiDM=,91u37WPq77yumhYHZlukT2b0h0k=
-32,3,Fh/Dgf83Mjsj2RAPDwhEr3ELiDM=,thTCRZgu71QZtkeskSOWZblGkKo=
-30,1,Fh/Dgf83Mjsj2RAPDwhEr3ELiDM=,thTCRZgu71QZtkeskSOWZblGkKo=
-31,1,Fh/Dgf83Mjsj2RAPDwhEr3ELiDM=,thTCRZgu71QZtkeskSOWZblGkKo=
-32,1,Fh/Dgf83Mjsj2RAPDwhEr3ELiDM=,thTCRZgu71QZtkeskSOWZblGkKo=
-31,3,Fh/Dgf83Mjsj2RAPDwhEr3ELiDM=,thTCRZgu71QZtkeskSOWZblGkKo=
-32,2,Fh/Dgf83Mjsj2RAPDwhEr3ELiDM=,thTCRZgu71QZtkeskSOWZblGkKo=
-32,4,Fh/Dgf83Mjsj2RAPDwhEr3ELiDM=,91u37WPq77yumhYHZlukT2b0h0k=
-31,2,Fh/Dgf83Mjsj2RAPDwhEr3ELiDM=,thTCRZgu71QZtkeskSOWZblGkKo=
-30,3,Fh/Dgf83Mjsj2RAPDwhEr3ELiDM=,thTCRZgu71QZtkeskSOWZblGkKo=
-30,2,Fh/Dgf83Mjsj2RAPDwhEr3ELiDM=,thTCRZgu71QZtkeskSOWZblGkKo=
-30,4,Fh/Dgf83Mjsj2RAPDwhEr3ELiDM=,91u37WPq77yumhYHZlukT2b0h0k=
-28,1,Q+lsCfo8EIohgdKE3olX9vx6vtQ=,41QF9Kn4PV2SkD/tKMML0HPQt8g=
-29,1,Fh/Dgf83Mjsj2RAPDwhEr3ELiDM=,thTCRZgu71QZtkeskSOWZblGkKo=
-26,2,Q+lsCfo8EIohgdKE3olX9vx6vtQ=,41QF9Kn4PV2SkD/tKMML0HPQt8g=
-27,2,Q+lsCfo8EIohgdKE3olX9vx6vtQ=,41QF9Kn4PV2SkD/tKMML0HPQt8g=
-29,2,Fh/Dgf83Mjsj2RAPDwhEr3ELiDM=,thTCRZgu71QZtkeskSOWZblGkKo=
-28,2,Q+lsCfo8EIohgdKE3olX9vx6vtQ=,41QF9Kn4PV2SkD/tKMML0HPQt8g=
-27,1,Q+lsCfo8EIohgdKE3olX9vx6vtQ=,41QF9Kn4PV2SkD/tKMML0HPQt8g=
-26,1,Q+lsCfo8EIohgdKE3olX9vx6vtQ=,41QF9Kn4PV2SkD/tKMML0HPQt8g=
-26,4,Q+lsCfo8EIohgdKE3olX9vx6vtQ=,JNhKBKajttIjYlIp7CjQGB4OOH8=
-29,5,Z0Gms8OYjk2FTVXbYvFaRPpRrlo=,91u37WPq77yumhYHZlukT2b0h0k=
-28,5,QGDkCviPYPd1eV6zPCiG7QsouH4=,JNhKBKajttIjYlIp7CjQGB4OOH8=
-28,4,QGDkCviPYPd1eV6zPCiG7QsouH4=,JNhKBKajttIjYlIp7CjQGB4OOH8=
-27,4,Q+lsCfo8EIohgdKE3olX9vx6vtQ=,JNhKBKajttIjYlIp7CjQGB4OOH8=
-27,3,Q+lsCfo8EIohgdKE3olX9vx6vtQ=,41QF9Kn4PV2SkD/tKMML0HPQt8g=
-26,3,Q+lsCfo8EIohgdKE3olX9vx6vtQ=,41QF9Kn4PV2SkD/tKMML0HPQt8g=
-28,3,QGDkCviPYPd1eV6zPCiG7QsouH4=,41QF9Kn4PV2SkD/tKMML0HPQt8g=
-27,5,Q+lsCfo8EIohgdKE3olX9vx6vtQ=,JNhKBKajttIjYlIp7CjQGB4OOH8=
-29,3,Fh/Dgf83Mjsj2RAPDwhEr3ELiDM=,thTCRZgu71QZtkeskSOWZblGkKo=
-29,6,VjSXcpOn2W0qsrYfXewVAc/3Vd8=,91u37WPq77yumhYHZlukT2b0h0k=
-26,6,Q+lsCfo8EIohgdKE3olX9vx6vtQ=,JNhKBKajttIjYlIp7CjQGB4OOH8=
-29,4,Fh/Dgf83Mjsj2RAPDwhEr3ELiDM=,91u37WPq77yumhYHZlukT2b0h0k=
-27,6,Q+lsCfo8EIohgdKE3olX9vx6vtQ=,JNhKBKajttIjYlIp7CjQGB4OOH8=
-26,5,Q+lsCfo8EIohgdKE3olX9vx6vtQ=,JNhKBKajttIjYlIp7CjQGB4OOH8=
-28,6,QGDkCviPYPd1eV6zPCiG7QsouH4=,JNhKBKajttIjYlIp7CjQGB4OOH8=
-26,10,rigQEW3zsre59EsWvRymZ6ovlzk=,X8ZuGh01H0L6W12sFVqhNw9Lnb8=
-27,10,rigQEW3zsre59EsWvRymZ6ovlzk=,X8ZuGh01H0L6W12sFVqhNw9Lnb8=
-26,9,rigQEW3zsre59EsWvRymZ6ovlzk=,X8ZuGh01H0L6W12sFVqhNw9Lnb8=
-27,9,rigQEW3zsre59EsWvRymZ6ovlzk=,X8ZuGh01H0L6W12sFVqhNw9Lnb8=
-26,7,rigQEW3zsre59EsWvRymZ6ovlzk=,JNhKBKajttIjYlIp7CjQGB4OOH8=
-27,7,rigQEW3zsre59EsWvRymZ6ovlzk=,JNhKBKajttIjYlIp7CjQGB4OOH8=
-26,8,rigQEW3zsre59EsWvRymZ6ovlzk=,X8ZuGh01H0L6W12sFVqhNw9Lnb8=
-27,8,rigQEW3zsre59EsWvRymZ6ovlzk=,X8ZuGh01H0L6W12sFVqhNw9Lnb8=
-22,6,Q+lsCfo8EIohgdKE3olX9vx6vtQ=,QXDogZxs9sysPamv8+5WI+iyH3M=
-25,5,Q+lsCfo8EIohgdKE3olX9vx6vtQ=,JNhKBKajttIjYlIp7CjQGB4OOH8=
-24,5,Q+lsCfo8EIohgdKE3olX9vx6vtQ=,QXDogZxs9sysPamv8+5WI+iyH3M=
-23,5,Q+lsCfo8EIohgdKE3olX9vx6vtQ=,QXDogZxs9sysPamv8+5WI+iyH3M=
-25,6,Q+lsCfo8EIohgdKE3olX9vx6vtQ=,JNhKBKajttIjYlIp7CjQGB4OOH8=
-24,6,Q+lsCfo8EIohgdKE3olX9vx6vtQ=,QXDogZxs9sysPamv8+5WI+iyH3M=
-23,6,Q+lsCfo8EIohgdKE3olX9vx6vtQ=,QXDogZxs9sysPamv8+5WI+iyH3M=
-22,5,Q+lsCfo8EIohgdKE3olX9vx6vtQ=,QXDogZxs9sysPamv8+5WI+iyH3M=
-24,7,rigQEW3zsre59EsWvRymZ6ovlzk=,QXDogZxs9sysPamv8+5WI+iyH3M=
-22,10,QGDkCviPYPd1eV6zPCiG7QsouH4=,C/qLGTwUu7yO3+FVmTVlXMoafu8=
-25,10,rigQEW3zsre59EsWvRymZ6ovlzk=,X8ZuGh01H0L6W12sFVqhNw9Lnb8=
-23,7,QGDkCviPYPd1eV6zPCiG7QsouH4=,QXDogZxs9sysPamv8+5WI+iyH3M=
-22,7,QGDkCviPYPd1eV6zPCiG7QsouH4=,QXDogZxs9sysPamv8+5WI+iyH3M=
-23,10,QGDkCviPYPd1eV6zPCiG7QsouH4=,C/qLGTwUu7yO3+FVmTVlXMoafu8=
-24,8,rigQEW3zsre59EsWvRymZ6ovlzk=,C/qLGTwUu7yO3+FVmTVlXMoafu8=
-25,9,rigQEW3zsre59EsWvRymZ6ovlzk=,X8ZuGh01H0L6W12sFVqhNw9Lnb8=
-23,8,QGDkCviPYPd1eV6zPCiG7QsouH4=,C/qLGTwUu7yO3+FVmTVlXMoafu8=
-24,10,rigQEW3zsre59EsWvRymZ6ovlzk=,C/qLGTwUu7yO3+FVmTVlXMoafu8=
-25,7,rigQEW3zsre59EsWvRymZ6ovlzk=,JNhKBKajttIjYlIp7CjQGB4OOH8=
-22,8,QGDkCviPYPd1eV6zPCiG7QsouH4=,C/qLGTwUu7yO3+FVmTVlXMoafu8=
-22,9,QGDkCviPYPd1eV6zPCiG7QsouH4=,C/qLGTwUu7yO3+FVmTVlXMoafu8=
-24,9,rigQEW3zsre59EsWvRymZ6ovlzk=,C/qLGTwUu7yO3+FVmTVlXMoafu8=
-25,8,rigQEW3zsre59EsWvRymZ6ovlzk=,X8ZuGh01H0L6W12sFVqhNw9Lnb8=
-23,9,QGDkCviPYPd1eV6zPCiG7QsouH4=,C/qLGTwUu7yO3+FVmTVlXMoafu8=
-24,1,Q+lsCfo8EIohgdKE3olX9vx6vtQ=,AqksnrRVI6XVC+4zMS6I2RVrTBs=
-23,1,Q+lsCfo8EIohgdKE3olX9vx6vtQ=,AqksnrRVI6XVC+4zMS6I2RVrTBs=
-25,1,Q+lsCfo8EIohgdKE3olX9vx6vtQ=,41QF9Kn4PV2SkD/tKMML0HPQt8g=
-22,4,Q+lsCfo8EIohgdKE3olX9vx6vtQ=,QXDogZxs9sysPamv8+5WI+iyH3M=
-25,4,Q+lsCfo8EIohgdKE3olX9vx6vtQ=,JNhKBKajttIjYlIp7CjQGB4OOH8=
-22,1,Q+lsCfo8EIohgdKE3olX9vx6vtQ=,AqksnrRVI6XVC+4zMS6I2RVrTBs=
-24,2,Q+lsCfo8EIohgdKE3olX9vx6vtQ=,AqksnrRVI6XVC+4zMS6I2RVrTBs=
-23,2,Q+lsCfo8EIohgdKE3olX9vx6vtQ=,AqksnrRVI6XVC+4zMS6I2RVrTBs=
-25,2,Q+lsCfo8EIohgdKE3olX9vx6vtQ=,41QF9Kn4PV2SkD/tKMML0HPQt8g=
-22,2,Q+lsCfo8EIohgdKE3olX9vx6vtQ=,AqksnrRVI6XVC+4zMS6I2RVrTBs=
-24,3,Q+lsCfo8EIohgdKE3olX9vx6vtQ=,AqksnrRVI6XVC+4zMS6I2RVrTBs=
-23,3,Q+lsCfo8EIohgdKE3olX9vx6vtQ=,AqksnrRVI6XVC+4zMS6I2RVrTBs=
-25,3,Q+lsCfo8EIohgdKE3olX9vx6vtQ=,41QF9Kn4PV2SkD/tKMML0HPQt8g=
-22,3,Q+lsCfo8EIohgdKE3olX9vx6vtQ=,AqksnrRVI6XVC+4zMS6I2RVrTBs=
-23,4,Q+lsCfo8EIohgdKE3olX9vx6vtQ=,QXDogZxs9sysPamv8+5WI+iyH3M=
-24,4,Q+lsCfo8EIohgdKE3olX9vx6vtQ=,QXDogZxs9sysPamv8+5WI+iyH3M=
-21,6,ckZAiN0/HD3L4smtMaqNMVfXHNY=,QXDogZxs9sysPamv8+5WI+iyH3M=
-18,6,ckZAiN0/HD3L4smtMaqNMVfXHNY=,7Z5DfLjkKjRxMYkWcPXRkOS7aZc=
-21,5,ckZAiN0/HD3L4smtMaqNMVfXHNY=,QXDogZxs9sysPamv8+5WI+iyH3M=
-20,5,ckZAiN0/HD3L4smtMaqNMVfXHNY=,7Z5DfLjkKjRxMYkWcPXRkOS7aZc=
-19,5,ckZAiN0/HD3L4smtMaqNMVfXHNY=,7Z5DfLjkKjRxMYkWcPXRkOS7aZc=
-18,5,ckZAiN0/HD3L4smtMaqNMVfXHNY=,7Z5DfLjkKjRxMYkWcPXRkOS7aZc=
-19,6,ckZAiN0/HD3L4smtMaqNMVfXHNY=,7Z5DfLjkKjRxMYkWcPXRkOS7aZc=
-21,10,QGDkCviPYPd1eV6zPCiG7QsouH4=,C/qLGTwUu7yO3+FVmTVlXMoafu8=
-20,6,ckZAiN0/HD3L4smtMaqNMVfXHNY=,7Z5DfLjkKjRxMYkWcPXRkOS7aZc=
-18,9,QGDkCviPYPd1eV6zPCiG7QsouH4=,H+aq3XvM6rLFoc2TczbsHrJb9OI=
-19,9,QGDkCviPYPd1eV6zPCiG7QsouH4=,H+aq3XvM6rLFoc2TczbsHrJb9OI=
-21,9,QGDkCviPYPd1eV6zPCiG7QsouH4=,C/qLGTwUu7yO3+FVmTVlXMoafu8=
-20,9,QGDkCviPYPd1eV6zPCiG7QsouH4=,H+aq3XvM6rLFoc2TczbsHrJb9OI=
-20,10,QGDkCviPYPd1eV6zPCiG7QsouH4=,H+aq3XvM6rLFoc2TczbsHrJb9OI=
-21,7,QGDkCviPYPd1eV6zPCiG7QsouH4=,QXDogZxs9sysPamv8+5WI+iyH3M=
-19,10,QGDkCviPYPd1eV6zPCiG7QsouH4=,H+aq3XvM6rLFoc2TczbsHrJb9OI=
-21,8,QGDkCviPYPd1eV6zPCiG7QsouH4=,C/qLGTwUu7yO3+FVmTVlXMoafu8=
-18,10,QGDkCviPYPd1eV6zPCiG7QsouH4=,H+aq3XvM6rLFoc2TczbsHrJb9OI=
-20,7,QGDkCviPYPd1eV6zPCiG7QsouH4=,7Z5DfLjkKjRxMYkWcPXRkOS7aZc=
-19,7,ckZAiN0/HD3L4smtMaqNMVfXHNY=,7Z5DfLjkKjRxMYkWcPXRkOS7aZc=
-20,8,QGDkCviPYPd1eV6zPCiG7QsouH4=,H+aq3XvM6rLFoc2TczbsHrJb9OI=
-18,7,QGDkCviPYPd1eV6zPCiG7QsouH4=,7Z5DfLjkKjRxMYkWcPXRkOS7aZc=
-18,8,ckZAiN0/HD3L4smtMaqNMVfXHNY=,H+aq3XvM6rLFoc2TczbsHrJb9OI=
-19,8,QGDkCviPYPd1eV6zPCiG7QsouH4=,H+aq3XvM6rLFoc2TczbsHrJb9OI=
-18,2,QGDkCviPYPd1eV6zPCiG7QsouH4=,IL6WGySdii3atoY0z1VVVHkVYQg=
-20,1,QGDkCviPYPd1eV6zPCiG7QsouH4=,IL6WGySdii3atoY0z1VVVHkVYQg=
-19,1,QGDkCviPYPd1eV6zPCiG7QsouH4=,IL6WGySdii3atoY0z1VVVHkVYQg=
-21,1,QGDkCviPYPd1eV6zPCiG7QsouH4=,AqksnrRVI6XVC+4zMS6I2RVrTBs=
-21,4,QGDkCviPYPd1eV6zPCiG7QsouH4=,QXDogZxs9sysPamv8+5WI+iyH3M=
-20,3,QGDkCviPYPd1eV6zPCiG7QsouH4=,IL6WGySdii3atoY0z1VVVHkVYQg=
-18,1,QGDkCviPYPd1eV6zPCiG7QsouH4=,IL6WGySdii3atoY0z1VVVHkVYQg=
-19,3,QGDkCviPYPd1eV6zPCiG7QsouH4=,IL6WGySdii3atoY0z1VVVHkVYQg=
-20,4,QGDkCviPYPd1eV6zPCiG7QsouH4=,7Z5DfLjkKjRxMYkWcPXRkOS7aZc=
-18,3,QGDkCviPYPd1eV6zPCiG7QsouH4=,IL6WGySdii3atoY0z1VVVHkVYQg=
-21,2,QGDkCviPYPd1eV6zPCiG7QsouH4=,AqksnrRVI6XVC+4zMS6I2RVrTBs=
-19,4,QGDkCviPYPd1eV6zPCiG7QsouH4=,7Z5DfLjkKjRxMYkWcPXRkOS7aZc=
-18,4,QGDkCviPYPd1eV6zPCiG7QsouH4=,7Z5DfLjkKjRxMYkWcPXRkOS7aZc=
-19,2,QGDkCviPYPd1eV6zPCiG7QsouH4=,IL6WGySdii3atoY0z1VVVHkVYQg=
-21,3,QGDkCviPYPd1eV6zPCiG7QsouH4=,AqksnrRVI6XVC+4zMS6I2RVrTBs=
-20,2,QGDkCviPYPd1eV6zPCiG7QsouH4=,IL6WGySdii3atoY0z1VVVHkVYQg=
-19,12,rigQEW3zsre59EsWvRymZ6ovlzk=,Xj/CNgJrhr4YrilmOpmiJCKAWlI=
-19,11,rigQEW3zsre59EsWvRymZ6ovlzk=,H+aq3XvM6rLFoc2TczbsHrJb9OI=
-19,14,rigQEW3zsre59EsWvRymZ6ovlzk=,Xj/CNgJrhr4YrilmOpmiJCKAWlI=
-18,11,rigQEW3zsre59EsWvRymZ6ovlzk=,H+aq3XvM6rLFoc2TczbsHrJb9OI=
-18,13,rigQEW3zsre59EsWvRymZ6ovlzk=,Xj/CNgJrhr4YrilmOpmiJCKAWlI=
-18,12,rigQEW3zsre59EsWvRymZ6ovlzk=,Xj/CNgJrhr4YrilmOpmiJCKAWlI=
-18,14,rigQEW3zsre59EsWvRymZ6ovlzk=,Xj/CNgJrhr4YrilmOpmiJCKAWlI=
-19,13,rigQEW3zsre59EsWvRymZ6ovlzk=,Xj/CNgJrhr4YrilmOpmiJCKAWlI=
-31,13,Fh/Dgf83Mjsj2RAPDwhEr3ELiDM=,ErRB/bi00WxzX9MUTVLLBtClGtw=
-32,13,Fh/Dgf83Mjsj2RAPDwhEr3ELiDM=,ErRB/bi00WxzX9MUTVLLBtClGtw=
-30,13,Fh/Dgf83Mjsj2RAPDwhEr3ELiDM=,ErRB/bi00WxzX9MUTVLLBtClGtw=
-32,14,Fh/Dgf83Mjsj2RAPDwhEr3ELiDM=,ErRB/bi00WxzX9MUTVLLBtClGtw=
-30,14,Fh/Dgf83Mjsj2RAPDwhEr3ELiDM=,ErRB/bi00WxzX9MUTVLLBtClGtw=
-31,14,Fh/Dgf83Mjsj2RAPDwhEr3ELiDM=,ErRB/bi00WxzX9MUTVLLBtClGtw=
-18,15,rigQEW3zsre59EsWvRymZ6ovlzk=,Xj/CNgJrhr4YrilmOpmiJCKAWlI=
-26,14,Fh/Dgf83Mjsj2RAPDwhEr3ELiDM=,8gyYiKY7qJmdWMqiYGkJDiQq6JI=
-19,15,rigQEW3zsre59EsWvRymZ6ovlzk=,Xj/CNgJrhr4YrilmOpmiJCKAWlI=
-26,12,Fh/Dgf83Mjsj2RAPDwhEr3ELiDM=,8gyYiKY7qJmdWMqiYGkJDiQq6JI=
-27,12,Fh/Dgf83Mjsj2RAPDwhEr3ELiDM=,8gyYiKY7qJmdWMqiYGkJDiQq6JI=
-27,15,Fh/Dgf83Mjsj2RAPDwhEr3ELiDM=,8gyYiKY7qJmdWMqiYGkJDiQq6JI=
-25,14,Fh/Dgf83Mjsj2RAPDwhEr3ELiDM=,8gyYiKY7qJmdWMqiYGkJDiQq6JI=
-27,14,Fh/Dgf83Mjsj2RAPDwhEr3ELiDM=,8gyYiKY7qJmdWMqiYGkJDiQq6JI=
-27,11,rigQEW3zsre59EsWvRymZ6ovlzk=,X8ZuGh01H0L6W12sFVqhNw9Lnb8=
-28,14,Fh/Dgf83Mjsj2RAPDwhEr3ELiDM=,8gyYiKY7qJmdWMqiYGkJDiQq6JI=
-22,14,Fh/Dgf83Mjsj2RAPDwhEr3ELiDM=,Ip20C3twq9S5imlJjXZsn0sHnrc=
-26,13,Fh/Dgf83Mjsj2RAPDwhEr3ELiDM=,8gyYiKY7qJmdWMqiYGkJDiQq6JI=
-29,14,Fh/Dgf83Mjsj2RAPDwhEr3ELiDM=,ErRB/bi00WxzX9MUTVLLBtClGtw=
-20,15,rigQEW3zsre59EsWvRymZ6ovlzk=,Xj/CNgJrhr4YrilmOpmiJCKAWlI=
-30,11,Fh/Dgf83Mjsj2RAPDwhEr3ELiDM=,5g4LjGPks8CxsL1iXIhpaOTk7M4=
-23,14,Fh/Dgf83Mjsj2RAPDwhEr3ELiDM=,Ip20C3twq9S5imlJjXZsn0sHnrc=
-24,11,rigQEW3zsre59EsWvRymZ6ovlzk=,C/qLGTwUu7yO3+FVmTVlXMoafu8=
-26,15,Fh/Dgf83Mjsj2RAPDwhEr3ELiDM=,8gyYiKY7qJmdWMqiYGkJDiQq6JI=
-24,14,Fh/Dgf83Mjsj2RAPDwhEr3ELiDM=,Ip20C3twq9S5imlJjXZsn0sHnrc=
-27,13,Fh/Dgf83Mjsj2RAPDwhEr3ELiDM=,8gyYiKY7qJmdWMqiYGkJDiQq6JI=
-29,11,Fh/Dgf83Mjsj2RAPDwhEr3ELiDM=,5g4LjGPks8CxsL1iXIhpaOTk7M4=
-28,13,Fh/Dgf83Mjsj2RAPDwhEr3ELiDM=,8gyYiKY7qJmdWMqiYGkJDiQq6JI=
-32,12,Fh/Dgf83Mjsj2RAPDwhEr3ELiDM=,ErRB/bi00WxzX9MUTVLLBtClGtw=
-29,13,Fh/Dgf83Mjsj2RAPDwhEr3ELiDM=,ErRB/bi00WxzX9MUTVLLBtClGtw=
-21,14,Fh/Dgf83Mjsj2RAPDwhEr3ELiDM=,Ip20C3twq9S5imlJjXZsn0sHnrc=
-26,11,rigQEW3zsre59EsWvRymZ6ovlzk=,X8ZuGh01H0L6W12sFVqhNw9Lnb8=
-28,15,Fh/Dgf83Mjsj2RAPDwhEr3ELiDM=,8gyYiKY7qJmdWMqiYGkJDiQq6JI=
-29,7,VjSXcpOn2W0qsrYfXewVAc/3Vd8=,91u37WPq77yumhYHZlukT2b0h0k=
-32,15,Fh/Dgf83Mjsj2RAPDwhEr3ELiDM=,ErRB/bi00WxzX9MUTVLLBtClGtw=
-25,12,Fh/Dgf83Mjsj2RAPDwhEr3ELiDM=,8gyYiKY7qJmdWMqiYGkJDiQq6JI=
-21,13,Fh/Dgf83Mjsj2RAPDwhEr3ELiDM=,Ip20C3twq9S5imlJjXZsn0sHnrc=
-29,15,Fh/Dgf83Mjsj2RAPDwhEr3ELiDM=,ErRB/bi00WxzX9MUTVLLBtClGtw=
-32,8,Z0Gms8OYjk2FTVXbYvFaRPpRrlo=,5g4LjGPks8CxsL1iXIhpaOTk7M4=
-28,10,rigQEW3zsre59EsWvRymZ6ovlzk=,X8ZuGh01H0L6W12sFVqhNw9Lnb8=
-22,0,QGDkCviPYPd1eV6zPCiG7QsouH4=,AqksnrRVI6XVC+4zMS6I2RVrTBs=
-31,15,Fh/Dgf83Mjsj2RAPDwhEr3ELiDM=,ErRB/bi00WxzX9MUTVLLBtClGtw=
-24,15,Fh/Dgf83Mjsj2RAPDwhEr3ELiDM=,Ip20C3twq9S5imlJjXZsn0sHnrc=
-28,12,Fh/Dgf83Mjsj2RAPDwhEr3ELiDM=,8gyYiKY7qJmdWMqiYGkJDiQq6JI=
-31,8,Z0Gms8OYjk2FTVXbYvFaRPpRrlo=,5g4LjGPks8CxsL1iXIhpaOTk7M4=
-23,0,QGDkCviPYPd1eV6zPCiG7QsouH4=,AqksnrRVI6XVC+4zMS6I2RVrTBs=
-31,11,Fh/Dgf83Mjsj2RAPDwhEr3ELiDM=,5g4LjGPks8CxsL1iXIhpaOTk7M4=
-22,13,Fh/Dgf83Mjsj2RAPDwhEr3ELiDM=,Ip20C3twq9S5imlJjXZsn0sHnrc=
-23,15,Fh/Dgf83Mjsj2RAPDwhEr3ELiDM=,Ip20C3twq9S5imlJjXZsn0sHnrc=
-30,15,Fh/Dgf83Mjsj2RAPDwhEr3ELiDM=,ErRB/bi00WxzX9MUTVLLBtClGtw=
-31,12,Fh/Dgf83Mjsj2RAPDwhEr3ELiDM=,ErRB/bi00WxzX9MUTVLLBtClGtw=
-23,13,Fh/Dgf83Mjsj2RAPDwhEr3ELiDM=,Ip20C3twq9S5imlJjXZsn0sHnrc=
-29,9,VjSXcpOn2W0qsrYfXewVAc/3Vd8=,5g4LjGPks8CxsL1iXIhpaOTk7M4=
-23,11,rigQEW3zsre59EsWvRymZ6ovlzk=,C/qLGTwUu7yO3+FVmTVlXMoafu8=
-32,11,Fh/Dgf83Mjsj2RAPDwhEr3ELiDM=,5g4LjGPks8CxsL1iXIhpaOTk7M4=
-32,7,Z0Gms8OYjk2FTVXbYvFaRPpRrlo=,91u37WPq77yumhYHZlukT2b0h0k=
-28,9,rigQEW3zsre59EsWvRymZ6ovlzk=,X8ZuGh01H0L6W12sFVqhNw9Lnb8=
-30,7,Z0Gms8OYjk2FTVXbYvFaRPpRrlo=,91u37WPq77yumhYHZlukT2b0h0k=
-32,10,Z0Gms8OYjk2FTVXbYvFaRPpRrlo=,5g4LjGPks8CxsL1iXIhpaOTk7M4=
-25,15,Fh/Dgf83Mjsj2RAPDwhEr3ELiDM=,8gyYiKY7qJmdWMqiYGkJDiQq6JI=
-28,7,rigQEW3zsre59EsWvRymZ6ovlzk=,JNhKBKajttIjYlIp7CjQGB4OOH8=
-28,11,rigQEW3zsre59EsWvRymZ6ovlzk=,X8ZuGh01H0L6W12sFVqhNw9Lnb8=
-21,12,Fh/Dgf83Mjsj2RAPDwhEr3ELiDM=,Ip20C3twq9S5imlJjXZsn0sHnrc=
-25,11,rigQEW3zsre59EsWvRymZ6ovlzk=,X8ZuGh01H0L6W12sFVqhNw9Lnb8=
-30,9,Z0Gms8OYjk2FTVXbYvFaRPpRrlo=,5g4LjGPks8CxsL1iXIhpaOTk7M4=
-18,0,QGDkCviPYPd1eV6zPCiG7QsouH4=,IL6WGySdii3atoY0z1VVVHkVYQg=
-17,2,QGDkCviPYPd1eV6zPCiG7QsouH4=,IL6WGySdii3atoY0z1VVVHkVYQg=
-31,10,Z0Gms8OYjk2FTVXbYvFaRPpRrlo=,5g4LjGPks8CxsL1iXIhpaOTk7M4=
-24,13,Fh/Dgf83Mjsj2RAPDwhEr3ELiDM=,Ip20C3twq9S5imlJjXZsn0sHnrc=
-20,12,rigQEW3zsre59EsWvRymZ6ovlzk=,Xj/CNgJrhr4YrilmOpmiJCKAWlI=
-21,15,Fh/Dgf83Mjsj2RAPDwhEr3ELiDM=,Ip20C3twq9S5imlJjXZsn0sHnrc=
-21,0,QGDkCviPYPd1eV6zPCiG7QsouH4=,AqksnrRVI6XVC+4zMS6I2RVrTBs=
-25,13,Fh/Dgf83Mjsj2RAPDwhEr3ELiDM=,8gyYiKY7qJmdWMqiYGkJDiQq6JI=
-17,1,QGDkCviPYPd1eV6zPCiG7QsouH4=,IL6WGySdii3atoY0z1VVVHkVYQg=
-32,9,Z0Gms8OYjk2FTVXbYvFaRPpRrlo=,5g4LjGPks8CxsL1iXIhpaOTk7M4=
-30,12,Fh/Dgf83Mjsj2RAPDwhEr3ELiDM=,ErRB/bi00WxzX9MUTVLLBtClGtw=
-20,11,rigQEW3zsre59EsWvRymZ6ovlzk=,H+aq3XvM6rLFoc2TczbsHrJb9OI=
-31,9,Z0Gms8OYjk2FTVXbYvFaRPpRrlo=,5g4LjGPks8CxsL1iXIhpaOTk7M4=
-20,0,QGDkCviPYPd1eV6zPCiG7QsouH4=,IL6WGySdii3atoY0z1VVVHkVYQg=
-29,8,Z0Gms8OYjk2FTVXbYvFaRPpRrlo=,5g4LjGPks8CxsL1iXIhpaOTk7M4=
-22,12,Fh/Dgf83Mjsj2RAPDwhEr3ELiDM=,Ip20C3twq9S5imlJjXZsn0sHnrc=
-29,12,Fh/Dgf83Mjsj2RAPDwhEr3ELiDM=,ErRB/bi00WxzX9MUTVLLBtClGtw=
-19,0,QGDkCviPYPd1eV6zPCiG7QsouH4=,IL6WGySdii3atoY0z1VVVHkVYQg=
-22,11,rigQEW3zsre59EsWvRymZ6ovlzk=,C/qLGTwUu7yO3+FVmTVlXMoafu8=
-22,15,Fh/Dgf83Mjsj2RAPDwhEr3ELiDM=,Ip20C3twq9S5imlJjXZsn0sHnrc=
-20,14,rigQEW3zsre59EsWvRymZ6ovlzk=,Xj/CNgJrhr4YrilmOpmiJCKAWlI=
-30,10,Z0Gms8OYjk2FTVXbYvFaRPpRrlo=,5g4LjGPks8CxsL1iXIhpaOTk7M4=
-23,12,Fh/Dgf83Mjsj2RAPDwhEr3ELiDM=,Ip20C3twq9S5imlJjXZsn0sHnrc=
-20,13,rigQEW3zsre59EsWvRymZ6ovlzk=,Xj/CNgJrhr4YrilmOpmiJCKAWlI=
-21,11,rigQEW3zsre59EsWvRymZ6ovlzk=,C/qLGTwUu7yO3+FVmTVlXMoafu8=
-17,6,QGDkCviPYPd1eV6zPCiG7QsouH4=,7Z5DfLjkKjRxMYkWcPXRkOS7aZc=
-29,10,Z0Gms8OYjk2FTVXbYvFaRPpRrlo=,5g4LjGPks8CxsL1iXIhpaOTk7M4=
-17,9,QGDkCviPYPd1eV6zPCiG7QsouH4=,H+aq3XvM6rLFoc2TczbsHrJb9OI=
-31,7,Z0Gms8OYjk2FTVXbYvFaRPpRrlo=,91u37WPq77yumhYHZlukT2b0h0k=
-24,12,Fh/Dgf83Mjsj2RAPDwhEr3ELiDM=,Ip20C3twq9S5imlJjXZsn0sHnrc=
-30,8,Z0Gms8OYjk2FTVXbYvFaRPpRrlo=,5g4LjGPks8CxsL1iXIhpaOTk7M4=
-28,8,rigQEW3zsre59EsWvRymZ6ovlzk=,X8ZuGh01H0L6W12sFVqhNw9Lnb8=
-17,10,QGDkCviPYPd1eV6zPCiG7QsouH4=,H+aq3XvM6rLFoc2TczbsHrJb9OI=
-17,4,QGDkCviPYPd1eV6zPCiG7QsouH4=,7Z5DfLjkKjRxMYkWcPXRkOS7aZc=
-17,5,QGDkCviPYPd1eV6zPCiG7QsouH4=,7Z5DfLjkKjRxMYkWcPXRkOS7aZc=
-17,3,QGDkCviPYPd1eV6zPCiG7QsouH4=,IL6WGySdii3atoY0z1VVVHkVYQg=
-17,7,QGDkCviPYPd1eV6zPCiG7QsouH4=,7Z5DfLjkKjRxMYkWcPXRkOS7aZc=
-17,0,QGDkCviPYPd1eV6zPCiG7QsouH4=,IL6WGySdii3atoY0z1VVVHkVYQg=
-17,8,QGDkCviPYPd1eV6zPCiG7QsouH4=,H+aq3XvM6rLFoc2TczbsHrJb9OI=
-25,0,QGDkCviPYPd1eV6zPCiG7QsouH4=,41QF9Kn4PV2SkD/tKMML0HPQt8g=
-27,0,QGDkCviPYPd1eV6zPCiG7QsouH4=,41QF9Kn4PV2SkD/tKMML0HPQt8g=
-26,0,QGDkCviPYPd1eV6zPCiG7QsouH4=,41QF9Kn4PV2SkD/tKMML0HPQt8g=
-24,0,QGDkCviPYPd1eV6zPCiG7QsouH4=,AqksnrRVI6XVC+4zMS6I2RVrTBs=
-17,15,rigQEW3zsre59EsWvRymZ6ovlzk=,Xj/CNgJrhr4YrilmOpmiJCKAWlI=
-32,0,Fh/Dgf83Mjsj2RAPDwhEr3ELiDM=,thTCRZgu71QZtkeskSOWZblGkKo=
-17,14,rigQEW3zsre59EsWvRymZ6ovlzk=,Xj/CNgJrhr4YrilmOpmiJCKAWlI=
-17,13,rigQEW3zsre59EsWvRymZ6ovlzk=,Xj/CNgJrhr4YrilmOpmiJCKAWlI=
-17,12,rigQEW3zsre59EsWvRymZ6ovlzk=,Xj/CNgJrhr4YrilmOpmiJCKAWlI=
-29,0,Fh/Dgf83Mjsj2RAPDwhEr3ELiDM=,thTCRZgu71QZtkeskSOWZblGkKo=
-28,0,QGDkCviPYPd1eV6zPCiG7QsouH4=,41QF9Kn4PV2SkD/tKMML0HPQt8g=
-17,11,rigQEW3zsre59EsWvRymZ6ovlzk=,H+aq3XvM6rLFoc2TczbsHrJb9OI=
-31,0,Fh/Dgf83Mjsj2RAPDwhEr3ELiDM=,thTCRZgu71QZtkeskSOWZblGkKo=
-30,0,Fh/Dgf83Mjsj2RAPDwhEr3ELiDM=,thTCRZgu71QZtkeskSOWZblGkKo=
-22,21,5Ivh9XCgzRM8gkVk2NoVwewEq/k=,90wGdp6Tde8h+PjWgTQUnTQSPos=
-23,21,5Ivh9XCgzRM8gkVk2NoVwewEq/k=,90wGdp6Tde8h+PjWgTQUnTQSPos=
-18,22,5Ivh9XCgzRM8gkVk2NoVwewEq/k=,qQr+oJw9oUzx0v75AomjIb3cqm8=
-22,22,5Ivh9XCgzRM8gkVk2NoVwewEq/k=,90wGdp6Tde8h+PjWgTQUnTQSPos=
-21,21,5Ivh9XCgzRM8gkVk2NoVwewEq/k=,90wGdp6Tde8h+PjWgTQUnTQSPos=
-21,22,5Ivh9XCgzRM8gkVk2NoVwewEq/k=,90wGdp6Tde8h+PjWgTQUnTQSPos=
-20,21,5Ivh9XCgzRM8gkVk2NoVwewEq/k=,qQr+oJw9oUzx0v75AomjIb3cqm8=
-19,21,5Ivh9XCgzRM8gkVk2NoVwewEq/k=,qQr+oJw9oUzx0v75AomjIb3cqm8=
-19,22,5Ivh9XCgzRM8gkVk2NoVwewEq/k=,qQr+oJw9oUzx0v75AomjIb3cqm8=
-18,21,5Ivh9XCgzRM8gkVk2NoVwewEq/k=,qQr+oJw9oUzx0v75AomjIb3cqm8=
-20,22,5Ivh9XCgzRM8gkVk2NoVwewEq/k=,qQr+oJw9oUzx0v75AomjIb3cqm8=
-23,22,1lRutKduacW07IcqNu3cIuRPczk=,90wGdp6Tde8h+PjWgTQUnTQSPos=
-19,17,5Ivh9XCgzRM8gkVk2NoVwewEq/k=,odziBNTnZuF/81huf+4SygD4uD8=
-18,17,5Ivh9XCgzRM8gkVk2NoVwewEq/k=,odziBNTnZuF/81huf+4SygD4uD8=
-18,18,5Ivh9XCgzRM8gkVk2NoVwewEq/k=,odziBNTnZuF/81huf+4SygD4uD8=
-22,17,5Ivh9XCgzRM8gkVk2NoVwewEq/k=,8XNx25m2HvsPq9s5kzttas9mGaE=
-21,17,5Ivh9XCgzRM8gkVk2NoVwewEq/k=,8XNx25m2HvsPq9s5kzttas9mGaE=
-19,18,5Ivh9XCgzRM8gkVk2NoVwewEq/k=,odziBNTnZuF/81huf+4SygD4uD8=
-20,17,5Ivh9XCgzRM8gkVk2NoVwewEq/k=,odziBNTnZuF/81huf+4SygD4uD8=
-19,20,5Ivh9XCgzRM8gkVk2NoVwewEq/k=,qQr+oJw9oUzx0v75AomjIb3cqm8=
-18,19,5Ivh9XCgzRM8gkVk2NoVwewEq/k=,odziBNTnZuF/81huf+4SygD4uD8=
-23,18,5Ivh9XCgzRM8gkVk2NoVwewEq/k=,8XNx25m2HvsPq9s5kzttas9mGaE=
-18,20,5Ivh9XCgzRM8gkVk2NoVwewEq/k=,qQr+oJw9oUzx0v75AomjIb3cqm8=
-19,19,5Ivh9XCgzRM8gkVk2NoVwewEq/k=,odziBNTnZuF/81huf+4SygD4uD8=
-22,20,5Ivh9XCgzRM8gkVk2NoVwewEq/k=,90wGdp6Tde8h+PjWgTQUnTQSPos=
-23,17,5Ivh9XCgzRM8gkVk2NoVwewEq/k=,8XNx25m2HvsPq9s5kzttas9mGaE=
-21,20,5Ivh9XCgzRM8gkVk2NoVwewEq/k=,90wGdp6Tde8h+PjWgTQUnTQSPos=
-21,19,5Ivh9XCgzRM8gkVk2NoVwewEq/k=,8XNx25m2HvsPq9s5kzttas9mGaE=
-22,19,5Ivh9XCgzRM8gkVk2NoVwewEq/k=,8XNx25m2HvsPq9s5kzttas9mGaE=
-23,20,5Ivh9XCgzRM8gkVk2NoVwewEq/k=,90wGdp6Tde8h+PjWgTQUnTQSPos=
-23,19,5Ivh9XCgzRM8gkVk2NoVwewEq/k=,8XNx25m2HvsPq9s5kzttas9mGaE=
-20,19,1lRutKduacW07IcqNu3cIuRPczk=,odziBNTnZuF/81huf+4SygD4uD8=
-20,20,5Ivh9XCgzRM8gkVk2NoVwewEq/k=,qQr+oJw9oUzx0v75AomjIb3cqm8=
-21,18,5Ivh9XCgzRM8gkVk2NoVwewEq/k=,8XNx25m2HvsPq9s5kzttas9mGaE=
-22,18,5Ivh9XCgzRM8gkVk2NoVwewEq/k=,8XNx25m2HvsPq9s5kzttas9mGaE=
-20,18,5Ivh9XCgzRM8gkVk2NoVwewEq/k=,odziBNTnZuF/81huf+4SygD4uD8=
-32,26,AS5ZhsL4t3AfWT5LcOfCFKo1g2M=,8SugMRURd46EPuUYyVjdwHyLaWg=
-32,25,AS5ZhsL4t3AfWT5LcOfCFKo1g2M=,8SugMRURd46EPuUYyVjdwHyLaWg=
-31,26,AS5ZhsL4t3AfWT5LcOfCFKo1g2M=,8SugMRURd46EPuUYyVjdwHyLaWg=
-30,26,AS5ZhsL4t3AfWT5LcOfCFKo1g2M=,8SugMRURd46EPuUYyVjdwHyLaWg=
-31,25,AS5ZhsL4t3AfWT5LcOfCFKo1g2M=,8SugMRURd46EPuUYyVjdwHyLaWg=
-30,25,AS5ZhsL4t3AfWT5LcOfCFKo1g2M=,8SugMRURd46EPuUYyVjdwHyLaWg=
-23,24,MVrQ1zqis1L+ov84fliv37j8BY8=,/8RXYkihHqZPidrZEp0g3qBdxLY=
-22,24,1lRutKduacW07IcqNu3cIuRPczk=,/8RXYkihHqZPidrZEp0g3qBdxLY=
-22,23,MVrQ1zqis1L+ov84fliv37j8BY8=,90wGdp6Tde8h+PjWgTQUnTQSPos=
-23,26,MVrQ1zqis1L+ov84fliv37j8BY8=,/8RXYkihHqZPidrZEp0g3qBdxLY=
-22,26,MVrQ1zqis1L+ov84fliv37j8BY8=,/8RXYkihHqZPidrZEp0g3qBdxLY=
-23,23,MVrQ1zqis1L+ov84fliv37j8BY8=,90wGdp6Tde8h+PjWgTQUnTQSPos=
-23,25,MVrQ1zqis1L+ov84fliv37j8BY8=,/8RXYkihHqZPidrZEp0g3qBdxLY=
-22,25,MVrQ1zqis1L+ov84fliv37j8BY8=,/8RXYkihHqZPidrZEp0g3qBdxLY=
-18,25,1lRutKduacW07IcqNu3cIuRPczk=,tn2MF5XDbC7eT49aID1uf8VMhwo=
-19,26,MVrQ1zqis1L+ov84fliv37j8BY8=,tn2MF5XDbC7eT49aID1uf8VMhwo=
-20,26,MVrQ1zqis1L+ov84fliv37j8BY8=,tn2MF5XDbC7eT49aID1uf8VMhwo=
-18,26,1lRutKduacW07IcqNu3cIuRPczk=,tn2MF5XDbC7eT49aID1uf8VMhwo=
-19,25,1lRutKduacW07IcqNu3cIuRPczk=,tn2MF5XDbC7eT49aID1uf8VMhwo=
-20,23,MVrQ1zqis1L+ov84fliv37j8BY8=,qQr+oJw9oUzx0v75AomjIb3cqm8=
-29,26,AS5ZhsL4t3AfWT5LcOfCFKo1g2M=,8SugMRURd46EPuUYyVjdwHyLaWg=
-20,25,1lRutKduacW07IcqNu3cIuRPczk=,tn2MF5XDbC7eT49aID1uf8VMhwo=
-26,25,MVrQ1zqis1L+ov84fliv37j8BY8=,dCyJ8NGTVd0G67vnysSLnV57drE=
-21,24,1lRutKduacW07IcqNu3cIuRPczk=,/8RXYkihHqZPidrZEp0g3qBdxLY=
-25,25,MVrQ1zqis1L+ov84fliv37j8BY8=,dCyJ8NGTVd0G67vnysSLnV57drE=
-18,24,1lRutKduacW07IcqNu3cIuRPczk=,tn2MF5XDbC7eT49aID1uf8VMhwo=
-28,26,MVrQ1zqis1L+ov84fliv37j8BY8=,dCyJ8NGTVd0G67vnysSLnV57drE=
-19,24,1lRutKduacW07IcqNu3cIuRPczk=,tn2MF5XDbC7eT49aID1uf8VMhwo=
-21,26,MVrQ1zqis1L+ov84fliv37j8BY8=,/8RXYkihHqZPidrZEp0g3qBdxLY=
-24,25,MVrQ1zqis1L+ov84fliv37j8BY8=,/8RXYkihHqZPidrZEp0g3qBdxLY=
-19,23,1lRutKduacW07IcqNu3cIuRPczk=,qQr+oJw9oUzx0v75AomjIb3cqm8=
-21,23,1lRutKduacW07IcqNu3cIuRPczk=,90wGdp6Tde8h+PjWgTQUnTQSPos=
-18,23,1lRutKduacW07IcqNu3cIuRPczk=,qQr+oJw9oUzx0v75AomjIb3cqm8=
-20,24,1lRutKduacW07IcqNu3cIuRPczk=,tn2MF5XDbC7eT49aID1uf8VMhwo=
-21,25,MVrQ1zqis1L+ov84fliv37j8BY8=,/8RXYkihHqZPidrZEp0g3qBdxLY=
-27,26,MVrQ1zqis1L+ov84fliv37j8BY8=,dCyJ8NGTVd0G67vnysSLnV57drE=
-24,26,MVrQ1zqis1L+ov84fliv37j8BY8=,/8RXYkihHqZPidrZEp0g3qBdxLY=
-29,25,AS5ZhsL4t3AfWT5LcOfCFKo1g2M=,8SugMRURd46EPuUYyVjdwHyLaWg=
-27,25,MVrQ1zqis1L+ov84fliv37j8BY8=,dCyJ8NGTVd0G67vnysSLnV57drE=
-26,26,MVrQ1zqis1L+ov84fliv37j8BY8=,dCyJ8NGTVd0G67vnysSLnV57drE=
-28,25,MVrQ1zqis1L+ov84fliv37j8BY8=,dCyJ8NGTVd0G67vnysSLnV57drE=
-25,26,MVrQ1zqis1L+ov84fliv37j8BY8=,dCyJ8NGTVd0G67vnysSLnV57drE=
-30,27,AS5ZhsL4t3AfWT5LcOfCFKo1g2M=,8SugMRURd46EPuUYyVjdwHyLaWg=
-22,27,MVrQ1zqis1L+ov84fliv37j8BY8=,/8RXYkihHqZPidrZEp0g3qBdxLY=
-22,31,AS5ZhsL4t3AfWT5LcOfCFKo1g2M=,j+RgHYqc+Rz3+vodbQV4lNueuwA=
-32,28,AS5ZhsL4t3AfWT5LcOfCFKo1g2M=,V+ZdjBGQY4lfQENLJfRmpRft22w=
-31,28,AS5ZhsL4t3AfWT5LcOfCFKo1g2M=,V+ZdjBGQY4lfQENLJfRmpRft22w=
-23,28,AS5ZhsL4t3AfWT5LcOfCFKo1g2M=,j+RgHYqc+Rz3+vodbQV4lNueuwA=
-30,28,AS5ZhsL4t3AfWT5LcOfCFKo1g2M=,V+ZdjBGQY4lfQENLJfRmpRft22w=
-22,28,AS5ZhsL4t3AfWT5LcOfCFKo1g2M=,j+RgHYqc+Rz3+vodbQV4lNueuwA=
-32,29,AS5ZhsL4t3AfWT5LcOfCFKo1g2M=,V+ZdjBGQY4lfQENLJfRmpRft22w=
-23,29,AS5ZhsL4t3AfWT5LcOfCFKo1g2M=,j+RgHYqc+Rz3+vodbQV4lNueuwA=
-31,27,AS5ZhsL4t3AfWT5LcOfCFKo1g2M=,8SugMRURd46EPuUYyVjdwHyLaWg=
-31,29,AS5ZhsL4t3AfWT5LcOfCFKo1g2M=,V+ZdjBGQY4lfQENLJfRmpRft22w=
-30,31,AS5ZhsL4t3AfWT5LcOfCFKo1g2M=,V+ZdjBGQY4lfQENLJfRmpRft22w=
-22,29,AS5ZhsL4t3AfWT5LcOfCFKo1g2M=,j+RgHYqc+Rz3+vodbQV4lNueuwA=
-23,31,AS5ZhsL4t3AfWT5LcOfCFKo1g2M=,j+RgHYqc+Rz3+vodbQV4lNueuwA=
-23,27,MVrQ1zqis1L+ov84fliv37j8BY8=,/8RXYkihHqZPidrZEp0g3qBdxLY=
-31,31,AS5ZhsL4t3AfWT5LcOfCFKo1g2M=,V+ZdjBGQY4lfQENLJfRmpRft22w=
-22,30,AS5ZhsL4t3AfWT5LcOfCFKo1g2M=,j+RgHYqc+Rz3+vodbQV4lNueuwA=
-23,30,AS5ZhsL4t3AfWT5LcOfCFKo1g2M=,j+RgHYqc+Rz3+vodbQV4lNueuwA=
-32,31,AS5ZhsL4t3AfWT5LcOfCFKo1g2M=,V+ZdjBGQY4lfQENLJfRmpRft22w=
-30,30,AS5ZhsL4t3AfWT5LcOfCFKo1g2M=,V+ZdjBGQY4lfQENLJfRmpRft22w=
-31,30,AS5ZhsL4t3AfWT5LcOfCFKo1g2M=,V+ZdjBGQY4lfQENLJfRmpRft22w=
-32,30,AS5ZhsL4t3AfWT5LcOfCFKo1g2M=,V+ZdjBGQY4lfQENLJfRmpRft22w=
-30,29,AS5ZhsL4t3AfWT5LcOfCFKo1g2M=,V+ZdjBGQY4lfQENLJfRmpRft22w=
-32,27,AS5ZhsL4t3AfWT5LcOfCFKo1g2M=,8SugMRURd46EPuUYyVjdwHyLaWg=
-17,26,MVrQ1zqis1L+ov84fliv37j8BY8=,tn2MF5XDbC7eT49aID1uf8VMhwo=
-17,25,MVrQ1zqis1L+ov84fliv37j8BY8=,tn2MF5XDbC7eT49aID1uf8VMhwo=
-29,27,AS5ZhsL4t3AfWT5LcOfCFKo1g2M=,8SugMRURd46EPuUYyVjdwHyLaWg=
-24,31,AS5ZhsL4t3AfWT5LcOfCFKo1g2M=,j+RgHYqc+Rz3+vodbQV4lNueuwA=
-27,29,AS5ZhsL4t3AfWT5LcOfCFKo1g2M=,QeYG4Dre3Ombv9w8pr5GzxF7D74=
-28,29,AS5ZhsL4t3AfWT5LcOfCFKo1g2M=,QeYG4Dre3Ombv9w8pr5GzxF7D74=
-26,29,AS5ZhsL4t3AfWT5LcOfCFKo1g2M=,QeYG4Dre3Ombv9w8pr5GzxF7D74=
-25,28,AS5ZhsL4t3AfWT5LcOfCFKo1g2M=,QeYG4Dre3Ombv9w8pr5GzxF7D74=
-26,27,MVrQ1zqis1L+ov84fliv37j8BY8=,dCyJ8NGTVd0G67vnysSLnV57drE=
-26,28,AS5ZhsL4t3AfWT5LcOfCFKo1g2M=,QeYG4Dre3Ombv9w8pr5GzxF7D74=
-24,30,AS5ZhsL4t3AfWT5LcOfCFKo1g2M=,j+RgHYqc+Rz3+vodbQV4lNueuwA=
-17,22,MVrQ1zqis1L+ov84fliv37j8BY8=,qQr+oJw9oUzx0v75AomjIb3cqm8=
-28,28,AS5ZhsL4t3AfWT5LcOfCFKo1g2M=,QeYG4Dre3Ombv9w8pr5GzxF7D74=
-17,17,MVrQ1zqis1L+ov84fliv37j8BY8=,odziBNTnZuF/81huf+4SygD4uD8=
-24,27,MVrQ1zqis1L+ov84fliv37j8BY8=,/8RXYkihHqZPidrZEp0g3qBdxLY=
-27,27,MVrQ1zqis1L+ov84fliv37j8BY8=,dCyJ8NGTVd0G67vnysSLnV57drE=
-25,27,MVrQ1zqis1L+ov84fliv37j8BY8=,dCyJ8NGTVd0G67vnysSLnV57drE=
-25,31,AS5ZhsL4t3AfWT5LcOfCFKo1g2M=,QeYG4Dre3Ombv9w8pr5GzxF7D74=
-17,20,MVrQ1zqis1L+ov84fliv37j8BY8=,qQr+oJw9oUzx0v75AomjIb3cqm8=
-26,31,AS5ZhsL4t3AfWT5LcOfCFKo1g2M=,QeYG4Dre3Ombv9w8pr5GzxF7D74=
-17,18,MVrQ1zqis1L+ov84fliv37j8BY8=,odziBNTnZuF/81huf+4SygD4uD8=
-27,28,AS5ZhsL4t3AfWT5LcOfCFKo1g2M=,QeYG4Dre3Ombv9w8pr5GzxF7D74=
-28,27,MVrQ1zqis1L+ov84fliv37j8BY8=,dCyJ8NGTVd0G67vnysSLnV57drE=
-27,31,AS5ZhsL4t3AfWT5LcOfCFKo1g2M=,QeYG4Dre3Ombv9w8pr5GzxF7D74=
-29,28,AS5ZhsL4t3AfWT5LcOfCFKo1g2M=,V+ZdjBGQY4lfQENLJfRmpRft22w=
-17,23,MVrQ1zqis1L+ov84fliv37j8BY8=,qQr+oJw9oUzx0v75AomjIb3cqm8=
-28,31,AS5ZhsL4t3AfWT5LcOfCFKo1g2M=,QeYG4Dre3Ombv9w8pr5GzxF7D74=
-24,29,AS5ZhsL4t3AfWT5LcOfCFKo1g2M=,j+RgHYqc+Rz3+vodbQV4lNueuwA=
-25,30,AS5ZhsL4t3AfWT5LcOfCFKo1g2M=,QeYG4Dre3Ombv9w8pr5GzxF7D74=
-29,31,AS5ZhsL4t3AfWT5LcOfCFKo1g2M=,V+ZdjBGQY4lfQENLJfRmpRft22w=
-25,29,AS5ZhsL4t3AfWT5LcOfCFKo1g2M=,QeYG4Dre3Ombv9w8pr5GzxF7D74=
-17,24,MVrQ1zqis1L+ov84fliv37j8BY8=,tn2MF5XDbC7eT49aID1uf8VMhwo=
-26,30,AS5ZhsL4t3AfWT5LcOfCFKo1g2M=,QeYG4Dre3Ombv9w8pr5GzxF7D74=
-17,21,MVrQ1zqis1L+ov84fliv37j8BY8=,qQr+oJw9oUzx0v75AomjIb3cqm8=
-17,19,MVrQ1zqis1L+ov84fliv37j8BY8=,odziBNTnZuF/81huf+4SygD4uD8=
-27,30,AS5ZhsL4t3AfWT5LcOfCFKo1g2M=,QeYG4Dre3Ombv9w8pr5GzxF7D74=
-29,29,AS5ZhsL4t3AfWT5LcOfCFKo1g2M=,V+ZdjBGQY4lfQENLJfRmpRft22w=
-29,30,AS5ZhsL4t3AfWT5LcOfCFKo1g2M=,V+ZdjBGQY4lfQENLJfRmpRft22w=
-28,30,AS5ZhsL4t3AfWT5LcOfCFKo1g2M=,QeYG4Dre3Ombv9w8pr5GzxF7D74=
-24,28,AS5ZhsL4t3AfWT5LcOfCFKo1g2M=,j+RgHYqc+Rz3+vodbQV4lNueuwA=
-18,16,MVrQ1zqis1L+ov84fliv37j8BY8=,odziBNTnZuF/81huf+4SygD4uD8=
-19,16,MVrQ1zqis1L+ov84fliv37j8BY8=,odziBNTnZuF/81huf+4SygD4uD8=
-23,16,MVrQ1zqis1L+ov84fliv37j8BY8=,8XNx25m2HvsPq9s5kzttas9mGaE=
-21,16,MVrQ1zqis1L+ov84fliv37j8BY8=,8XNx25m2HvsPq9s5kzttas9mGaE=
-22,16,MVrQ1zqis1L+ov84fliv37j8BY8=,8XNx25m2HvsPq9s5kzttas9mGaE=
-20,16,MVrQ1zqis1L+ov84fliv37j8BY8=,odziBNTnZuF/81huf+4SygD4uD8=
-18,31,AS5ZhsL4t3AfWT5LcOfCFKo1g2M=,9v8/aYw4cGubKauGnFhvWJiuN5E=
-18,29,AS5ZhsL4t3AfWT5LcOfCFKo1g2M=,9v8/aYw4cGubKauGnFhvWJiuN5E=
-19,31,AS5ZhsL4t3AfWT5LcOfCFKo1g2M=,9v8/aYw4cGubKauGnFhvWJiuN5E=
-20,29,AS5ZhsL4t3AfWT5LcOfCFKo1g2M=,9v8/aYw4cGubKauGnFhvWJiuN5E=
-21,27,MVrQ1zqis1L+ov84fliv37j8BY8=,/8RXYkihHqZPidrZEp0g3qBdxLY=
-21,31,AS5ZhsL4t3AfWT5LcOfCFKo1g2M=,j+RgHYqc+Rz3+vodbQV4lNueuwA=
-17,28,AS5ZhsL4t3AfWT5LcOfCFKo1g2M=,9v8/aYw4cGubKauGnFhvWJiuN5E=
-21,30,AS5ZhsL4t3AfWT5LcOfCFKo1g2M=,j+RgHYqc+Rz3+vodbQV4lNueuwA=
-20,27,MVrQ1zqis1L+ov84fliv37j8BY8=,tn2MF5XDbC7eT49aID1uf8VMhwo=
-18,28,AS5ZhsL4t3AfWT5LcOfCFKo1g2M=,9v8/aYw4cGubKauGnFhvWJiuN5E=
-19,28,AS5ZhsL4t3AfWT5LcOfCFKo1g2M=,9v8/aYw4cGubKauGnFhvWJiuN5E=
-19,27,MVrQ1zqis1L+ov84fliv37j8BY8=,tn2MF5XDbC7eT49aID1uf8VMhwo=
-20,31,AS5ZhsL4t3AfWT5LcOfCFKo1g2M=,9v8/aYw4cGubKauGnFhvWJiuN5E=
-20,28,AS5ZhsL4t3AfWT5LcOfCFKo1g2M=,9v8/aYw4cGubKauGnFhvWJiuN5E=
-21,29,AS5ZhsL4t3AfWT5LcOfCFKo1g2M=,j+RgHYqc+Rz3+vodbQV4lNueuwA=
-18,27,MVrQ1zqis1L+ov84fliv37j8BY8=,tn2MF5XDbC7eT49aID1uf8VMhwo=
-17,31,AS5ZhsL4t3AfWT5LcOfCFKo1g2M=,9v8/aYw4cGubKauGnFhvWJiuN5E=
-19,29,AS5ZhsL4t3AfWT5LcOfCFKo1g2M=,9v8/aYw4cGubKauGnFhvWJiuN5E=
-17,30,AS5ZhsL4t3AfWT5LcOfCFKo1g2M=,9v8/aYw4cGubKauGnFhvWJiuN5E=
-17,29,AS5ZhsL4t3AfWT5LcOfCFKo1g2M=,9v8/aYw4cGubKauGnFhvWJiuN5E=
-18,30,AS5ZhsL4t3AfWT5LcOfCFKo1g2M=,9v8/aYw4cGubKauGnFhvWJiuN5E=
-17,27,MVrQ1zqis1L+ov84fliv37j8BY8=,tn2MF5XDbC7eT49aID1uf8VMhwo=
-21,28,AS5ZhsL4t3AfWT5LcOfCFKo1g2M=,j+RgHYqc+Rz3+vodbQV4lNueuwA=
-20,30,AS5ZhsL4t3AfWT5LcOfCFKo1g2M=,9v8/aYw4cGubKauGnFhvWJiuN5E=
-19,30,AS5ZhsL4t3AfWT5LcOfCFKo1g2M=,9v8/aYw4cGubKauGnFhvWJiuN5E=
-30,17,AS5ZhsL4t3AfWT5LcOfCFKo1g2M=,D8T02x///k4ryX66CFqcv1XPRx8=
-30,18,AS5ZhsL4t3AfWT5LcOfCFKo1g2M=,D8T02x///k4ryX66CFqcv1XPRx8=
-32,17,AS5ZhsL4t3AfWT5LcOfCFKo1g2M=,D8T02x///k4ryX66CFqcv1XPRx8=
-32,18,AS5ZhsL4t3AfWT5LcOfCFKo1g2M=,D8T02x///k4ryX66CFqcv1XPRx8=
-31,18,AS5ZhsL4t3AfWT5LcOfCFKo1g2M=,D8T02x///k4ryX66CFqcv1XPRx8=
-31,17,AS5ZhsL4t3AfWT5LcOfCFKo1g2M=,D8T02x///k4ryX66CFqcv1XPRx8=
-31,22,AS5ZhsL4t3AfWT5LcOfCFKo1g2M=,fGayECG2DKrVPlFXaFlbhPQ0z6M=
-31,23,AS5ZhsL4t3AfWT5LcOfCFKo1g2M=,fGayECG2DKrVPlFXaFlbhPQ0z6M=
-30,23,AS5ZhsL4t3AfWT5LcOfCFKo1g2M=,fGayECG2DKrVPlFXaFlbhPQ0z6M=
-30,22,AS5ZhsL4t3AfWT5LcOfCFKo1g2M=,fGayECG2DKrVPlFXaFlbhPQ0z6M=
-32,23,AS5ZhsL4t3AfWT5LcOfCFKo1g2M=,fGayECG2DKrVPlFXaFlbhPQ0z6M=
-32,20,AS5ZhsL4t3AfWT5LcOfCFKo1g2M=,fGayECG2DKrVPlFXaFlbhPQ0z6M=
-32,24,AS5ZhsL4t3AfWT5LcOfCFKo1g2M=,8SugMRURd46EPuUYyVjdwHyLaWg=
-30,19,AS5ZhsL4t3AfWT5LcOfCFKo1g2M=,D8T02x///k4ryX66CFqcv1XPRx8=
-30,21,AS5ZhsL4t3AfWT5LcOfCFKo1g2M=,fGayECG2DKrVPlFXaFlbhPQ0z6M=
-32,19,AS5ZhsL4t3AfWT5LcOfCFKo1g2M=,D8T02x///k4ryX66CFqcv1XPRx8=
-32,21,AS5ZhsL4t3AfWT5LcOfCFKo1g2M=,fGayECG2DKrVPlFXaFlbhPQ0z6M=
-32,22,AS5ZhsL4t3AfWT5LcOfCFKo1g2M=,fGayECG2DKrVPlFXaFlbhPQ0z6M=
-31,19,AS5ZhsL4t3AfWT5LcOfCFKo1g2M=,D8T02x///k4ryX66CFqcv1XPRx8=
-30,24,AS5ZhsL4t3AfWT5LcOfCFKo1g2M=,8SugMRURd46EPuUYyVjdwHyLaWg=
-30,20,AS5ZhsL4t3AfWT5LcOfCFKo1g2M=,fGayECG2DKrVPlFXaFlbhPQ0z6M=
-31,21,AS5ZhsL4t3AfWT5LcOfCFKo1g2M=,fGayECG2DKrVPlFXaFlbhPQ0z6M=
-31,24,AS5ZhsL4t3AfWT5LcOfCFKo1g2M=,8SugMRURd46EPuUYyVjdwHyLaWg=
-31,20,AS5ZhsL4t3AfWT5LcOfCFKo1g2M=,fGayECG2DKrVPlFXaFlbhPQ0z6M=
-17,16,MVrQ1zqis1L+ov84fliv37j8BY8=,odziBNTnZuF/81huf+4SygD4uD8=
-31,16,AS5ZhsL4t3AfWT5LcOfCFKo1g2M=,D8T02x///k4ryX66CFqcv1XPRx8=
-32,16,AS5ZhsL4t3AfWT5LcOfCFKo1g2M=,D8T02x///k4ryX66CFqcv1XPRx8=
-30,16,AS5ZhsL4t3AfWT5LcOfCFKo1g2M=,D8T02x///k4ryX66CFqcv1XPRx8=
-29,18,AS5ZhsL4t3AfWT5LcOfCFKo1g2M=,D8T02x///k4ryX66CFqcv1XPRx8=
-24,17,MVrQ1zqis1L+ov84fliv37j8BY8=,8XNx25m2HvsPq9s5kzttas9mGaE=
-27,17,AS5ZhsL4t3AfWT5LcOfCFKo1g2M=,RrVVlVNrs9Jx0ecoHEwy/FNV3m4=
-28,17,AS5ZhsL4t3AfWT5LcOfCFKo1g2M=,RrVVlVNrs9Jx0ecoHEwy/FNV3m4=
-29,19,AS5ZhsL4t3AfWT5LcOfCFKo1g2M=,D8T02x///k4ryX66CFqcv1XPRx8=
-26,17,AS5ZhsL4t3AfWT5LcOfCFKo1g2M=,RrVVlVNrs9Jx0ecoHEwy/FNV3m4=
-26,16,AS5ZhsL4t3AfWT5LcOfCFKo1g2M=,RrVVlVNrs9Jx0ecoHEwy/FNV3m4=
-28,16,AS5ZhsL4t3AfWT5LcOfCFKo1g2M=,RrVVlVNrs9Jx0ecoHEwy/FNV3m4=
-27,16,AS5ZhsL4t3AfWT5LcOfCFKo1g2M=,RrVVlVNrs9Jx0ecoHEwy/FNV3m4=
-29,23,AS5ZhsL4t3AfWT5LcOfCFKo1g2M=,fGayECG2DKrVPlFXaFlbhPQ0z6M=
-29,16,AS5ZhsL4t3AfWT5LcOfCFKo1g2M=,D8T02x///k4ryX66CFqcv1XPRx8=
-25,17,AS5ZhsL4t3AfWT5LcOfCFKo1g2M=,RrVVlVNrs9Jx0ecoHEwy/FNV3m4=
-24,18,MVrQ1zqis1L+ov84fliv37j8BY8=,8XNx25m2HvsPq9s5kzttas9mGaE=
-26,18,AS5ZhsL4t3AfWT5LcOfCFKo1g2M=,RrVVlVNrs9Jx0ecoHEwy/FNV3m4=
-25,18,AS5ZhsL4t3AfWT5LcOfCFKo1g2M=,RrVVlVNrs9Jx0ecoHEwy/FNV3m4=
-24,22,MVrQ1zqis1L+ov84fliv37j8BY8=,90wGdp6Tde8h+PjWgTQUnTQSPos=
-27,18,AS5ZhsL4t3AfWT5LcOfCFKo1g2M=,RrVVlVNrs9Jx0ecoHEwy/FNV3m4=
-28,18,AS5ZhsL4t3AfWT5LcOfCFKo1g2M=,RrVVlVNrs9Jx0ecoHEwy/FNV3m4=
-24,16,MVrQ1zqis1L+ov84fliv37j8BY8=,8XNx25m2HvsPq9s5kzttas9mGaE=
-29,17,AS5ZhsL4t3AfWT5LcOfCFKo1g2M=,D8T02x///k4ryX66CFqcv1XPRx8=
-29,22,AS5ZhsL4t3AfWT5LcOfCFKo1g2M=,fGayECG2DKrVPlFXaFlbhPQ0z6M=
-29,20,AS5ZhsL4t3AfWT5LcOfCFKo1g2M=,fGayECG2DKrVPlFXaFlbhPQ0z6M=
-26,22,MVrQ1zqis1L+ov84fliv37j8BY8=,IbQ4s3JFeOMpQF1vieWQA5ucAmc=
-27,22,MVrQ1zqis1L+ov84fliv37j8BY8=,IbQ4s3JFeOMpQF1vieWQA5ucAmc=
-28,22,MVrQ1zqis1L+ov84fliv37j8BY8=,IbQ4s3JFeOMpQF1vieWQA5ucAmc=
-25,16,AS5ZhsL4t3AfWT5LcOfCFKo1g2M=,RrVVlVNrs9Jx0ecoHEwy/FNV3m4=
-24,21,MVrQ1zqis1L+ov84fliv37j8BY8=,90wGdp6Tde8h+PjWgTQUnTQSPos=
-25,21,MVrQ1zqis1L+ov84fliv37j8BY8=,IbQ4s3JFeOMpQF1vieWQA5ucAmc=
-29,24,AS5ZhsL4t3AfWT5LcOfCFKo1g2M=,8SugMRURd46EPuUYyVjdwHyLaWg=
-24,24,MVrQ1zqis1L+ov84fliv37j8BY8=,/8RXYkihHqZPidrZEp0g3qBdxLY=
-26,21,MVrQ1zqis1L+ov84fliv37j8BY8=,IbQ4s3JFeOMpQF1vieWQA5ucAmc=
-25,24,MVrQ1zqis1L+ov84fliv37j8BY8=,dCyJ8NGTVd0G67vnysSLnV57drE=
-25,22,MVrQ1zqis1L+ov84fliv37j8BY8=,IbQ4s3JFeOMpQF1vieWQA5ucAmc=
-26,24,MVrQ1zqis1L+ov84fliv37j8BY8=,dCyJ8NGTVd0G67vnysSLnV57drE=
-27,21,MVrQ1zqis1L+ov84fliv37j8BY8=,IbQ4s3JFeOMpQF1vieWQA5ucAmc=
-28,21,MVrQ1zqis1L+ov84fliv37j8BY8=,IbQ4s3JFeOMpQF1vieWQA5ucAmc=
-24,20,MVrQ1zqis1L+ov84fliv37j8BY8=,90wGdp6Tde8h+PjWgTQUnTQSPos=
-28,24,MVrQ1zqis1L+ov84fliv37j8BY8=,dCyJ8NGTVd0G67vnysSLnV57drE=
-28,19,AS5ZhsL4t3AfWT5LcOfCFKo1g2M=,RrVVlVNrs9Jx0ecoHEwy/FNV3m4=
-25,20,MVrQ1zqis1L+ov84fliv37j8BY8=,IbQ4s3JFeOMpQF1vieWQA5ucAmc=
-26,20,MVrQ1zqis1L+ov84fliv37j8BY8=,IbQ4s3JFeOMpQF1vieWQA5ucAmc=
-27,20,MVrQ1zqis1L+ov84fliv37j8BY8=,IbQ4s3JFeOMpQF1vieWQA5ucAmc=
-25,19,AS5ZhsL4t3AfWT5LcOfCFKo1g2M=,RrVVlVNrs9Jx0ecoHEwy/FNV3m4=
-29,21,AS5ZhsL4t3AfWT5LcOfCFKo1g2M=,fGayECG2DKrVPlFXaFlbhPQ0z6M=
-26,19,AS5ZhsL4t3AfWT5LcOfCFKo1g2M=,RrVVlVNrs9Jx0ecoHEwy/FNV3m4=
-24,23,MVrQ1zqis1L+ov84fliv37j8BY8=,90wGdp6Tde8h+PjWgTQUnTQSPos=
-27,19,AS5ZhsL4t3AfWT5LcOfCFKo1g2M=,RrVVlVNrs9Jx0ecoHEwy/FNV3m4=
-24,19,MVrQ1zqis1L+ov84fliv37j8BY8=,8XNx25m2HvsPq9s5kzttas9mGaE=
-25,23,MVrQ1zqis1L+ov84fliv37j8BY8=,IbQ4s3JFeOMpQF1vieWQA5ucAmc=
-26,23,MVrQ1zqis1L+ov84fliv37j8BY8=,IbQ4s3JFeOMpQF1vieWQA5ucAmc=
-27,24,MVrQ1zqis1L+ov84fliv37j8BY8=,dCyJ8NGTVd0G67vnysSLnV57drE=
-27,23,MVrQ1zqis1L+ov84fliv37j8BY8=,IbQ4s3JFeOMpQF1vieWQA5ucAmc=
-28,20,MVrQ1zqis1L+ov84fliv37j8BY8=,IbQ4s3JFeOMpQF1vieWQA5ucAmc=
-28,23,MVrQ1zqis1L+ov84fliv37j8BY8=,IbQ4s3JFeOMpQF1vieWQA5ucAmc=
-2,18,2BhHY9JbskgZK+3SmSMUdBQWbbE=,2iyQzk3pOnEfouzUp9drF4T67OY=
-2,17,2BhHY9JbskgZK+3SmSMUdBQWbbE=,2iyQzk3pOnEfouzUp9drF4T67OY=
-3,18,2BhHY9JbskgZK+3SmSMUdBQWbbE=,2iyQzk3pOnEfouzUp9drF4T67OY=
-3,17,2BhHY9JbskgZK+3SmSMUdBQWbbE=,2iyQzk3pOnEfouzUp9drF4T67OY=
-2,22,o9PnAhfb5ikeXhfn+enBtGshJT8=,gUzBvQtiVD7Fg1E0x4uctHch1bU=
-2,20,o9PnAhfb5ikeXhfn+enBtGshJT8=,gUzBvQtiVD7Fg1E0x4uctHch1bU=
-3,19,A2GUytFwqlmixXvJduFoH8QL+s8=,2iyQzk3pOnEfouzUp9drF4T67OY=
-2,19,C9BrKXIbtzKx6Lh2QU/oeDBSq2E=,2iyQzk3pOnEfouzUp9drF4T67OY=
-3,20,o9PnAhfb5ikeXhfn+enBtGshJT8=,gUzBvQtiVD7Fg1E0x4uctHch1bU=
-3,22,o9PnAhfb5ikeXhfn+enBtGshJT8=,gUzBvQtiVD7Fg1E0x4uctHch1bU=
-3,21,o9PnAhfb5ikeXhfn+enBtGshJT8=,gUzBvQtiVD7Fg1E0x4uctHch1bU=
-2,21,o9PnAhfb5ikeXhfn+enBtGshJT8=,gUzBvQtiVD7Fg1E0x4uctHch1bU=
-4,18,rvtLrSibpYRyfx8RkrPzjqau4aE=,2iyQzk3pOnEfouzUp9drF4T67OY=
-4,17,yH5goc8j1eGFgPM8Itg0grggDBc=,2iyQzk3pOnEfouzUp9drF4T67OY=
-6,18,QFi0rs5ClN0d/qE4eiYgB7SSs1Q=,WH3Wm8Xl28oowalZcYC/GV4HP0I=
-7,17,2BhHY9JbskgZK+3SmSMUdBQWbbE=,WH3Wm8Xl28oowalZcYC/GV4HP0I=
-5,17,jPso6PUykOBnK8mxoBiF/viIjs8=,WH3Wm8Xl28oowalZcYC/GV4HP0I=
-7,18,jPso6PUykOBnK8mxoBiF/viIjs8=,WH3Wm8Xl28oowalZcYC/GV4HP0I=
-5,18,QFi0rs5ClN0d/qE4eiYgB7SSs1Q=,WH3Wm8Xl28oowalZcYC/GV4HP0I=
-6,17,2BhHY9JbskgZK+3SmSMUdBQWbbE=,WH3Wm8Xl28oowalZcYC/GV4HP0I=
-7,19,yL3z7PxR1U74n6i35Tq9zcQOd3I=,WH3Wm8Xl28oowalZcYC/GV4HP0I=
-7,21,A2GUytFwqlmixXvJduFoH8QL+s8=,A8xHqqdNeGx6kcXDNTpV2oR4IkI=
-4,22,o9PnAhfb5ikeXhfn+enBtGshJT8=,gUzBvQtiVD7Fg1E0x4uctHch1bU=
-5,20,jPso6PUykOBnK8mxoBiF/viIjs8=,A8xHqqdNeGx6kcXDNTpV2oR4IkI=
-4,20,o9PnAhfb5ikeXhfn+enBtGshJT8=,gUzBvQtiVD7Fg1E0x4uctHch1bU=
-6,21,2BhHY9JbskgZK+3SmSMUdBQWbbE=,A8xHqqdNeGx6kcXDNTpV2oR4IkI=
-6,20,A2GUytFwqlmixXvJduFoH8QL+s8=,A8xHqqdNeGx6kcXDNTpV2oR4IkI=
-5,21,jPso6PUykOBnK8mxoBiF/viIjs8=,A8xHqqdNeGx6kcXDNTpV2oR4IkI=
-7,20,A2GUytFwqlmixXvJduFoH8QL+s8=,A8xHqqdNeGx6kcXDNTpV2oR4IkI=
-5,19,A2GUytFwqlmixXvJduFoH8QL+s8=,WH3Wm8Xl28oowalZcYC/GV4HP0I=
-4,21,o9PnAhfb5ikeXhfn+enBtGshJT8=,gUzBvQtiVD7Fg1E0x4uctHch1bU=
-7,22,jPso6PUykOBnK8mxoBiF/viIjs8=,A8xHqqdNeGx6kcXDNTpV2oR4IkI=
-6,22,VTYD93cqeuZEvb3Rg6o8eUMQv74=,A8xHqqdNeGx6kcXDNTpV2oR4IkI=
-6,19,A2GUytFwqlmixXvJduFoH8QL+s8=,WH3Wm8Xl28oowalZcYC/GV4HP0I=
-5,22,A2GUytFwqlmixXvJduFoH8QL+s8=,A8xHqqdNeGx6kcXDNTpV2oR4IkI=
-4,19,A2GUytFwqlmixXvJduFoH8QL+s8=,2iyQzk3pOnEfouzUp9drF4T67OY=
-2,24,o9PnAhfb5ikeXhfn+enBtGshJT8=,FYy2JaY+72hq/zj9kRi7GHWAq9I=
-6,26,A2GUytFwqlmixXvJduFoH8QL+s8=,YxA6P4Wgp6l461eiYbUkTULFzsI=
-3,24,o9PnAhfb5ikeXhfn+enBtGshJT8=,FYy2JaY+72hq/zj9kRi7GHWAq9I=
-3,23,o9PnAhfb5ikeXhfn+enBtGshJT8=,gUzBvQtiVD7Fg1E0x4uctHch1bU=
-6,23,A2GUytFwqlmixXvJduFoH8QL+s8=,A8xHqqdNeGx6kcXDNTpV2oR4IkI=
-2,26,o9PnAhfb5ikeXhfn+enBtGshJT8=,FYy2JaY+72hq/zj9kRi7GHWAq9I=
-5,23,A2GUytFwqlmixXvJduFoH8QL+s8=,A8xHqqdNeGx6kcXDNTpV2oR4IkI=
-2,23,o9PnAhfb5ikeXhfn+enBtGshJT8=,gUzBvQtiVD7Fg1E0x4uctHch1bU=
-10,26,f/pD9MeMMGitS2sWFlUsfTK1YuI=,qnhn6Rz/1CWE7+cURdzGk0bsVds=
-4,24,o9PnAhfb5ikeXhfn+enBtGshJT8=,FYy2JaY+72hq/zj9kRi7GHWAq9I=
-5,26,A2GUytFwqlmixXvJduFoH8QL+s8=,YxA6P4Wgp6l461eiYbUkTULFzsI=
-3,25,o9PnAhfb5ikeXhfn+enBtGshJT8=,FYy2JaY+72hq/zj9kRi7GHWAq9I=
-3,26,o9PnAhfb5ikeXhfn+enBtGshJT8=,FYy2JaY+72hq/zj9kRi7GHWAq9I=
-2,25,o9PnAhfb5ikeXhfn+enBtGshJT8=,FYy2JaY+72hq/zj9kRi7GHWAq9I=
-11,26,f/pD9MeMMGitS2sWFlUsfTK1YuI=,qnhn6Rz/1CWE7+cURdzGk0bsVds=
-10,25,f/pD9MeMMGitS2sWFlUsfTK1YuI=,qnhn6Rz/1CWE7+cURdzGk0bsVds=
-9,26,f/pD9MeMMGitS2sWFlUsfTK1YuI=,qnhn6Rz/1CWE7+cURdzGk0bsVds=
-8,25,A2GUytFwqlmixXvJduFoH8QL+s8=,YxA6P4Wgp6l461eiYbUkTULFzsI=
-8,26,A2GUytFwqlmixXvJduFoH8QL+s8=,YxA6P4Wgp6l461eiYbUkTULFzsI=
-9,25,f/pD9MeMMGitS2sWFlUsfTK1YuI=,qnhn6Rz/1CWE7+cURdzGk0bsVds=
-11,25,f/pD9MeMMGitS2sWFlUsfTK1YuI=,qnhn6Rz/1CWE7+cURdzGk0bsVds=
-4,23,o9PnAhfb5ikeXhfn+enBtGshJT8=,gUzBvQtiVD7Fg1E0x4uctHch1bU=
-7,26,A2GUytFwqlmixXvJduFoH8QL+s8=,YxA6P4Wgp6l461eiYbUkTULFzsI=
-4,25,o9PnAhfb5ikeXhfn+enBtGshJT8=,FYy2JaY+72hq/zj9kRi7GHWAq9I=
-6,25,A2GUytFwqlmixXvJduFoH8QL+s8=,YxA6P4Wgp6l461eiYbUkTULFzsI=
-4,26,o9PnAhfb5ikeXhfn+enBtGshJT8=,FYy2JaY+72hq/zj9kRi7GHWAq9I=
-7,24,A2GUytFwqlmixXvJduFoH8QL+s8=,YxA6P4Wgp6l461eiYbUkTULFzsI=
-7,25,A2GUytFwqlmixXvJduFoH8QL+s8=,YxA6P4Wgp6l461eiYbUkTULFzsI=
-5,24,A2GUytFwqlmixXvJduFoH8QL+s8=,YxA6P4Wgp6l461eiYbUkTULFzsI=
-5,25,A2GUytFwqlmixXvJduFoH8QL+s8=,YxA6P4Wgp6l461eiYbUkTULFzsI=
-7,23,A2GUytFwqlmixXvJduFoH8QL+s8=,A8xHqqdNeGx6kcXDNTpV2oR4IkI=
-6,24,A2GUytFwqlmixXvJduFoH8QL+s8=,YxA6P4Wgp6l461eiYbUkTULFzsI=
-9,23,f/pD9MeMMGitS2sWFlUsfTK1YuI=,YsFAnoA3ZDg+QTKz/efoAvsvoNY=
-10,23,f/pD9MeMMGitS2sWFlUsfTK1YuI=,YsFAnoA3ZDg+QTKz/efoAvsvoNY=
-11,23,f/pD9MeMMGitS2sWFlUsfTK1YuI=,YsFAnoA3ZDg+QTKz/efoAvsvoNY=
-8,21,A2GUytFwqlmixXvJduFoH8QL+s8=,A8xHqqdNeGx6kcXDNTpV2oR4IkI=
-9,24,f/pD9MeMMGitS2sWFlUsfTK1YuI=,qnhn6Rz/1CWE7+cURdzGk0bsVds=
-9,22,f/pD9MeMMGitS2sWFlUsfTK1YuI=,YsFAnoA3ZDg+QTKz/efoAvsvoNY=
-8,22,A2GUytFwqlmixXvJduFoH8QL+s8=,A8xHqqdNeGx6kcXDNTpV2oR4IkI=
-11,24,f/pD9MeMMGitS2sWFlUsfTK1YuI=,qnhn6Rz/1CWE7+cURdzGk0bsVds=
-11,22,QnuTLVvXAq1Tv7RsJjAhQFytFtk=,YsFAnoA3ZDg+QTKz/efoAvsvoNY=
-8,23,A2GUytFwqlmixXvJduFoH8QL+s8=,A8xHqqdNeGx6kcXDNTpV2oR4IkI=
-11,21,QnuTLVvXAq1Tv7RsJjAhQFytFtk=,YsFAnoA3ZDg+QTKz/efoAvsvoNY=
-8,24,A2GUytFwqlmixXvJduFoH8QL+s8=,YxA6P4Wgp6l461eiYbUkTULFzsI=
-10,24,f/pD9MeMMGitS2sWFlUsfTK1YuI=,qnhn6Rz/1CWE7+cURdzGk0bsVds=
-10,21,QnuTLVvXAq1Tv7RsJjAhQFytFtk=,YsFAnoA3ZDg+QTKz/efoAvsvoNY=
-10,22,QnuTLVvXAq1Tv7RsJjAhQFytFtk=,YsFAnoA3ZDg+QTKz/efoAvsvoNY=
-15,26,f/pD9MeMMGitS2sWFlUsfTK1YuI=,uIPDv64IS6eyhAgRkbZG9VAClls=
-9,21,f/pD9MeMMGitS2sWFlUsfTK1YuI=,YsFAnoA3ZDg+QTKz/efoAvsvoNY=
-12,21,QnuTLVvXAq1Tv7RsJjAhQFytFtk=,YsFAnoA3ZDg+QTKz/efoAvsvoNY=
-10,19,QnuTLVvXAq1Tv7RsJjAhQFytFtk=,c6zHS6kHVjO1plrCP3hiOthX0iU=
-14,26,f/pD9MeMMGitS2sWFlUsfTK1YuI=,uIPDv64IS6eyhAgRkbZG9VAClls=
-13,24,f/pD9MeMMGitS2sWFlUsfTK1YuI=,uIPDv64IS6eyhAgRkbZG9VAClls=
-12,22,QnuTLVvXAq1Tv7RsJjAhQFytFtk=,YsFAnoA3ZDg+QTKz/efoAvsvoNY=
-14,24,f/pD9MeMMGitS2sWFlUsfTK1YuI=,uIPDv64IS6eyhAgRkbZG9VAClls=
-11,20,QnuTLVvXAq1Tv7RsJjAhQFytFtk=,YsFAnoA3ZDg+QTKz/efoAvsvoNY=
-13,26,f/pD9MeMMGitS2sWFlUsfTK1YuI=,uIPDv64IS6eyhAgRkbZG9VAClls=
-15,24,f/pD9MeMMGitS2sWFlUsfTK1YuI=,uIPDv64IS6eyhAgRkbZG9VAClls=
-15,21,fFWD1jygIVMHvzSU44TqW6DnGxA=,DtpHRMdgvZrMgmTw9Q3K1TPoewA=
-13,23,f/pD9MeMMGitS2sWFlUsfTK1YuI=,DtpHRMdgvZrMgmTw9Q3K1TPoewA=
-13,25,f/pD9MeMMGitS2sWFlUsfTK1YuI=,uIPDv64IS6eyhAgRkbZG9VAClls=
-10,20,QnuTLVvXAq1Tv7RsJjAhQFytFtk=,YsFAnoA3ZDg+QTKz/efoAvsvoNY=
-14,23,f/pD9MeMMGitS2sWFlUsfTK1YuI=,DtpHRMdgvZrMgmTw9Q3K1TPoewA=
-12,25,f/pD9MeMMGitS2sWFlUsfTK1YuI=,qnhn6Rz/1CWE7+cURdzGk0bsVds=
-12,24,f/pD9MeMMGitS2sWFlUsfTK1YuI=,qnhn6Rz/1CWE7+cURdzGk0bsVds=
-12,23,f/pD9MeMMGitS2sWFlUsfTK1YuI=,YsFAnoA3ZDg+QTKz/efoAvsvoNY=
-15,23,f/pD9MeMMGitS2sWFlUsfTK1YuI=,DtpHRMdgvZrMgmTw9Q3K1TPoewA=
-9,20,o9PnAhfb5ikeXhfn+enBtGshJT8=,YsFAnoA3ZDg+QTKz/efoAvsvoNY=
-13,22,QnuTLVvXAq1Tv7RsJjAhQFytFtk=,DtpHRMdgvZrMgmTw9Q3K1TPoewA=
-14,21,fFWD1jygIVMHvzSU44TqW6DnGxA=,DtpHRMdgvZrMgmTw9Q3K1TPoewA=
-14,25,f/pD9MeMMGitS2sWFlUsfTK1YuI=,uIPDv64IS6eyhAgRkbZG9VAClls=
-15,25,f/pD9MeMMGitS2sWFlUsfTK1YuI=,uIPDv64IS6eyhAgRkbZG9VAClls=
-12,26,f/pD9MeMMGitS2sWFlUsfTK1YuI=,qnhn6Rz/1CWE7+cURdzGk0bsVds=
-9,19,o9PnAhfb5ikeXhfn+enBtGshJT8=,c6zHS6kHVjO1plrCP3hiOthX0iU=
-13,21,QnuTLVvXAq1Tv7RsJjAhQFytFtk=,DtpHRMdgvZrMgmTw9Q3K1TPoewA=
-11,18,QnuTLVvXAq1Tv7RsJjAhQFytFtk=,c6zHS6kHVjO1plrCP3hiOthX0iU=
-8,19,A2GUytFwqlmixXvJduFoH8QL+s8=,WH3Wm8Xl28oowalZcYC/GV4HP0I=
-11,19,QnuTLVvXAq1Tv7RsJjAhQFytFtk=,c6zHS6kHVjO1plrCP3hiOthX0iU=
-11,17,QnuTLVvXAq1Tv7RsJjAhQFytFtk=,c6zHS6kHVjO1plrCP3hiOthX0iU=
-15,22,fFWD1jygIVMHvzSU44TqW6DnGxA=,DtpHRMdgvZrMgmTw9Q3K1TPoewA=
-9,17,o9PnAhfb5ikeXhfn+enBtGshJT8=,c6zHS6kHVjO1plrCP3hiOthX0iU=
-14,22,fFWD1jygIVMHvzSU44TqW6DnGxA=,DtpHRMdgvZrMgmTw9Q3K1TPoewA=
-8,18,A2GUytFwqlmixXvJduFoH8QL+s8=,WH3Wm8Xl28oowalZcYC/GV4HP0I=
-10,17,QnuTLVvXAq1Tv7RsJjAhQFytFtk=,c6zHS6kHVjO1plrCP3hiOthX0iU=
-10,18,QnuTLVvXAq1Tv7RsJjAhQFytFtk=,c6zHS6kHVjO1plrCP3hiOthX0iU=
-8,17,A2GUytFwqlmixXvJduFoH8QL+s8=,WH3Wm8Xl28oowalZcYC/GV4HP0I=
-8,20,A2GUytFwqlmixXvJduFoH8QL+s8=,A8xHqqdNeGx6kcXDNTpV2oR4IkI=
-9,18,o9PnAhfb5ikeXhfn+enBtGshJT8=,c6zHS6kHVjO1plrCP3hiOthX0iU=
-13,19,QnuTLVvXAq1Tv7RsJjAhQFytFtk=,Ax8Xm7Mmx2zcPUuwH9Xm2Jwd/Ag=
-12,20,QnuTLVvXAq1Tv7RsJjAhQFytFtk=,YsFAnoA3ZDg+QTKz/efoAvsvoNY=
-13,17,QnuTLVvXAq1Tv7RsJjAhQFytFtk=,Ax8Xm7Mmx2zcPUuwH9Xm2Jwd/Ag=
-14,18,QnuTLVvXAq1Tv7RsJjAhQFytFtk=,Ax8Xm7Mmx2zcPUuwH9Xm2Jwd/Ag=
-15,20,fFWD1jygIVMHvzSU44TqW6DnGxA=,DtpHRMdgvZrMgmTw9Q3K1TPoewA=
-14,19,fFWD1jygIVMHvzSU44TqW6DnGxA=,Ax8Xm7Mmx2zcPUuwH9Xm2Jwd/Ag=
-12,18,QnuTLVvXAq1Tv7RsJjAhQFytFtk=,c6zHS6kHVjO1plrCP3hiOthX0iU=
-15,18,fFWD1jygIVMHvzSU44TqW6DnGxA=,Ax8Xm7Mmx2zcPUuwH9Xm2Jwd/Ag=
-14,17,QnuTLVvXAq1Tv7RsJjAhQFytFtk=,Ax8Xm7Mmx2zcPUuwH9Xm2Jwd/Ag=
-14,20,fFWD1jygIVMHvzSU44TqW6DnGxA=,DtpHRMdgvZrMgmTw9Q3K1TPoewA=
-15,19,fFWD1jygIVMHvzSU44TqW6DnGxA=,Ax8Xm7Mmx2zcPUuwH9Xm2Jwd/Ag=
-12,19,QnuTLVvXAq1Tv7RsJjAhQFytFtk=,c6zHS6kHVjO1plrCP3hiOthX0iU=
-15,17,fFWD1jygIVMHvzSU44TqW6DnGxA=,Ax8Xm7Mmx2zcPUuwH9Xm2Jwd/Ag=
-12,17,QnuTLVvXAq1Tv7RsJjAhQFytFtk=,c6zHS6kHVjO1plrCP3hiOthX0iU=
-13,18,QnuTLVvXAq1Tv7RsJjAhQFytFtk=,Ax8Xm7Mmx2zcPUuwH9Xm2Jwd/Ag=
-13,20,QnuTLVvXAq1Tv7RsJjAhQFytFtk=,DtpHRMdgvZrMgmTw9Q3K1TPoewA=
-6,30,A2GUytFwqlmixXvJduFoH8QL+s8=,25CiCq0oIjtf3PqtLXugom6cDJ8=
-15,31,A2GUytFwqlmixXvJduFoH8QL+s8=,JV4glNO5mu+fr5VR8CthWgrjIt4=
-7,31,A2GUytFwqlmixXvJduFoH8QL+s8=,25CiCq0oIjtf3PqtLXugom6cDJ8=
-6,31,A2GUytFwqlmixXvJduFoH8QL+s8=,25CiCq0oIjtf3PqtLXugom6cDJ8=
-14,31,A2GUytFwqlmixXvJduFoH8QL+s8=,JV4glNO5mu+fr5VR8CthWgrjIt4=
-15,27,f/pD9MeMMGitS2sWFlUsfTK1YuI=,uIPDv64IS6eyhAgRkbZG9VAClls=
-7,27,A2GUytFwqlmixXvJduFoH8QL+s8=,YxA6P4Wgp6l461eiYbUkTULFzsI=
-6,27,A2GUytFwqlmixXvJduFoH8QL+s8=,YxA6P4Wgp6l461eiYbUkTULFzsI=
-14,27,f/pD9MeMMGitS2sWFlUsfTK1YuI=,uIPDv64IS6eyhAgRkbZG9VAClls=
-8,31,A2GUytFwqlmixXvJduFoH8QL+s8=,25CiCq0oIjtf3PqtLXugom6cDJ8=
-7,28,A2GUytFwqlmixXvJduFoH8QL+s8=,25CiCq0oIjtf3PqtLXugom6cDJ8=
-13,31,A2GUytFwqlmixXvJduFoH8QL+s8=,JV4glNO5mu+fr5VR8CthWgrjIt4=
-7,30,A2GUytFwqlmixXvJduFoH8QL+s8=,25CiCq0oIjtf3PqtLXugom6cDJ8=
-6,29,A2GUytFwqlmixXvJduFoH8QL+s8=,25CiCq0oIjtf3PqtLXugom6cDJ8=
-15,28,A2GUytFwqlmixXvJduFoH8QL+s8=,JV4glNO5mu+fr5VR8CthWgrjIt4=
-13,30,A2GUytFwqlmixXvJduFoH8QL+s8=,JV4glNO5mu+fr5VR8CthWgrjIt4=
-8,27,A2GUytFwqlmixXvJduFoH8QL+s8=,YxA6P4Wgp6l461eiYbUkTULFzsI=
-6,28,A2GUytFwqlmixXvJduFoH8QL+s8=,25CiCq0oIjtf3PqtLXugom6cDJ8=
-7,29,A2GUytFwqlmixXvJduFoH8QL+s8=,25CiCq0oIjtf3PqtLXugom6cDJ8=
-8,30,A2GUytFwqlmixXvJduFoH8QL+s8=,25CiCq0oIjtf3PqtLXugom6cDJ8=
-14,28,A2GUytFwqlmixXvJduFoH8QL+s8=,JV4glNO5mu+fr5VR8CthWgrjIt4=
-11,29,A2GUytFwqlmixXvJduFoH8QL+s8=,9rvvt5SFTslq8v+OHSiLhizcLVU=
-10,30,A2GUytFwqlmixXvJduFoH8QL+s8=,9rvvt5SFTslq8v+OHSiLhizcLVU=
-11,28,A2GUytFwqlmixXvJduFoH8QL+s8=,9rvvt5SFTslq8v+OHSiLhizcLVU=
-14,30,A2GUytFwqlmixXvJduFoH8QL+s8=,JV4glNO5mu+fr5VR8CthWgrjIt4=
-12,28,A2GUytFwqlmixXvJduFoH8QL+s8=,9rvvt5SFTslq8v+OHSiLhizcLVU=
-15,29,A2GUytFwqlmixXvJduFoH8QL+s8=,JV4glNO5mu+fr5VR8CthWgrjIt4=
-15,30,A2GUytFwqlmixXvJduFoH8QL+s8=,JV4glNO5mu+fr5VR8CthWgrjIt4=
-9,30,A2GUytFwqlmixXvJduFoH8QL+s8=,9rvvt5SFTslq8v+OHSiLhizcLVU=
-13,29,A2GUytFwqlmixXvJduFoH8QL+s8=,JV4glNO5mu+fr5VR8CthWgrjIt4=
-9,29,A2GUytFwqlmixXvJduFoH8QL+s8=,9rvvt5SFTslq8v+OHSiLhizcLVU=
-14,29,A2GUytFwqlmixXvJduFoH8QL+s8=,JV4glNO5mu+fr5VR8CthWgrjIt4=
-8,29,A2GUytFwqlmixXvJduFoH8QL+s8=,25CiCq0oIjtf3PqtLXugom6cDJ8=
-12,27,f/pD9MeMMGitS2sWFlUsfTK1YuI=,qnhn6Rz/1CWE7+cURdzGk0bsVds=
-16,31,A2GUytFwqlmixXvJduFoH8QL+s8=,JV4glNO5mu+fr5VR8CthWgrjIt4=
-12,31,A2GUytFwqlmixXvJduFoH8QL+s8=,9rvvt5SFTslq8v+OHSiLhizcLVU=
-11,31,A2GUytFwqlmixXvJduFoH8QL+s8=,9rvvt5SFTslq8v+OHSiLhizcLVU=
-10,29,A2GUytFwqlmixXvJduFoH8QL+s8=,9rvvt5SFTslq8v+OHSiLhizcLVU=
-16,29,A2GUytFwqlmixXvJduFoH8QL+s8=,JV4glNO5mu+fr5VR8CthWgrjIt4=
-16,30,A2GUytFwqlmixXvJduFoH8QL+s8=,JV4glNO5mu+fr5VR8CthWgrjIt4=
-11,27,f/pD9MeMMGitS2sWFlUsfTK1YuI=,qnhn6Rz/1CWE7+cURdzGk0bsVds=
-10,31,A2GUytFwqlmixXvJduFoH8QL+s8=,9rvvt5SFTslq8v+OHSiLhizcLVU=
-13,28,A2GUytFwqlmixXvJduFoH8QL+s8=,JV4glNO5mu+fr5VR8CthWgrjIt4=
-11,30,A2GUytFwqlmixXvJduFoH8QL+s8=,9rvvt5SFTslq8v+OHSiLhizcLVU=
-12,30,A2GUytFwqlmixXvJduFoH8QL+s8=,9rvvt5SFTslq8v+OHSiLhizcLVU=
-12,29,A2GUytFwqlmixXvJduFoH8QL+s8=,9rvvt5SFTslq8v+OHSiLhizcLVU=
-10,27,f/pD9MeMMGitS2sWFlUsfTK1YuI=,qnhn6Rz/1CWE7+cURdzGk0bsVds=
-9,28,A2GUytFwqlmixXvJduFoH8QL+s8=,9rvvt5SFTslq8v+OHSiLhizcLVU=
-13,27,f/pD9MeMMGitS2sWFlUsfTK1YuI=,uIPDv64IS6eyhAgRkbZG9VAClls=
-8,28,A2GUytFwqlmixXvJduFoH8QL+s8=,25CiCq0oIjtf3PqtLXugom6cDJ8=
-10,28,A2GUytFwqlmixXvJduFoH8QL+s8=,9rvvt5SFTslq8v+OHSiLhizcLVU=
-9,27,f/pD9MeMMGitS2sWFlUsfTK1YuI=,qnhn6Rz/1CWE7+cURdzGk0bsVds=
-9,31,A2GUytFwqlmixXvJduFoH8QL+s8=,9rvvt5SFTslq8v+OHSiLhizcLVU=
-16,26,f/pD9MeMMGitS2sWFlUsfTK1YuI=,uIPDv64IS6eyhAgRkbZG9VAClls=
-16,25,f/pD9MeMMGitS2sWFlUsfTK1YuI=,uIPDv64IS6eyhAgRkbZG9VAClls=
-1,25,o9PnAhfb5ikeXhfn+enBtGshJT8=,FYy2JaY+72hq/zj9kRi7GHWAq9I=
-16,27,o9PnAhfb5ikeXhfn+enBtGshJT8=,uIPDv64IS6eyhAgRkbZG9VAClls=
-1,26,o9PnAhfb5ikeXhfn+enBtGshJT8=,FYy2JaY+72hq/zj9kRi7GHWAq9I=
-16,21,o9PnAhfb5ikeXhfn+enBtGshJT8=,DtpHRMdgvZrMgmTw9Q3K1TPoewA=
-5,30,A2GUytFwqlmixXvJduFoH8QL+s8=,25CiCq0oIjtf3PqtLXugom6cDJ8=
-16,28,A2GUytFwqlmixXvJduFoH8QL+s8=,JV4glNO5mu+fr5VR8CthWgrjIt4=
-16,23,f/pD9MeMMGitS2sWFlUsfTK1YuI=,DtpHRMdgvZrMgmTw9Q3K1TPoewA=
-16,24,f/pD9MeMMGitS2sWFlUsfTK1YuI=,uIPDv64IS6eyhAgRkbZG9VAClls=
-16,22,o9PnAhfb5ikeXhfn+enBtGshJT8=,DtpHRMdgvZrMgmTw9Q3K1TPoewA=
-1,31,A2GUytFwqlmixXvJduFoH8QL+s8=,vwDweVac2Fet1t+/4oooOjQ8RoY=
-5,29,A2GUytFwqlmixXvJduFoH8QL+s8=,25CiCq0oIjtf3PqtLXugom6cDJ8=
-2,31,A2GUytFwqlmixXvJduFoH8QL+s8=,vwDweVac2Fet1t+/4oooOjQ8RoY=
-4,28,A2GUytFwqlmixXvJduFoH8QL+s8=,vwDweVac2Fet1t+/4oooOjQ8RoY=
-4,31,A2GUytFwqlmixXvJduFoH8QL+s8=,vwDweVac2Fet1t+/4oooOjQ8RoY=
-1,27,o9PnAhfb5ikeXhfn+enBtGshJT8=,FYy2JaY+72hq/zj9kRi7GHWAq9I=
-3,31,A2GUytFwqlmixXvJduFoH8QL+s8=,vwDweVac2Fet1t+/4oooOjQ8RoY=
-3,27,o9PnAhfb5ikeXhfn+enBtGshJT8=,FYy2JaY+72hq/zj9kRi7GHWAq9I=
-2,27,o9PnAhfb5ikeXhfn+enBtGshJT8=,FYy2JaY+72hq/zj9kRi7GHWAq9I=
-3,28,A2GUytFwqlmixXvJduFoH8QL+s8=,vwDweVac2Fet1t+/4oooOjQ8RoY=
-5,28,A2GUytFwqlmixXvJduFoH8QL+s8=,25CiCq0oIjtf3PqtLXugom6cDJ8=
-4,27,o9PnAhfb5ikeXhfn+enBtGshJT8=,FYy2JaY+72hq/zj9kRi7GHWAq9I=
-1,30,A2GUytFwqlmixXvJduFoH8QL+s8=,vwDweVac2Fet1t+/4oooOjQ8RoY=
-5,27,A2GUytFwqlmixXvJduFoH8QL+s8=,YxA6P4Wgp6l461eiYbUkTULFzsI=
-2,30,A2GUytFwqlmixXvJduFoH8QL+s8=,vwDweVac2Fet1t+/4oooOjQ8RoY=
-2,28,A2GUytFwqlmixXvJduFoH8QL+s8=,vwDweVac2Fet1t+/4oooOjQ8RoY=
-3,30,A2GUytFwqlmixXvJduFoH8QL+s8=,vwDweVac2Fet1t+/4oooOjQ8RoY=
-4,30,A2GUytFwqlmixXvJduFoH8QL+s8=,vwDweVac2Fet1t+/4oooOjQ8RoY=
-1,29,A2GUytFwqlmixXvJduFoH8QL+s8=,vwDweVac2Fet1t+/4oooOjQ8RoY=
-2,29,A2GUytFwqlmixXvJduFoH8QL+s8=,vwDweVac2Fet1t+/4oooOjQ8RoY=
-5,31,A2GUytFwqlmixXvJduFoH8QL+s8=,25CiCq0oIjtf3PqtLXugom6cDJ8=
-3,29,A2GUytFwqlmixXvJduFoH8QL+s8=,vwDweVac2Fet1t+/4oooOjQ8RoY=
-1,28,A2GUytFwqlmixXvJduFoH8QL+s8=,vwDweVac2Fet1t+/4oooOjQ8RoY=
-4,29,A2GUytFwqlmixXvJduFoH8QL+s8=,vwDweVac2Fet1t+/4oooOjQ8RoY=
-2,16,A2GUytFwqlmixXvJduFoH8QL+s8=,2iyQzk3pOnEfouzUp9drF4T67OY=
-1,22,o9PnAhfb5ikeXhfn+enBtGshJT8=,gUzBvQtiVD7Fg1E0x4uctHch1bU=
-3,16,A2GUytFwqlmixXvJduFoH8QL+s8=,2iyQzk3pOnEfouzUp9drF4T67OY=
-1,23,o9PnAhfb5ikeXhfn+enBtGshJT8=,gUzBvQtiVD7Fg1E0x4uctHch1bU=
-1,21,o9PnAhfb5ikeXhfn+enBtGshJT8=,gUzBvQtiVD7Fg1E0x4uctHch1bU=
-1,24,o9PnAhfb5ikeXhfn+enBtGshJT8=,FYy2JaY+72hq/zj9kRi7GHWAq9I=
-1,20,o9PnAhfb5ikeXhfn+enBtGshJT8=,gUzBvQtiVD7Fg1E0x4uctHch1bU=
-1,19,A2GUytFwqlmixXvJduFoH8QL+s8=,2iyQzk3pOnEfouzUp9drF4T67OY=
-1,18,A2GUytFwqlmixXvJduFoH8QL+s8=,2iyQzk3pOnEfouzUp9drF4T67OY=
-1,17,A2GUytFwqlmixXvJduFoH8QL+s8=,2iyQzk3pOnEfouzUp9drF4T67OY=
-7,16,A2GUytFwqlmixXvJduFoH8QL+s8=,WH3Wm8Xl28oowalZcYC/GV4HP0I=
-5,16,A2GUytFwqlmixXvJduFoH8QL+s8=,WH3Wm8Xl28oowalZcYC/GV4HP0I=
-4,16,A2GUytFwqlmixXvJduFoH8QL+s8=,2iyQzk3pOnEfouzUp9drF4T67OY=
-6,16,A2GUytFwqlmixXvJduFoH8QL+s8=,WH3Wm8Xl28oowalZcYC/GV4HP0I=
-1,16,A2GUytFwqlmixXvJduFoH8QL+s8=,2iyQzk3pOnEfouzUp9drF4T67OY=
-12,16,f/pD9MeMMGitS2sWFlUsfTK1YuI=,c6zHS6kHVjO1plrCP3hiOthX0iU=
-15,16,f/pD9MeMMGitS2sWFlUsfTK1YuI=,Ax8Xm7Mmx2zcPUuwH9Xm2Jwd/Ag=
-14,16,f/pD9MeMMGitS2sWFlUsfTK1YuI=,Ax8Xm7Mmx2zcPUuwH9Xm2Jwd/Ag=
-9,16,o9PnAhfb5ikeXhfn+enBtGshJT8=,c6zHS6kHVjO1plrCP3hiOthX0iU=
-8,16,A2GUytFwqlmixXvJduFoH8QL+s8=,WH3Wm8Xl28oowalZcYC/GV4HP0I=
-16,16,f/pD9MeMMGitS2sWFlUsfTK1YuI=,Ax8Xm7Mmx2zcPUuwH9Xm2Jwd/Ag=
-10,16,f/pD9MeMMGitS2sWFlUsfTK1YuI=,c6zHS6kHVjO1plrCP3hiOthX0iU=
-11,16,f/pD9MeMMGitS2sWFlUsfTK1YuI=,c6zHS6kHVjO1plrCP3hiOthX0iU=
-16,18,o9PnAhfb5ikeXhfn+enBtGshJT8=,Ax8Xm7Mmx2zcPUuwH9Xm2Jwd/Ag=
-16,17,o9PnAhfb5ikeXhfn+enBtGshJT8=,Ax8Xm7Mmx2zcPUuwH9Xm2Jwd/Ag=
-16,19,o9PnAhfb5ikeXhfn+enBtGshJT8=,Ax8Xm7Mmx2zcPUuwH9Xm2Jwd/Ag=
-13,16,f/pD9MeMMGitS2sWFlUsfTK1YuI=,Ax8Xm7Mmx2zcPUuwH9Xm2Jwd/Ag=
-16,20,o9PnAhfb5ikeXhfn+enBtGshJT8=,DtpHRMdgvZrMgmTw9Q3K1TPoewA=
-11,5,/jNrXC3zcx2O7NFxzMvJHPNHmus=,J8YamhEL1ZLWMNgYXkT0EGDBLDM=
-10,6,/jNrXC3zcx2O7NFxzMvJHPNHmus=,J8YamhEL1ZLWMNgYXkT0EGDBLDM=
-10,5,/jNrXC3zcx2O7NFxzMvJHPNHmus=,J8YamhEL1ZLWMNgYXkT0EGDBLDM=
-11,6,/jNrXC3zcx2O7NFxzMvJHPNHmus=,J8YamhEL1ZLWMNgYXkT0EGDBLDM=
-9,5,/jNrXC3zcx2O7NFxzMvJHPNHmus=,J8YamhEL1ZLWMNgYXkT0EGDBLDM=
-6,6,Uw29rBZLEco54n+nXcCZlCbAk4E=,E4ZjXjlw3UpD6xOtpAZbouY+FSU=
-9,6,/jNrXC3zcx2O7NFxzMvJHPNHmus=,J8YamhEL1ZLWMNgYXkT0EGDBLDM=
-4,5,/lW2kM+/wn2ekLS+lBvkLcUiWFE=,GPEaCQyDJZmcj1gC798XXTzZp+M=
-8,5,Uw29rBZLEco54n+nXcCZlCbAk4E=,E4ZjXjlw3UpD6xOtpAZbouY+FSU=
-3,5,/lW2kM+/wn2ekLS+lBvkLcUiWFE=,GPEaCQyDJZmcj1gC798XXTzZp+M=
-7,5,Uw29rBZLEco54n+nXcCZlCbAk4E=,E4ZjXjlw3UpD6xOtpAZbouY+FSU=
-2,5,/lW2kM+/wn2ekLS+lBvkLcUiWFE=,GPEaCQyDJZmcj1gC798XXTzZp+M=
-7,6,Uw29rBZLEco54n+nXcCZlCbAk4E=,E4ZjXjlw3UpD6xOtpAZbouY+FSU=
-6,5,Uw29rBZLEco54n+nXcCZlCbAk4E=,E4ZjXjlw3UpD6xOtpAZbouY+FSU=
-5,5,Uw29rBZLEco54n+nXcCZlCbAk4E=,E4ZjXjlw3UpD6xOtpAZbouY+FSU=
-8,6,Uw29rBZLEco54n+nXcCZlCbAk4E=,E4ZjXjlw3UpD6xOtpAZbouY+FSU=
-4,6,/lW2kM+/wn2ekLS+lBvkLcUiWFE=,GPEaCQyDJZmcj1gC798XXTzZp+M=
-3,6,/lW2kM+/wn2ekLS+lBvkLcUiWFE=,GPEaCQyDJZmcj1gC798XXTzZp+M=
-5,6,Uw29rBZLEco54n+nXcCZlCbAk4E=,E4ZjXjlw3UpD6xOtpAZbouY+FSU=
-2,6,/lW2kM+/wn2ekLS+lBvkLcUiWFE=,GPEaCQyDJZmcj1gC798XXTzZp+M=
-12,5,/jNrXC3zcx2O7NFxzMvJHPNHmus=,J8YamhEL1ZLWMNgYXkT0EGDBLDM=
-14,5,/jNrXC3zcx2O7NFxzMvJHPNHmus=,DFmt39DjnBL5rGafqpaHASGLfQM=
-13,6,/jNrXC3zcx2O7NFxzMvJHPNHmus=,DFmt39DjnBL5rGafqpaHASGLfQM=
-15,5,/jNrXC3zcx2O7NFxzMvJHPNHmus=,DFmt39DjnBL5rGafqpaHASGLfQM=
-15,6,/jNrXC3zcx2O7NFxzMvJHPNHmus=,DFmt39DjnBL5rGafqpaHASGLfQM=
-14,6,/jNrXC3zcx2O7NFxzMvJHPNHmus=,DFmt39DjnBL5rGafqpaHASGLfQM=
-13,5,/jNrXC3zcx2O7NFxzMvJHPNHmus=,DFmt39DjnBL5rGafqpaHASGLfQM=
-12,6,/jNrXC3zcx2O7NFxzMvJHPNHmus=,J8YamhEL1ZLWMNgYXkT0EGDBLDM=
-7,2,H6kpgfhqjvIqbqs/0YBWc3K8fpU=,xs0SbLkX+QjIzY0Cl9mIRMq/1NU=
-7,1,H6kpgfhqjvIqbqs/0YBWc3K8fpU=,xs0SbLkX+QjIzY0Cl9mIRMq/1NU=
-7,3,H6kpgfhqjvIqbqs/0YBWc3K8fpU=,xs0SbLkX+QjIzY0Cl9mIRMq/1NU=
-6,1,H6kpgfhqjvIqbqs/0YBWc3K8fpU=,xs0SbLkX+QjIzY0Cl9mIRMq/1NU=
-6,2,H6kpgfhqjvIqbqs/0YBWc3K8fpU=,xs0SbLkX+QjIzY0Cl9mIRMq/1NU=
-6,4,Uw29rBZLEco54n+nXcCZlCbAk4E=,E4ZjXjlw3UpD6xOtpAZbouY+FSU=
-6,3,H6kpgfhqjvIqbqs/0YBWc3K8fpU=,xs0SbLkX+QjIzY0Cl9mIRMq/1NU=
-7,4,Uw29rBZLEco54n+nXcCZlCbAk4E=,E4ZjXjlw3UpD6xOtpAZbouY+FSU=
-10,4,x2nyQpD5OI8Mz48J58SYvHF0StA=,J8YamhEL1ZLWMNgYXkT0EGDBLDM=
-11,4,x2nyQpD5OI8Mz48J58SYvHF0StA=,J8YamhEL1ZLWMNgYXkT0EGDBLDM=
-11,1,Uw29rBZLEco54n+nXcCZlCbAk4E=,9JWAQWpxv3Ui2uEUer7gTAMM8Pw=
-8,3,x2nyQpD5OI8Mz48J58SYvHF0StA=,xs0SbLkX+QjIzY0Cl9mIRMq/1NU=
-11,0,Uw29rBZLEco54n+nXcCZlCbAk4E=,9JWAQWpxv3Ui2uEUer7gTAMM8Pw=
-8,2,x2nyQpD5OI8Mz48J58SYvHF0StA=,xs0SbLkX+QjIzY0Cl9mIRMq/1NU=
-10,0,Uw29rBZLEco54n+nXcCZlCbAk4E=,9JWAQWpxv3Ui2uEUer7gTAMM8Pw=
-9,4,x2nyQpD5OI8Mz48J58SYvHF0StA=,J8YamhEL1ZLWMNgYXkT0EGDBLDM=
-10,1,Uw29rBZLEco54n+nXcCZlCbAk4E=,9JWAQWpxv3Ui2uEUer7gTAMM8Pw=
-9,3,Uw29rBZLEco54n+nXcCZlCbAk4E=,9JWAQWpxv3Ui2uEUer7gTAMM8Pw=
-8,1,x2nyQpD5OI8Mz48J58SYvHF0StA=,xs0SbLkX+QjIzY0Cl9mIRMq/1NU=
-9,1,Uw29rBZLEco54n+nXcCZlCbAk4E=,9JWAQWpxv3Ui2uEUer7gTAMM8Pw=
-8,4,Uw29rBZLEco54n+nXcCZlCbAk4E=,E4ZjXjlw3UpD6xOtpAZbouY+FSU=
-10,3,Uw29rBZLEco54n+nXcCZlCbAk4E=,9JWAQWpxv3Ui2uEUer7gTAMM8Pw=
-9,2,Uw29rBZLEco54n+nXcCZlCbAk4E=,9JWAQWpxv3Ui2uEUer7gTAMM8Pw=
-11,2,ukCqZNDXnFMXsvJ3Srr8QGyoFy0=,9JWAQWpxv3Ui2uEUer7gTAMM8Pw=
-11,3,rOFsqs8huQSxxzJkkhKGwm4cRDg=,9JWAQWpxv3Ui2uEUer7gTAMM8Pw=
-10,2,rOFsqs8huQSxxzJkkhKGwm4cRDg=,9JWAQWpxv3Ui2uEUer7gTAMM8Pw=
-4,3,H6kpgfhqjvIqbqs/0YBWc3K8fpU=,ioxYfd1hTDd0c5SEWhXBdV+r5go=
-5,2,H6kpgfhqjvIqbqs/0YBWc3K8fpU=,xs0SbLkX+QjIzY0Cl9mIRMq/1NU=
-2,2,H6kpgfhqjvIqbqs/0YBWc3K8fpU=,ioxYfd1hTDd0c5SEWhXBdV+r5go=
-1,2,yf0U7B01fK4V411iTqEaMPvq83c=,ioxYfd1hTDd0c5SEWhXBdV+r5go=
-2,0,yf0U7B01fK4V411iTqEaMPvq83c=,ioxYfd1hTDd0c5SEWhXBdV+r5go=
-14,1,x2nyQpD5OI8Mz48J58SYvHF0StA=,JpZDcgz3y4hpuiQrRD3dtVu9ELk=
-2,3,H6kpgfhqjvIqbqs/0YBWc3K8fpU=,ioxYfd1hTDd0c5SEWhXBdV+r5go=
-4,1,H6kpgfhqjvIqbqs/0YBWc3K8fpU=,ioxYfd1hTDd0c5SEWhXBdV+r5go=
-3,2,H6kpgfhqjvIqbqs/0YBWc3K8fpU=,ioxYfd1hTDd0c5SEWhXBdV+r5go=
-3,3,H6kpgfhqjvIqbqs/0YBWc3K8fpU=,ioxYfd1hTDd0c5SEWhXBdV+r5go=
-12,1,Uw29rBZLEco54n+nXcCZlCbAk4E=,9JWAQWpxv3Ui2uEUer7gTAMM8Pw=
-5,1,H6kpgfhqjvIqbqs/0YBWc3K8fpU=,xs0SbLkX+QjIzY0Cl9mIRMq/1NU=
-14,4,x2nyQpD5OI8Mz48J58SYvHF0StA=,DFmt39DjnBL5rGafqpaHASGLfQM=
-13,4,x2nyQpD5OI8Mz48J58SYvHF0StA=,DFmt39DjnBL5rGafqpaHASGLfQM=
-3,1,H6kpgfhqjvIqbqs/0YBWc3K8fpU=,ioxYfd1hTDd0c5SEWhXBdV+r5go=
-12,4,x2nyQpD5OI8Mz48J58SYvHF0StA=,J8YamhEL1ZLWMNgYXkT0EGDBLDM=
-4,2,H6kpgfhqjvIqbqs/0YBWc3K8fpU=,ioxYfd1hTDd0c5SEWhXBdV+r5go=
-14,2,x2nyQpD5OI8Mz48J58SYvHF0StA=,JpZDcgz3y4hpuiQrRD3dtVu9ELk=
-2,4,H6kpgfhqjvIqbqs/0YBWc3K8fpU=,GPEaCQyDJZmcj1gC798XXTzZp+M=
-4,4,H6kpgfhqjvIqbqs/0YBWc3K8fpU=,GPEaCQyDJZmcj1gC798XXTzZp+M=
-3,4,H6kpgfhqjvIqbqs/0YBWc3K8fpU=,GPEaCQyDJZmcj1gC798XXTzZp+M=
-5,3,H6kpgfhqjvIqbqs/0YBWc3K8fpU=,xs0SbLkX+QjIzY0Cl9mIRMq/1NU=
-15,4,x2nyQpD5OI8Mz48J58SYvHF0StA=,DFmt39DjnBL5rGafqpaHASGLfQM=
-5,4,Uw29rBZLEco54n+nXcCZlCbAk4E=,E4ZjXjlw3UpD6xOtpAZbouY+FSU=
-1,1,yf0U7B01fK4V411iTqEaMPvq83c=,ioxYfd1hTDd0c5SEWhXBdV+r5go=
-3,0,yf0U7B01fK4V411iTqEaMPvq83c=,ioxYfd1hTDd0c5SEWhXBdV+r5go=
-2,1,H6kpgfhqjvIqbqs/0YBWc3K8fpU=,ioxYfd1hTDd0c5SEWhXBdV+r5go=
-13,1,x2nyQpD5OI8Mz48J58SYvHF0StA=,JpZDcgz3y4hpuiQrRD3dtVu9ELk=
-15,1,x2nyQpD5OI8Mz48J58SYvHF0StA=,JpZDcgz3y4hpuiQrRD3dtVu9ELk=
-13,3,x2nyQpD5OI8Mz48J58SYvHF0StA=,JpZDcgz3y4hpuiQrRD3dtVu9ELk=
-14,3,x2nyQpD5OI8Mz48J58SYvHF0StA=,JpZDcgz3y4hpuiQrRD3dtVu9ELk=
-12,3,Uw29rBZLEco54n+nXcCZlCbAk4E=,9JWAQWpxv3Ui2uEUer7gTAMM8Pw=
-15,2,x2nyQpD5OI8Mz48J58SYvHF0StA=,JpZDcgz3y4hpuiQrRD3dtVu9ELk=
-13,2,x2nyQpD5OI8Mz48J58SYvHF0StA=,JpZDcgz3y4hpuiQrRD3dtVu9ELk=
-15,3,x2nyQpD5OI8Mz48J58SYvHF0StA=,JpZDcgz3y4hpuiQrRD3dtVu9ELk=
-12,2,Uw29rBZLEco54n+nXcCZlCbAk4E=,9JWAQWpxv3Ui2uEUer7gTAMM8Pw=
-16,2,x2nyQpD5OI8Mz48J58SYvHF0StA=,JpZDcgz3y4hpuiQrRD3dtVu9ELk=
-16,1,x2nyQpD5OI8Mz48J58SYvHF0StA=,JpZDcgz3y4hpuiQrRD3dtVu9ELk=
-15,0,x2nyQpD5OI8Mz48J58SYvHF0StA=,JpZDcgz3y4hpuiQrRD3dtVu9ELk=
-12,0,Uw29rBZLEco54n+nXcCZlCbAk4E=,9JWAQWpxv3Ui2uEUer7gTAMM8Pw=
-13,0,x2nyQpD5OI8Mz48J58SYvHF0StA=,JpZDcgz3y4hpuiQrRD3dtVu9ELk=
-14,0,x2nyQpD5OI8Mz48J58SYvHF0StA=,JpZDcgz3y4hpuiQrRD3dtVu9ELk=
-1,4,yf0U7B01fK4V411iTqEaMPvq83c=,GPEaCQyDJZmcj1gC798XXTzZp+M=
-1,3,yf0U7B01fK4V411iTqEaMPvq83c=,ioxYfd1hTDd0c5SEWhXBdV+r5go=
-1,6,yf0U7B01fK4V411iTqEaMPvq83c=,GPEaCQyDJZmcj1gC798XXTzZp+M=
-1,5,yf0U7B01fK4V411iTqEaMPvq83c=,GPEaCQyDJZmcj1gC798XXTzZp+M=
-7,9,VQVfBcMs4xy/i/QJTA6L6GUxGCQ=,F1obCjuz5vyJYOCb32nhCwKCEvY=
-7,7,Uw29rBZLEco54n+nXcCZlCbAk4E=,E4ZjXjlw3UpD6xOtpAZbouY+FSU=
-6,9,VQVfBcMs4xy/i/QJTA6L6GUxGCQ=,F1obCjuz5vyJYOCb32nhCwKCEvY=
-7,10,VQVfBcMs4xy/i/QJTA6L6GUxGCQ=,F1obCjuz5vyJYOCb32nhCwKCEvY=
-6,10,VQVfBcMs4xy/i/QJTA6L6GUxGCQ=,F1obCjuz5vyJYOCb32nhCwKCEvY=
-4,7,yf0U7B01fK4V411iTqEaMPvq83c=,GPEaCQyDJZmcj1gC798XXTzZp+M=
-6,8,VQVfBcMs4xy/i/QJTA6L6GUxGCQ=,F1obCjuz5vyJYOCb32nhCwKCEvY=
-2,8,Uw29rBZLEco54n+nXcCZlCbAk4E=,si5nGttZvJ8T8LM1RF+75Os4/Hw=
-7,13,yf0U7B01fK4V411iTqEaMPvq83c=,Ryi3AzN625nnCeI/2JGDLZ+3ZaI=
-6,7,Uw29rBZLEco54n+nXcCZlCbAk4E=,E4ZjXjlw3UpD6xOtpAZbouY+FSU=
-5,8,yf0U7B01fK4V411iTqEaMPvq83c=,F1obCjuz5vyJYOCb32nhCwKCEvY=
-4,9,Uw29rBZLEco54n+nXcCZlCbAk4E=,si5nGttZvJ8T8LM1RF+75Os4/Hw=
-6,12,VQVfBcMs4xy/i/QJTA6L6GUxGCQ=,Ryi3AzN625nnCeI/2JGDLZ+3ZaI=
-4,13,yf0U7B01fK4V411iTqEaMPvq83c=,B9Bw3x2Tb3g8Eox/NMFmuGh/pWk=
-5,7,Uw29rBZLEco54n+nXcCZlCbAk4E=,E4ZjXjlw3UpD6xOtpAZbouY+FSU=
-7,8,VQVfBcMs4xy/i/QJTA6L6GUxGCQ=,F1obCjuz5vyJYOCb32nhCwKCEvY=
-3,7,yf0U7B01fK4V411iTqEaMPvq83c=,GPEaCQyDJZmcj1gC798XXTzZp+M=
-2,12,yf0U7B01fK4V411iTqEaMPvq83c=,B9Bw3x2Tb3g8Eox/NMFmuGh/pWk=
-7,11,yf0U7B01fK4V411iTqEaMPvq83c=,F1obCjuz5vyJYOCb32nhCwKCEvY=
-3,13,yf0U7B01fK4V411iTqEaMPvq83c=,B9Bw3x2Tb3g8Eox/NMFmuGh/pWk=
-3,9,Uw29rBZLEco54n+nXcCZlCbAk4E=,si5nGttZvJ8T8LM1RF+75Os4/Hw=
-3,12,yf0U7B01fK4V411iTqEaMPvq83c=,B9Bw3x2Tb3g8Eox/NMFmuGh/pWk=
-5,12,yf0U7B01fK4V411iTqEaMPvq83c=,Ryi3AzN625nnCeI/2JGDLZ+3ZaI=
-6,13,yf0U7B01fK4V411iTqEaMPvq83c=,Ryi3AzN625nnCeI/2JGDLZ+3ZaI=
-2,13,yf0U7B01fK4V411iTqEaMPvq83c=,B9Bw3x2Tb3g8Eox/NMFmuGh/pWk=
-2,7,yf0U7B01fK4V411iTqEaMPvq83c=,GPEaCQyDJZmcj1gC798XXTzZp+M=
-3,8,Uw29rBZLEco54n+nXcCZlCbAk4E=,si5nGttZvJ8T8LM1RF+75Os4/Hw=
-4,8,Uw29rBZLEco54n+nXcCZlCbAk4E=,si5nGttZvJ8T8LM1RF+75Os4/Hw=
-4,11,Uw29rBZLEco54n+nXcCZlCbAk4E=,si5nGttZvJ8T8LM1RF+75Os4/Hw=
-5,9,yf0U7B01fK4V411iTqEaMPvq83c=,F1obCjuz5vyJYOCb32nhCwKCEvY=
-6,11,yf0U7B01fK4V411iTqEaMPvq83c=,F1obCjuz5vyJYOCb32nhCwKCEvY=
-2,10,Uw29rBZLEco54n+nXcCZlCbAk4E=,si5nGttZvJ8T8LM1RF+75Os4/Hw=
-4,14,yf0U7B01fK4V411iTqEaMPvq83c=,B9Bw3x2Tb3g8Eox/NMFmuGh/pWk=
-5,10,yf0U7B01fK4V411iTqEaMPvq83c=,F1obCjuz5vyJYOCb32nhCwKCEvY=
-4,12,yf0U7B01fK4V411iTqEaMPvq83c=,B9Bw3x2Tb3g8Eox/NMFmuGh/pWk=
-7,14,VQVfBcMs4xy/i/QJTA6L6GUxGCQ=,Ryi3AzN625nnCeI/2JGDLZ+3ZaI=
-3,14,yf0U7B01fK4V411iTqEaMPvq83c=,B9Bw3x2Tb3g8Eox/NMFmuGh/pWk=
-2,9,Uw29rBZLEco54n+nXcCZlCbAk4E=,si5nGttZvJ8T8LM1RF+75Os4/Hw=
-2,14,yf0U7B01fK4V411iTqEaMPvq83c=,B9Bw3x2Tb3g8Eox/NMFmuGh/pWk=
-4,10,Uw29rBZLEco54n+nXcCZlCbAk4E=,si5nGttZvJ8T8LM1RF+75Os4/Hw=
-6,14,VQVfBcMs4xy/i/QJTA6L6GUxGCQ=,Ryi3AzN625nnCeI/2JGDLZ+3ZaI=
-5,11,yf0U7B01fK4V411iTqEaMPvq83c=,F1obCjuz5vyJYOCb32nhCwKCEvY=
-5,13,yf0U7B01fK4V411iTqEaMPvq83c=,Ryi3AzN625nnCeI/2JGDLZ+3ZaI=
-3,11,Uw29rBZLEco54n+nXcCZlCbAk4E=,si5nGttZvJ8T8LM1RF+75Os4/Hw=
-3,10,Uw29rBZLEco54n+nXcCZlCbAk4E=,si5nGttZvJ8T8LM1RF+75Os4/Hw=
-7,12,VQVfBcMs4xy/i/QJTA6L6GUxGCQ=,Ryi3AzN625nnCeI/2JGDLZ+3ZaI=
-5,14,yf0U7B01fK4V411iTqEaMPvq83c=,Ryi3AzN625nnCeI/2JGDLZ+3ZaI=
-2,11,Uw29rBZLEco54n+nXcCZlCbAk4E=,si5nGttZvJ8T8LM1RF+75Os4/Hw=
-8,7,Uw29rBZLEco54n+nXcCZlCbAk4E=,E4ZjXjlw3UpD6xOtpAZbouY+FSU=
-8,8,VQVfBcMs4xy/i/QJTA6L6GUxGCQ=,F1obCjuz5vyJYOCb32nhCwKCEvY=
-8,9,VQVfBcMs4xy/i/QJTA6L6GUxGCQ=,F1obCjuz5vyJYOCb32nhCwKCEvY=
-9,8,VQVfBcMs4xy/i/QJTA6L6GUxGCQ=,+JTmUVsZHEsTsM7VRN01MJzb8yU=
-11,9,/jNrXC3zcx2O7NFxzMvJHPNHmus=,+JTmUVsZHEsTsM7VRN01MJzb8yU=
-10,8,/jNrXC3zcx2O7NFxzMvJHPNHmus=,+JTmUVsZHEsTsM7VRN01MJzb8yU=
-8,10,VQVfBcMs4xy/i/QJTA6L6GUxGCQ=,F1obCjuz5vyJYOCb32nhCwKCEvY=
-10,14,VQVfBcMs4xy/i/QJTA6L6GUxGCQ=,k8FwdZbxv1eR7mRnd8dSfaAR/k4=
-11,14,VQVfBcMs4xy/i/QJTA6L6GUxGCQ=,k8FwdZbxv1eR7mRnd8dSfaAR/k4=
-10,9,/jNrXC3zcx2O7NFxzMvJHPNHmus=,+JTmUVsZHEsTsM7VRN01MJzb8yU=
-9,14,VQVfBcMs4xy/i/QJTA6L6GUxGCQ=,k8FwdZbxv1eR7mRnd8dSfaAR/k4=
-9,10,VQVfBcMs4xy/i/QJTA6L6GUxGCQ=,+JTmUVsZHEsTsM7VRN01MJzb8yU=
-8,13,yf0U7B01fK4V411iTqEaMPvq83c=,Ryi3AzN625nnCeI/2JGDLZ+3ZaI=
-9,9,VQVfBcMs4xy/i/QJTA6L6GUxGCQ=,+JTmUVsZHEsTsM7VRN01MJzb8yU=
-11,7,/jNrXC3zcx2O7NFxzMvJHPNHmus=,J8YamhEL1ZLWMNgYXkT0EGDBLDM=
-15,13,VQVfBcMs4xy/i/QJTA6L6GUxGCQ=,VnfiZCie9OJQGLpLQNVz+8I6anM=
-10,11,VQVfBcMs4xy/i/QJTA6L6GUxGCQ=,+JTmUVsZHEsTsM7VRN01MJzb8yU=
-11,11,VQVfBcMs4xy/i/QJTA6L6GUxGCQ=,+JTmUVsZHEsTsM7VRN01MJzb8yU=
-8,11,VQVfBcMs4xy/i/QJTA6L6GUxGCQ=,F1obCjuz5vyJYOCb32nhCwKCEvY=
-10,13,VQVfBcMs4xy/i/QJTA6L6GUxGCQ=,k8FwdZbxv1eR7mRnd8dSfaAR/k4=
-10,7,/jNrXC3zcx2O7NFxzMvJHPNHmus=,J8YamhEL1ZLWMNgYXkT0EGDBLDM=
-14,13,VQVfBcMs4xy/i/QJTA6L6GUxGCQ=,VnfiZCie9OJQGLpLQNVz+8I6anM=
-11,13,VQVfBcMs4xy/i/QJTA6L6GUxGCQ=,k8FwdZbxv1eR7mRnd8dSfaAR/k4=
-9,12,yf0U7B01fK4V411iTqEaMPvq83c=,k8FwdZbxv1eR7mRnd8dSfaAR/k4=
-8,14,yf0U7B01fK4V411iTqEaMPvq83c=,Ryi3AzN625nnCeI/2JGDLZ+3ZaI=
-13,13,VQVfBcMs4xy/i/QJTA6L6GUxGCQ=,VnfiZCie9OJQGLpLQNVz+8I6anM=
-9,11,yf0U7B01fK4V411iTqEaMPvq83c=,+JTmUVsZHEsTsM7VRN01MJzb8yU=
-8,12,yf0U7B01fK4V411iTqEaMPvq83c=,Ryi3AzN625nnCeI/2JGDLZ+3ZaI=
-11,12,VQVfBcMs4xy/i/QJTA6L6GUxGCQ=,k8FwdZbxv1eR7mRnd8dSfaAR/k4=
-9,7,VQVfBcMs4xy/i/QJTA6L6GUxGCQ=,J8YamhEL1ZLWMNgYXkT0EGDBLDM=
-9,13,yf0U7B01fK4V411iTqEaMPvq83c=,k8FwdZbxv1eR7mRnd8dSfaAR/k4=
-15,14,VQVfBcMs4xy/i/QJTA6L6GUxGCQ=,VnfiZCie9OJQGLpLQNVz+8I6anM=
-10,12,VQVfBcMs4xy/i/QJTA6L6GUxGCQ=,k8FwdZbxv1eR7mRnd8dSfaAR/k4=
-11,8,/jNrXC3zcx2O7NFxzMvJHPNHmus=,+JTmUVsZHEsTsM7VRN01MJzb8yU=
-12,14,VQVfBcMs4xy/i/QJTA6L6GUxGCQ=,k8FwdZbxv1eR7mRnd8dSfaAR/k4=
-13,14,VQVfBcMs4xy/i/QJTA6L6GUxGCQ=,VnfiZCie9OJQGLpLQNVz+8I6anM=
-12,13,VQVfBcMs4xy/i/QJTA6L6GUxGCQ=,k8FwdZbxv1eR7mRnd8dSfaAR/k4=
-14,14,VQVfBcMs4xy/i/QJTA6L6GUxGCQ=,VnfiZCie9OJQGLpLQNVz+8I6anM=
-13,10,/jNrXC3zcx2O7NFxzMvJHPNHmus=,CsL+sJ20NCZSmCowc19/3QYuFvM=
-15,11,VQVfBcMs4xy/i/QJTA6L6GUxGCQ=,CsL+sJ20NCZSmCowc19/3QYuFvM=
-13,8,/jNrXC3zcx2O7NFxzMvJHPNHmus=,CsL+sJ20NCZSmCowc19/3QYuFvM=
-12,11,VQVfBcMs4xy/i/QJTA6L6GUxGCQ=,+JTmUVsZHEsTsM7VRN01MJzb8yU=
-12,9,/jNrXC3zcx2O7NFxzMvJHPNHmus=,+JTmUVsZHEsTsM7VRN01MJzb8yU=
-13,7,/jNrXC3zcx2O7NFxzMvJHPNHmus=,DFmt39DjnBL5rGafqpaHASGLfQM=
-14,8,/jNrXC3zcx2O7NFxzMvJHPNHmus=,CsL+sJ20NCZSmCowc19/3QYuFvM=
-11,10,/jNrXC3zcx2O7NFxzMvJHPNHmus=,+JTmUVsZHEsTsM7VRN01MJzb8yU=
-14,10,/jNrXC3zcx2O7NFxzMvJHPNHmus=,CsL+sJ20NCZSmCowc19/3QYuFvM=
-12,8,/jNrXC3zcx2O7NFxzMvJHPNHmus=,+JTmUVsZHEsTsM7VRN01MJzb8yU=
-14,7,/jNrXC3zcx2O7NFxzMvJHPNHmus=,DFmt39DjnBL5rGafqpaHASGLfQM=
-14,11,VQVfBcMs4xy/i/QJTA6L6GUxGCQ=,CsL+sJ20NCZSmCowc19/3QYuFvM=
-10,10,/jNrXC3zcx2O7NFxzMvJHPNHmus=,+JTmUVsZHEsTsM7VRN01MJzb8yU=
-15,7,/jNrXC3zcx2O7NFxzMvJHPNHmus=,DFmt39DjnBL5rGafqpaHASGLfQM=
-12,12,VQVfBcMs4xy/i/QJTA6L6GUxGCQ=,k8FwdZbxv1eR7mRnd8dSfaAR/k4=
-16,9,x2nyQpD5OI8Mz48J58SYvHF0StA=,CsL+sJ20NCZSmCowc19/3QYuFvM=
-15,10,/jNrXC3zcx2O7NFxzMvJHPNHmus=,CsL+sJ20NCZSmCowc19/3QYuFvM=
-13,11,VQVfBcMs4xy/i/QJTA6L6GUxGCQ=,CsL+sJ20NCZSmCowc19/3QYuFvM=
-16,10,x2nyQpD5OI8Mz48J58SYvHF0StA=,CsL+sJ20NCZSmCowc19/3QYuFvM=
-15,12,VQVfBcMs4xy/i/QJTA6L6GUxGCQ=,VnfiZCie9OJQGLpLQNVz+8I6anM=
-11,15,x2nyQpD5OI8Mz48J58SYvHF0StA=,k8FwdZbxv1eR7mRnd8dSfaAR/k4=
-12,15,x2nyQpD5OI8Mz48J58SYvHF0StA=,k8FwdZbxv1eR7mRnd8dSfaAR/k4=
-15,8,/jNrXC3zcx2O7NFxzMvJHPNHmus=,CsL+sJ20NCZSmCowc19/3QYuFvM=
-13,15,x2nyQpD5OI8Mz48J58SYvHF0StA=,VnfiZCie9OJQGLpLQNVz+8I6anM=
-12,10,/jNrXC3zcx2O7NFxzMvJHPNHmus=,+JTmUVsZHEsTsM7VRN01MJzb8yU=
-14,15,x2nyQpD5OI8Mz48J58SYvHF0StA=,VnfiZCie9OJQGLpLQNVz+8I6anM=
-10,15,x2nyQpD5OI8Mz48J58SYvHF0StA=,k8FwdZbxv1eR7mRnd8dSfaAR/k4=
-14,12,VQVfBcMs4xy/i/QJTA6L6GUxGCQ=,VnfiZCie9OJQGLpLQNVz+8I6anM=
-15,15,x2nyQpD5OI8Mz48J58SYvHF0StA=,VnfiZCie9OJQGLpLQNVz+8I6anM=
-12,7,/jNrXC3zcx2O7NFxzMvJHPNHmus=,J8YamhEL1ZLWMNgYXkT0EGDBLDM=
-15,9,/jNrXC3zcx2O7NFxzMvJHPNHmus=,CsL+sJ20NCZSmCowc19/3QYuFvM=
-13,12,VQVfBcMs4xy/i/QJTA6L6GUxGCQ=,VnfiZCie9OJQGLpLQNVz+8I6anM=
-16,15,x2nyQpD5OI8Mz48J58SYvHF0StA=,VnfiZCie9OJQGLpLQNVz+8I6anM=
-16,11,x2nyQpD5OI8Mz48J58SYvHF0StA=,CsL+sJ20NCZSmCowc19/3QYuFvM=
-13,9,/jNrXC3zcx2O7NFxzMvJHPNHmus=,CsL+sJ20NCZSmCowc19/3QYuFvM=
-16,14,x2nyQpD5OI8Mz48J58SYvHF0StA=,VnfiZCie9OJQGLpLQNVz+8I6anM=
-16,13,x2nyQpD5OI8Mz48J58SYvHF0StA=,VnfiZCie9OJQGLpLQNVz+8I6anM=
-14,9,/jNrXC3zcx2O7NFxzMvJHPNHmus=,CsL+sJ20NCZSmCowc19/3QYuFvM=
-16,12,x2nyQpD5OI8Mz48J58SYvHF0StA=,VnfiZCie9OJQGLpLQNVz+8I6anM=
-3,15,yf0U7B01fK4V411iTqEaMPvq83c=,B9Bw3x2Tb3g8Eox/NMFmuGh/pWk=
-1,14,yf0U7B01fK4V411iTqEaMPvq83c=,B9Bw3x2Tb3g8Eox/NMFmuGh/pWk=
-1,7,yf0U7B01fK4V411iTqEaMPvq83c=,GPEaCQyDJZmcj1gC798XXTzZp+M=
-2,15,yf0U7B01fK4V411iTqEaMPvq83c=,B9Bw3x2Tb3g8Eox/NMFmuGh/pWk=
-1,0,x2nyQpD5OI8Mz48J58SYvHF0StA=,ioxYfd1hTDd0c5SEWhXBdV+r5go=
-1,15,yf0U7B01fK4V411iTqEaMPvq83c=,B9Bw3x2Tb3g8Eox/NMFmuGh/pWk=
-1,12,yf0U7B01fK4V411iTqEaMPvq83c=,B9Bw3x2Tb3g8Eox/NMFmuGh/pWk=
-1,9,Uw29rBZLEco54n+nXcCZlCbAk4E=,si5nGttZvJ8T8LM1RF+75Os4/Hw=
-1,10,Uw29rBZLEco54n+nXcCZlCbAk4E=,si5nGttZvJ8T8LM1RF+75Os4/Hw=
-1,8,Uw29rBZLEco54n+nXcCZlCbAk4E=,si5nGttZvJ8T8LM1RF+75Os4/Hw=
-1,11,Uw29rBZLEco54n+nXcCZlCbAk4E=,si5nGttZvJ8T8LM1RF+75Os4/Hw=
-16,0,x2nyQpD5OI8Mz48J58SYvHF0StA=,JpZDcgz3y4hpuiQrRD3dtVu9ELk=
-8,15,x2nyQpD5OI8Mz48J58SYvHF0StA=,Ryi3AzN625nnCeI/2JGDLZ+3ZaI=
-1,13,yf0U7B01fK4V411iTqEaMPvq83c=,B9Bw3x2Tb3g8Eox/NMFmuGh/pWk=
-7,15,yf0U7B01fK4V411iTqEaMPvq83c=,Ryi3AzN625nnCeI/2JGDLZ+3ZaI=
-9,15,x2nyQpD5OI8Mz48J58SYvHF0StA=,k8FwdZbxv1eR7mRnd8dSfaAR/k4=
-6,15,yf0U7B01fK4V411iTqEaMPvq83c=,Ryi3AzN625nnCeI/2JGDLZ+3ZaI=
-4,15,yf0U7B01fK4V411iTqEaMPvq83c=,B9Bw3x2Tb3g8Eox/NMFmuGh/pWk=
-5,15,yf0U7B01fK4V411iTqEaMPvq83c=,Ryi3AzN625nnCeI/2JGDLZ+3ZaI=
-4,0,yf0U7B01fK4V411iTqEaMPvq83c=,ioxYfd1hTDd0c5SEWhXBdV+r5go=
-5,0,yf0U7B01fK4V411iTqEaMPvq83c=,xs0SbLkX+QjIzY0Cl9mIRMq/1NU=
-9,0,Uw29rBZLEco54n+nXcCZlCbAk4E=,9JWAQWpxv3Ui2uEUer7gTAMM8Pw=
-6,0,yf0U7B01fK4V411iTqEaMPvq83c=,xs0SbLkX+QjIzY0Cl9mIRMq/1NU=
-16,5,x2nyQpD5OI8Mz48J58SYvHF0StA=,DFmt39DjnBL5rGafqpaHASGLfQM=
-7,0,yf0U7B01fK4V411iTqEaMPvq83c=,xs0SbLkX+QjIzY0Cl9mIRMq/1NU=
-8,0,x2nyQpD5OI8Mz48J58SYvHF0StA=,xs0SbLkX+QjIzY0Cl9mIRMq/1NU=
-16,4,x2nyQpD5OI8Mz48J58SYvHF0StA=,DFmt39DjnBL5rGafqpaHASGLfQM=
-16,8,x2nyQpD5OI8Mz48J58SYvHF0StA=,CsL+sJ20NCZSmCowc19/3QYuFvM=
-16,7,x2nyQpD5OI8Mz48J58SYvHF0StA=,DFmt39DjnBL5rGafqpaHASGLfQM=
-16,3,x2nyQpD5OI8Mz48J58SYvHF0StA=,JpZDcgz3y4hpuiQrRD3dtVu9ELk=
-16,6,yf0U7B01fK4V411iTqEaMPvq83c=,DFmt39DjnBL5rGafqpaHASGLfQM=
