1,13,QJgqfAcR5B846aUlcg7HFvMqBnY=,C7KU9BkzceqAthbPJySvPiVjM+k=
1,10,QJgqfAcR5B846aUlcg7HFvMqBnY=,apnNiLymK6pXDiFKR4q4R8MKw+A=
1,11,bCYLT7EUbosYkj2WJOnKW1H5tCU=,apnNiLymK6pXDiFKR4q4R8MKw+A=
2,11,EHulWXkfLeEnq6gu0A6unAc2iNs=,apnNiLymK6pXDiFKR4q4R8MKw+A=
1,12,EHulWXkfLeEnq6gu0A6unAc2iNs=,C7KU9BkzceqAthbPJySvPiVjM+k=
2,9,EHulWXkfLeEnq6gu0A6unAc2iNs=,apnNiLymK6pXDiFKR4q4R8MKw+A=
1,9,EHulWXkfLeEnq6gu0A6unAc2iNs=,apnNiLymK6pXDiFKR4q4R8MKw+A=
2,12,EHulWXkfLeEnq6gu0A6unAc2iNs=,C7KU9BkzceqAthbPJySvPiVjM+k=
2,10,rH9FIYV5dwoDX79a+unmJWY7VT8=,apnNiLymK6pXDiFKR4q4R8MKw+A=
1,14,IDU5tf9jCAlmwZW+bxvSTrnYXvI=,C7KU9BkzceqAthbPJySvPiVjM+k=
4,10,IDU5tf9jCAlmwZW+bxvSTrnYXvI=,U64uXo1/LubNto1ZVDN1WsbKnPQ=
2,13,IDU5tf9jCAlmwZW+bxvSTrnYXvI=,C7KU9BkzceqAthbPJySvPiVjM+k=
5,10,DP/eJ2lmLQEdVn+lhkWcb+/T6Dk=,U64uXo1/LubNto1ZVDN1WsbKnPQ=
2,14,DP/eJ2lmLQEdVn+lhkWcb+/T6Dk=,C7KU9BkzceqAthbPJySvPiVjM+k=
6,10,DP/eJ2lmLQEdVn+lhkWcb+/T6Dk=,U64uXo1/LubNto1ZVDN1WsbKnPQ=
5,9,mj3vVjVBdMoVl1yelhboe7eqMAg=,U64uXo1/LubNto1ZVDN1WsbKnPQ=
3,10,WSpjXobY2+Y6SVTVY4NkhnkjdS4=,apnNiLymK6pXDiFKR4q4R8MKw+A=
4,9,WSpjXobY2+Y6SVTVY4NkhnkjdS4=,U64uXo1/LubNto1ZVDN1WsbKnPQ=
6,9,WSpjXobY2+Y6SVTVY4NkhnkjdS4=,U64uXo1/LubNto1ZVDN1WsbKnPQ=
5,11,WSpjXobY2+Y6SVTVY4NkhnkjdS4=,U64uXo1/LubNto1ZVDN1WsbKnPQ=
3,9,WSpjXobY2+Y6SVTVY4NkhnkjdS4=,apnNiLymK6pXDiFKR4q4R8MKw+A=
6,14,WSpjXobY2+Y6SVTVY4NkhnkjdS4=,5VZfgzQsOhqloOe7wts2cUrmjFw=
6,11,WSpjXobY2+Y6SVTVY4NkhnkjdS4=,U64uXo1/LubNto1ZVDN1WsbKnPQ=
5,14,WSpjXobY2+Y6SVTVY4NkhnkjdS4=,5VZfgzQsOhqloOe7wts2cUrmjFw=
4,13,WSpjXobY2+Y6SVTVY4NkhnkjdS4=,5VZfgzQsOhqloOe7wts2cUrmjFw=
3,12,WSpjXobY2+Y6SVTVY4NkhnkjdS4=,C7KU9BkzceqAthbPJySvPiVjM+k=
6,12,WSpjXobY2+Y6SVTVY4NkhnkjdS4=,5VZfgzQsOhqloOe7wts2cUrmjFw=
3,14,WSpjXobY2+Y6SVTVY4NkhnkjdS4=,C7KU9BkzceqAthbPJySvPiVjM+k=
3,13,WSpjXobY2+Y6SVTVY4NkhnkjdS4=,C7KU9BkzceqAthbPJySvPiVjM+k=
5,13,WSpjXobY2+Y6SVTVY4NkhnkjdS4=,5VZfgzQsOhqloOe7wts2cUrmjFw=
4,12,WSpjXobY2+Y6SVTVY4NkhnkjdS4=,5VZfgzQsOhqloOe7wts2cUrmjFw=
4,14,WSpjXobY2+Y6SVTVY4NkhnkjdS4=,5VZfgzQsOhqloOe7wts2cUrmjFw=
5,12,WSpjXobY2+Y6SVTVY4NkhnkjdS4=,5VZfgzQsOhqloOe7wts2cUrmjFw=
3,11,WSpjXobY2+Y6SVTVY4NkhnkjdS4=,apnNiLymK6pXDiFKR4q4R8MKw+A=
4,11,WSpjXobY2+Y6SVTVY4NkhnkjdS4=,U64uXo1/LubNto1ZVDN1WsbKnPQ=
6,13,WSpjXobY2+Y6SVTVY4NkhnkjdS4=,5VZfgzQsOhqloOe7wts2cUrmjFw=
5,2,WSpjXobY2+Y6SVTVY4NkhnkjdS4=,MCJlNrEBimKKut5ItUTosKA1TeQ=
5,1,WSpjXobY2+Y6SVTVY4NkhnkjdS4=,MCJlNrEBimKKut5ItUTosKA1TeQ=
6,2,WSpjXobY2+Y6SVTVY4NkhnkjdS4=,MCJlNrEBimKKut5ItUTosKA1TeQ=
6,1,WSpjXobY2+Y6SVTVY4NkhnkjdS4=,MCJlNrEBimKKut5ItUTosKA1TeQ=
8,1,WSpjXobY2+Y6SVTVY4NkhnkjdS4=,Wdp6NBOpkQmM4QENw6jtKfILyG8=
9,5,WSpjXobY2+Y6SVTVY4NkhnkjdS4=,cpcNBdVATY8xVQO3e0gokG+85uE=
10,2,WSpjXobY2+Y6SVTVY4NkhnkjdS4=,Wdp6NBOpkQmM4QENw6jtKfILyG8=
7,2,WSpjXobY2+Y6SVTVY4NkhnkjdS4=,MCJlNrEBimKKut5ItUTosKA1TeQ=
10,5,WSpjXobY2+Y6SVTVY4NkhnkjdS4=,cpcNBdVATY8xVQO3e0gokG+85uE=
9,1,WSpjXobY2+Y6SVTVY4NkhnkjdS4=,Wdp6NBOpkQmM4QENw6jtKfILyG8=
10,3,WSpjXobY2+Y6SVTVY4NkhnkjdS4=,Wdp6NBOpkQmM4QENw6jtKfILyG8=
7,1,WSpjXobY2+Y6SVTVY4NkhnkjdS4=,MCJlNrEBimKKut5ItUTosKA1TeQ=
9,6,WSpjXobY2+Y6SVTVY4NkhnkjdS4=,cpcNBdVATY8xVQO3e0gokG+85uE=
10,1,WSpjXobY2+Y6SVTVY4NkhnkjdS4=,Wdp6NBOpkQmM4QENw6jtKfILyG8=
10,4,WSpjXobY2+Y6SVTVY4NkhnkjdS4=,cpcNBdVATY8xVQO3e0gokG+85uE=
8,2,WSpjXobY2+Y6SVTVY4NkhnkjdS4=,Wdp6NBOpkQmM4QENw6jtKfILyG8=
6,5,WSpjXobY2+Y6SVTVY4NkhnkjdS4=,5LKb1IEtiRkVfjhS5FnJZpGUk6w=
10,6,WSpjXobY2+Y6SVTVY4NkhnkjdS4=,cpcNBdVATY8xVQO3e0gokG+85uE=
9,2,WSpjXobY2+Y6SVTVY4NkhnkjdS4=,Wdp6NBOpkQmM4QENw6jtKfILyG8=
9,3,WSpjXobY2+Y6SVTVY4NkhnkjdS4=,Wdp6NBOpkQmM4QENw6jtKfILyG8=
8,5,WSpjXobY2+Y6SVTVY4NkhnkjdS4=,cpcNBdVATY8xVQO3e0gokG+85uE=
9,4,WSpjXobY2+Y6SVTVY4NkhnkjdS4=,cpcNBdVATY8xVQO3e0gokG+85uE=
6,7,WSpjXobY2+Y6SVTVY4NkhnkjdS4=,5LKb1IEtiRkVfjhS5FnJZpGUk6w=
6,6,WSpjXobY2+Y6SVTVY4NkhnkjdS4=,5LKb1IEtiRkVfjhS5FnJZpGUk6w=
5,8,WSpjXobY2+Y6SVTVY4NkhnkjdS4=,U64uXo1/LubNto1ZVDN1WsbKnPQ=
8,6,WSpjXobY2+Y6SVTVY4NkhnkjdS4=,cpcNBdVATY8xVQO3e0gokG+85uE=
5,3,WSpjXobY2+Y6SVTVY4NkhnkjdS4=,MCJlNrEBimKKut5ItUTosKA1TeQ=
6,3,WSpjXobY2+Y6SVTVY4NkhnkjdS4=,MCJlNrEBimKKut5ItUTosKA1TeQ=
8,4,WSpjXobY2+Y6SVTVY4NkhnkjdS4=,cpcNBdVATY8xVQO3e0gokG+85uE=
7,3,WSpjXobY2+Y6SVTVY4NkhnkjdS4=,MCJlNrEBimKKut5ItUTosKA1TeQ=
6,8,WSpjXobY2+Y6SVTVY4NkhnkjdS4=,U64uXo1/LubNto1ZVDN1WsbKnPQ=
7,6,WSpjXobY2+Y6SVTVY4NkhnkjdS4=,5LKb1IEtiRkVfjhS5FnJZpGUk6w=
6,4,WSpjXobY2+Y6SVTVY4NkhnkjdS4=,5LKb1IEtiRkVfjhS5FnJZpGUk6w=
5,5,WSpjXobY2+Y6SVTVY4NkhnkjdS4=,5LKb1IEtiRkVfjhS5FnJZpGUk6w=
5,6,WSpjXobY2+Y6SVTVY4NkhnkjdS4=,5LKb1IEtiRkVfjhS5FnJZpGUk6w=
7,5,WSpjXobY2+Y6SVTVY4NkhnkjdS4=,5LKb1IEtiRkVfjhS5FnJZpGUk6w=
8,3,WSpjXobY2+Y6SVTVY4NkhnkjdS4=,Wdp6NBOpkQmM4QENw6jtKfILyG8=
5,4,WSpjXobY2+Y6SVTVY4NkhnkjdS4=,5LKb1IEtiRkVfjhS5FnJZpGUk6w=
5,7,WSpjXobY2+Y6SVTVY4NkhnkjdS4=,5LKb1IEtiRkVfjhS5FnJZpGUk6w=
7,4,WSpjXobY2+Y6SVTVY4NkhnkjdS4=,5LKb1IEtiRkVfjhS5FnJZpGUk6w=
12,6,WSpjXobY2+Y6SVTVY4NkhnkjdS4=,kzrEgIETovGi9fK/gwVkZWZtiEc=
14,6,WSpjXobY2+Y6SVTVY4NkhnkjdS4=,kzrEgIETovGi9fK/gwVkZWZtiEc=
13,6,WSpjXobY2+Y6SVTVY4NkhnkjdS4=,kzrEgIETovGi9fK/gwVkZWZtiEc=
7,9,WSpjXobY2+Y6SVTVY4NkhnkjdS4=,U64uXo1/LubNto1ZVDN1WsbKnPQ=
12,5,WSpjXobY2+Y6SVTVY4NkhnkjdS4=,kzrEgIETovGi9fK/gwVkZWZtiEc=
11,5,WSpjXobY2+Y6SVTVY4NkhnkjdS4=,cpcNBdVATY8xVQO3e0gokG+85uE=
8,9,WSpjXobY2+Y6SVTVY4NkhnkjdS4=,kmsl+prCYI940ms6a37nNcsGRi8=
14,5,WSpjXobY2+Y6SVTVY4NkhnkjdS4=,kzrEgIETovGi9fK/gwVkZWZtiEc=
7,7,WSpjXobY2+Y6SVTVY4NkhnkjdS4=,5LKb1IEtiRkVfjhS5FnJZpGUk6w=
13,5,WSpjXobY2+Y6SVTVY4NkhnkjdS4=,kzrEgIETovGi9fK/gwVkZWZtiEc=
11,6,WSpjXobY2+Y6SVTVY4NkhnkjdS4=,cpcNBdVATY8xVQO3e0gokG+85uE=
8,7,WSpjXobY2+Y6SVTVY4NkhnkjdS4=,cpcNBdVATY8xVQO3e0gokG+85uE=
10,10,WSpjXobY2+Y6SVTVY4NkhnkjdS4=,kmsl+prCYI940ms6a37nNcsGRi8=
9,7,WSpjXobY2+Y6SVTVY4NkhnkjdS4=,cpcNBdVATY8xVQO3e0gokG+85uE=
9,8,WSpjXobY2+Y6SVTVY4NkhnkjdS4=,kmsl+prCYI940ms6a37nNcsGRi8=
10,8,WSpjXobY2+Y6SVTVY4NkhnkjdS4=,kmsl+prCYI940ms6a37nNcsGRi8=
7,10,WSpjXobY2+Y6SVTVY4NkhnkjdS4=,U64uXo1/LubNto1ZVDN1WsbKnPQ=
7,8,WSpjXobY2+Y6SVTVY4NkhnkjdS4=,U64uXo1/LubNto1ZVDN1WsbKnPQ=
9,10,WSpjXobY2+Y6SVTVY4NkhnkjdS4=,kmsl+prCYI940ms6a37nNcsGRi8=
10,7,WSpjXobY2+Y6SVTVY4NkhnkjdS4=,cpcNBdVATY8xVQO3e0gokG+85uE=
8,10,WSpjXobY2+Y6SVTVY4NkhnkjdS4=,kmsl+prCYI940ms6a37nNcsGRi8=
9,9,WSpjXobY2+Y6SVTVY4NkhnkjdS4=,kmsl+prCYI940ms6a37nNcsGRi8=
10,9,WSpjXobY2+Y6SVTVY4NkhnkjdS4=,kmsl+prCYI940ms6a37nNcsGRi8=
8,8,WSpjXobY2+Y6SVTVY4NkhnkjdS4=,kmsl+prCYI940ms6a37nNcsGRi8=
11,8,WSpjXobY2+Y6SVTVY4NkhnkjdS4=,kmsl+prCYI940ms6a37nNcsGRi8=
12,9,WSpjXobY2+Y6SVTVY4NkhnkjdS4=,0qfP66A1CXjOfxshKAWzrOtBpzs=
13,9,WSpjXobY2+Y6SVTVY4NkhnkjdS4=,0qfP66A1CXjOfxshKAWzrOtBpzs=
12,10,WSpjXobY2+Y6SVTVY4NkhnkjdS4=,0qfP66A1CXjOfxshKAWzrOtBpzs=
15,9,WSpjXobY2+Y6SVTVY4NkhnkjdS4=,0qfP66A1CXjOfxshKAWzrOtBpzs=
13,10,WSpjXobY2+Y6SVTVY4NkhnkjdS4=,0qfP66A1CXjOfxshKAWzrOtBpzs=
15,10,WSpjXobY2+Y6SVTVY4NkhnkjdS4=,0qfP66A1CXjOfxshKAWzrOtBpzs=
14,9,WSpjXobY2+Y6SVTVY4NkhnkjdS4=,0qfP66A1CXjOfxshKAWzrOtBpzs=
12,7,WSpjXobY2+Y6SVTVY4NkhnkjdS4=,kzrEgIETovGi9fK/gwVkZWZtiEc=
13,7,WSpjXobY2+Y6SVTVY4NkhnkjdS4=,kzrEgIETovGi9fK/gwVkZWZtiEc=
7,12,WSpjXobY2+Y6SVTVY4NkhnkjdS4=,5VZfgzQsOhqloOe7wts2cUrmjFw=
14,10,WSpjXobY2+Y6SVTVY4NkhnkjdS4=,0qfP66A1CXjOfxshKAWzrOtBpzs=
8,14,WSpjXobY2+Y6SVTVY4NkhnkjdS4=,KQfGCBkGshnvqh3v/UsO85ertiU=
11,10,WSpjXobY2+Y6SVTVY4NkhnkjdS4=,kmsl+prCYI940ms6a37nNcsGRi8=
10,15,WSpjXobY2+Y6SVTVY4NkhnkjdS4=,KQfGCBkGshnvqh3v/UsO85ertiU=
14,7,WSpjXobY2+Y6SVTVY4NkhnkjdS4=,kzrEgIETovGi9fK/gwVkZWZtiEc=
11,9,WSpjXobY2+Y6SVTVY4NkhnkjdS4=,kmsl+prCYI940ms6a37nNcsGRi8=
8,11,WSpjXobY2+Y6SVTVY4NkhnkjdS4=,kmsl+prCYI940ms6a37nNcsGRi8=
9,12,WSpjXobY2+Y6SVTVY4NkhnkjdS4=,KQfGCBkGshnvqh3v/UsO85ertiU=
11,7,WSpjXobY2+Y6SVTVY4NkhnkjdS4=,cpcNBdVATY8xVQO3e0gokG+85uE=
9,15,WSpjXobY2+Y6SVTVY4NkhnkjdS4=,KQfGCBkGshnvqh3v/UsO85ertiU=
7,14,WSpjXobY2+Y6SVTVY4NkhnkjdS4=,5VZfgzQsOhqloOe7wts2cUrmjFw=
10,12,WSpjXobY2+Y6SVTVY4NkhnkjdS4=,KQfGCBkGshnvqh3v/UsO85ertiU=
12,8,WSpjXobY2+Y6SVTVY4NkhnkjdS4=,0qfP66A1CXjOfxshKAWzrOtBpzs=
9,14,WSpjXobY2+Y6SVTVY4NkhnkjdS4=,KQfGCBkGshnvqh3v/UsO85ertiU=
13,8,WSpjXobY2+Y6SVTVY4NkhnkjdS4=,0qfP66A1CXjOfxshKAWzrOtBpzs=
14,8,WSpjXobY2+Y6SVTVY4NkhnkjdS4=,0qfP66A1CXjOfxshKAWzrOtBpzs=
7,11,WSpjXobY2+Y6SVTVY4NkhnkjdS4=,U64uXo1/LubNto1ZVDN1WsbKnPQ=
8,13,WSpjXobY2+Y6SVTVY4NkhnkjdS4=,KQfGCBkGshnvqh3v/UsO85ertiU=
10,13,WSpjXobY2+Y6SVTVY4NkhnkjdS4=,KQfGCBkGshnvqh3v/UsO85ertiU=
10,14,WSpjXobY2+Y6SVTVY4NkhnkjdS4=,KQfGCBkGshnvqh3v/UsO85ertiU=
9,13,WSpjXobY2+Y6SVTVY4NkhnkjdS4=,KQfGCBkGshnvqh3v/UsO85ertiU=
9,11,WSpjXobY2+Y6SVTVY4NkhnkjdS4=,kmsl+prCYI940ms6a37nNcsGRi8=
8,12,WSpjXobY2+Y6SVTVY4NkhnkjdS4=,KQfGCBkGshnvqh3v/UsO85ertiU=
2,15,WSpjXobY2+Y6SVTVY4NkhnkjdS4=,C7KU9BkzceqAthbPJySvPiVjM+k=
10,11,WSpjXobY2+Y6SVTVY4NkhnkjdS4=,kmsl+prCYI940ms6a37nNcsGRi8=
7,13,WSpjXobY2+Y6SVTVY4NkhnkjdS4=,5VZfgzQsOhqloOe7wts2cUrmjFw=
1,15,WSpjXobY2+Y6SVTVY4NkhnkjdS4=,C7KU9BkzceqAthbPJySvPiVjM+k=
3,15,WSpjXobY2+Y6SVTVY4NkhnkjdS4=,C7KU9BkzceqAthbPJySvPiVjM+k=
5,15,WSpjXobY2+Y6SVTVY4NkhnkjdS4=,5VZfgzQsOhqloOe7wts2cUrmjFw=
0,13,WSpjXobY2+Y6SVTVY4NkhnkjdS4=,C7KU9BkzceqAthbPJySvPiVjM+k=
0,9,WSpjXobY2+Y6SVTVY4NkhnkjdS4=,apnNiLymK6pXDiFKR4q4R8MKw+A=
4,15,WSpjXobY2+Y6SVTVY4NkhnkjdS4=,5VZfgzQsOhqloOe7wts2cUrmjFw=
0,12,WSpjXobY2+Y6SVTVY4NkhnkjdS4=,C7KU9BkzceqAthbPJySvPiVjM+k=
8,15,WSpjXobY2+Y6SVTVY4NkhnkjdS4=,KQfGCBkGshnvqh3v/UsO85ertiU=
0,14,WSpjXobY2+Y6SVTVY4NkhnkjdS4=,C7KU9BkzceqAthbPJySvPiVjM+k=
0,11,WSpjXobY2+Y6SVTVY4NkhnkjdS4=,apnNiLymK6pXDiFKR4q4R8MKw+A=
6,15,WSpjXobY2+Y6SVTVY4NkhnkjdS4=,5VZfgzQsOhqloOe7wts2cUrmjFw=
0,10,WSpjXobY2+Y6SVTVY4NkhnkjdS4=,apnNiLymK6pXDiFKR4q4R8MKw+A=
7,15,WSpjXobY2+Y6SVTVY4NkhnkjdS4=,5VZfgzQsOhqloOe7wts2cUrmjFw=
5,0,WSpjXobY2+Y6SVTVY4NkhnkjdS4=,MCJlNrEBimKKut5ItUTosKA1TeQ=
6,0,WSpjXobY2+Y6SVTVY4NkhnkjdS4=,MCJlNrEBimKKut5ItUTosKA1TeQ=
7,0,WSpjXobY2+Y6SVTVY4NkhnkjdS4=,MCJlNrEBimKKut5ItUTosKA1TeQ=
8,0,WSpjXobY2+Y6SVTVY4NkhnkjdS4=,Wdp6NBOpkQmM4QENw6jtKfILyG8=
10,0,WSpjXobY2+Y6SVTVY4NkhnkjdS4=,Wdp6NBOpkQmM4QENw6jtKfILyG8=
9,0,WSpjXobY2+Y6SVTVY4NkhnkjdS4=,Wdp6NBOpkQmM4QENw6jtKfILyG8=
12,13,WSpjXobY2+Y6SVTVY4NkhnkjdS4=,M5n/XsSwyPWBcuqpCZEQNUm/XnU=
11,15,WSpjXobY2+Y6SVTVY4NkhnkjdS4=,KQfGCBkGshnvqh3v/UsO85ertiU=
11,13,WSpjXobY2+Y6SVTVY4NkhnkjdS4=,KQfGCBkGshnvqh3v/UsO85ertiU=
15,11,WSpjXobY2+Y6SVTVY4NkhnkjdS4=,0qfP66A1CXjOfxshKAWzrOtBpzs=
13,13,WSpjXobY2+Y6SVTVY4NkhnkjdS4=,M5n/XsSwyPWBcuqpCZEQNUm/XnU=
15,12,WSpjXobY2+Y6SVTVY4NkhnkjdS4=,M5n/XsSwyPWBcuqpCZEQNUm/XnU=
14,13,WSpjXobY2+Y6SVTVY4NkhnkjdS4=,M5n/XsSwyPWBcuqpCZEQNUm/XnU=
14,12,WSpjXobY2+Y6SVTVY4NkhnkjdS4=,M5n/XsSwyPWBcuqpCZEQNUm/XnU=
13,12,WSpjXobY2+Y6SVTVY4NkhnkjdS4=,M5n/XsSwyPWBcuqpCZEQNUm/XnU=
12,15,WSpjXobY2+Y6SVTVY4NkhnkjdS4=,M5n/XsSwyPWBcuqpCZEQNUm/XnU=
12,12,WSpjXobY2+Y6SVTVY4NkhnkjdS4=,M5n/XsSwyPWBcuqpCZEQNUm/XnU=
15,13,WSpjXobY2+Y6SVTVY4NkhnkjdS4=,M5n/XsSwyPWBcuqpCZEQNUm/XnU=
15,14,WSpjXobY2+Y6SVTVY4NkhnkjdS4=,M5n/XsSwyPWBcuqpCZEQNUm/XnU=
12,11,WSpjXobY2+Y6SVTVY4NkhnkjdS4=,0qfP66A1CXjOfxshKAWzrOtBpzs=
14,14,WSpjXobY2+Y6SVTVY4NkhnkjdS4=,M5n/XsSwyPWBcuqpCZEQNUm/XnU=
15,15,WSpjXobY2+Y6SVTVY4NkhnkjdS4=,M5n/XsSwyPWBcuqpCZEQNUm/XnU=
14,11,WSpjXobY2+Y6SVTVY4NkhnkjdS4=,0qfP66A1CXjOfxshKAWzrOtBpzs=
11,11,WSpjXobY2+Y6SVTVY4NkhnkjdS4=,kmsl+prCYI940ms6a37nNcsGRi8=
14,15,WSpjXobY2+Y6SVTVY4NkhnkjdS4=,M5n/XsSwyPWBcuqpCZEQNUm/XnU=
13,15,WSpjXobY2+Y6SVTVY4NkhnkjdS4=,M5n/XsSwyPWBcuqpCZEQNUm/XnU=
12,14,WSpjXobY2+Y6SVTVY4NkhnkjdS4=,M5n/XsSwyPWBcuqpCZEQNUm/XnU=
11,14,WSpjXobY2+Y6SVTVY4NkhnkjdS4=,KQfGCBkGshnvqh3v/UsO85ertiU=
11,12,WSpjXobY2+Y6SVTVY4NkhnkjdS4=,KQfGCBkGshnvqh3v/UsO85ertiU=
13,14,WSpjXobY2+Y6SVTVY4NkhnkjdS4=,M5n/XsSwyPWBcuqpCZEQNUm/XnU=
13,11,WSpjXobY2+Y6SVTVY4NkhnkjdS4=,0qfP66A1CXjOfxshKAWzrOtBpzs=
15,7,WSpjXobY2+Y6SVTVY4NkhnkjdS4=,kzrEgIETovGi9fK/gwVkZWZtiEc=
15,8,WSpjXobY2+Y6SVTVY4NkhnkjdS4=,0qfP66A1CXjOfxshKAWzrOtBpzs=
15,5,WSpjXobY2+Y6SVTVY4NkhnkjdS4=,kzrEgIETovGi9fK/gwVkZWZtiEc=
15,6,WSpjXobY2+Y6SVTVY4NkhnkjdS4=,kzrEgIETovGi9fK/gwVkZWZtiEc=
0,15,WSpjXobY2+Y6SVTVY4NkhnkjdS4=,C7KU9BkzceqAthbPJySvPiVjM+k=
4,6,WSpjXobY2+Y6SVTVY4NkhnkjdS4=,5LKb1IEtiRkVfjhS5FnJZpGUk6w=
4,3,WSpjXobY2+Y6SVTVY4NkhnkjdS4=,MCJlNrEBimKKut5ItUTosKA1TeQ=
1,4,WSpjXobY2+Y6SVTVY4NkhnkjdS4=,reRL7Iq6225+bF1GLYbPad1V6Uw=
0,4,WSpjXobY2+Y6SVTVY4NkhnkjdS4=,reRL7Iq6225+bF1GLYbPad1V6Uw=
1,0,WSpjXobY2+Y6SVTVY4NkhnkjdS4=,cLSAW72HNyInIkUwgOdgA5CJhv4=
4,2,WSpjXobY2+Y6SVTVY4NkhnkjdS4=,MCJlNrEBimKKut5ItUTosKA1TeQ=
4,7,WSpjXobY2+Y6SVTVY4NkhnkjdS4=,5LKb1IEtiRkVfjhS5FnJZpGUk6w=
4,0,WSpjXobY2+Y6SVTVY4NkhnkjdS4=,MCJlNrEBimKKut5ItUTosKA1TeQ=
4,5,WSpjXobY2+Y6SVTVY4NkhnkjdS4=,5LKb1IEtiRkVfjhS5FnJZpGUk6w=
2,0,WSpjXobY2+Y6SVTVY4NkhnkjdS4=,cLSAW72HNyInIkUwgOdgA5CJhv4=
1,8,WSpjXobY2+Y6SVTVY4NkhnkjdS4=,apnNiLymK6pXDiFKR4q4R8MKw+A=
3,0,WSpjXobY2+Y6SVTVY4NkhnkjdS4=,cLSAW72HNyInIkUwgOdgA5CJhv4=
0,8,WSpjXobY2+Y6SVTVY4NkhnkjdS4=,apnNiLymK6pXDiFKR4q4R8MKw+A=
3,3,WSpjXobY2+Y6SVTVY4NkhnkjdS4=,cLSAW72HNyInIkUwgOdgA5CJhv4=
2,4,WSpjXobY2+Y6SVTVY4NkhnkjdS4=,reRL7Iq6225+bF1GLYbPad1V6Uw=
0,5,WSpjXobY2+Y6SVTVY4NkhnkjdS4=,reRL7Iq6225+bF1GLYbPad1V6Uw=
2,8,WSpjXobY2+Y6SVTVY4NkhnkjdS4=,apnNiLymK6pXDiFKR4q4R8MKw+A=
0,1,WSpjXobY2+Y6SVTVY4NkhnkjdS4=,cLSAW72HNyInIkUwgOdgA5CJhv4=
2,3,WSpjXobY2+Y6SVTVY4NkhnkjdS4=,cLSAW72HNyInIkUwgOdgA5CJhv4=
1,5,WSpjXobY2+Y6SVTVY4NkhnkjdS4=,reRL7Iq6225+bF1GLYbPad1V6Uw=
1,3,WSpjXobY2+Y6SVTVY4NkhnkjdS4=,cLSAW72HNyInIkUwgOdgA5CJhv4=
3,4,WSpjXobY2+Y6SVTVY4NkhnkjdS4=,reRL7Iq6225+bF1GLYbPad1V6Uw=
3,8,WSpjXobY2+Y6SVTVY4NkhnkjdS4=,apnNiLymK6pXDiFKR4q4R8MKw+A=
1,1,WSpjXobY2+Y6SVTVY4NkhnkjdS4=,cLSAW72HNyInIkUwgOdgA5CJhv4=
0,0,WSpjXobY2+Y6SVTVY4NkhnkjdS4=,cLSAW72HNyInIkUwgOdgA5CJhv4=
0,3,WSpjXobY2+Y6SVTVY4NkhnkjdS4=,cLSAW72HNyInIkUwgOdgA5CJhv4=
2,5,WSpjXobY2+Y6SVTVY4NkhnkjdS4=,reRL7Iq6225+bF1GLYbPad1V6Uw=
4,8,WSpjXobY2+Y6SVTVY4NkhnkjdS4=,U64uXo1/LubNto1ZVDN1WsbKnPQ=
3,2,WSpjXobY2+Y6SVTVY4NkhnkjdS4=,cLSAW72HNyInIkUwgOdgA5CJhv4=
4,4,WSpjXobY2+Y6SVTVY4NkhnkjdS4=,5LKb1IEtiRkVfjhS5FnJZpGUk6w=
3,5,WSpjXobY2+Y6SVTVY4NkhnkjdS4=,reRL7Iq6225+bF1GLYbPad1V6Uw=
0,2,WSpjXobY2+Y6SVTVY4NkhnkjdS4=,cLSAW72HNyInIkUwgOdgA5CJhv4=
4,1,WSpjXobY2+Y6SVTVY4NkhnkjdS4=,MCJlNrEBimKKut5ItUTosKA1TeQ=
3,1,WSpjXobY2+Y6SVTVY4NkhnkjdS4=,cLSAW72HNyInIkUwgOdgA5CJhv4=
3,7,WSpjXobY2+Y6SVTVY4NkhnkjdS4=,reRL7Iq6225+bF1GLYbPad1V6Uw=
2,7,WSpjXobY2+Y6SVTVY4NkhnkjdS4=,reRL7Iq6225+bF1GLYbPad1V6Uw=
1,7,WSpjXobY2+Y6SVTVY4NkhnkjdS4=,reRL7Iq6225+bF1GLYbPad1V6Uw=
2,2,WSpjXobY2+Y6SVTVY4NkhnkjdS4=,cLSAW72HNyInIkUwgOdgA5CJhv4=
0,7,WSpjXobY2+Y6SVTVY4NkhnkjdS4=,reRL7Iq6225+bF1GLYbPad1V6Uw=
0,6,WSpjXobY2+Y6SVTVY4NkhnkjdS4=,reRL7Iq6225+bF1GLYbPad1V6Uw=
2,6,WSpjXobY2+Y6SVTVY4NkhnkjdS4=,reRL7Iq6225+bF1GLYbPad1V6Uw=
1,6,WSpjXobY2+Y6SVTVY4NkhnkjdS4=,reRL7Iq6225+bF1GLYbPad1V6Uw=
3,6,WSpjXobY2+Y6SVTVY4NkhnkjdS4=,reRL7Iq6225+bF1GLYbPad1V6Uw=
12,3,WSpjXobY2+Y6SVTVY4NkhnkjdS4=,TxHUw3W2rY4Mx65A5tXqgL3WkJ8=
2,1,WSpjXobY2+Y6SVTVY4NkhnkjdS4=,cLSAW72HNyInIkUwgOdgA5CJhv4=
1,2,WSpjXobY2+Y6SVTVY4NkhnkjdS4=,cLSAW72HNyInIkUwgOdgA5CJhv4=
15,0,WSpjXobY2+Y6SVTVY4NkhnkjdS4=,TxHUw3W2rY4Mx65A5tXqgL3WkJ8=
15,3,WSpjXobY2+Y6SVTVY4NkhnkjdS4=,TxHUw3W2rY4Mx65A5tXqgL3WkJ8=
11,4,WSpjXobY2+Y6SVTVY4NkhnkjdS4=,cpcNBdVATY8xVQO3e0gokG+85uE=
15,1,WSpjXobY2+Y6SVTVY4NkhnkjdS4=,TxHUw3W2rY4Mx65A5tXqgL3WkJ8=
12,4,WSpjXobY2+Y6SVTVY4NkhnkjdS4=,kzrEgIETovGi9fK/gwVkZWZtiEc=
11,1,WSpjXobY2+Y6SVTVY4NkhnkjdS4=,Wdp6NBOpkQmM4QENw6jtKfILyG8=
14,0,WSpjXobY2+Y6SVTVY4NkhnkjdS4=,TxHUw3W2rY4Mx65A5tXqgL3WkJ8=
14,2,WSpjXobY2+Y6SVTVY4NkhnkjdS4=,TxHUw3W2rY4Mx65A5tXqgL3WkJ8=
14,1,WSpjXobY2+Y6SVTVY4NkhnkjdS4=,TxHUw3W2rY4Mx65A5tXqgL3WkJ8=
13,0,WSpjXobY2+Y6SVTVY4NkhnkjdS4=,TxHUw3W2rY4Mx65A5tXqgL3WkJ8=
12,1,WSpjXobY2+Y6SVTVY4NkhnkjdS4=,TxHUw3W2rY4Mx65A5tXqgL3WkJ8=
15,2,WSpjXobY2+Y6SVTVY4NkhnkjdS4=,TxHUw3W2rY4Mx65A5tXqgL3WkJ8=
12,0,WSpjXobY2+Y6SVTVY4NkhnkjdS4=,TxHUw3W2rY4Mx65A5tXqgL3WkJ8=
13,4,WSpjXobY2+Y6SVTVY4NkhnkjdS4=,kzrEgIETovGi9fK/gwVkZWZtiEc=
11,2,WSpjXobY2+Y6SVTVY4NkhnkjdS4=,Wdp6NBOpkQmM4QENw6jtKfILyG8=
13,2,WSpjXobY2+Y6SVTVY4NkhnkjdS4=,TxHUw3W2rY4Mx65A5tXqgL3WkJ8=
14,4,WSpjXobY2+Y6SVTVY4NkhnkjdS4=,kzrEgIETovGi9fK/gwVkZWZtiEc=
13,1,WSpjXobY2+Y6SVTVY4NkhnkjdS4=,TxHUw3W2rY4Mx65A5tXqgL3WkJ8=
14,3,WSpjXobY2+Y6SVTVY4NkhnkjdS4=,TxHUw3W2rY4Mx65A5tXqgL3WkJ8=
11,0,WSpjXobY2+Y6SVTVY4NkhnkjdS4=,Wdp6NBOpkQmM4QENw6jtKfILyG8=
13,3,WSpjXobY2+Y6SVTVY4NkhnkjdS4=,TxHUw3W2rY4Mx65A5tXqgL3WkJ8=
11,3,WSpjXobY2+Y6SVTVY4NkhnkjdS4=,Wdp6NBOpkQmM4QENw6jtKfILyG8=
12,2,WSpjXobY2+Y6SVTVY4NkhnkjdS4=,TxHUw3W2rY4Mx65A5tXqgL3WkJ8=
15,4,WSpjXobY2+Y6SVTVY4NkhnkjdS4=,kzrEgIETovGi9fK/gwVkZWZtiEc=
5,17,YuZ4fpqJ+xL3dSRWiyZyiKw3DAs=,CxNOFUqAlO8sq6QcT+4jrbiCez4=
6,17,YuZ4fpqJ+xL3dSRWiyZyiKw3DAs=,CxNOFUqAlO8sq6QcT+4jrbiCez4=
6,18,YuZ4fpqJ+xL3dSRWiyZyiKw3DAs=,CxNOFUqAlO8sq6QcT+4jrbiCez4=
5,18,YuZ4fpqJ+xL3dSRWiyZyiKw3DAs=,CxNOFUqAlO8sq6QcT+4jrbiCez4=
5,20,C7qn1n37DlUgruxNWyFGjygdvig=,MlnOLh5rW9Hn1d9RtBEBuPoyk88=
5,19,C7qn1n37DlUgruxNWyFGjygdvig=,CxNOFUqAlO8sq6QcT+4jrbiCez4=
6,20,C7qn1n37DlUgruxNWyFGjygdvig=,MlnOLh5rW9Hn1d9RtBEBuPoyk88=
5,21,C7qn1n37DlUgruxNWyFGjygdvig=,MlnOLh5rW9Hn1d9RtBEBuPoyk88=
5,22,C7qn1n37DlUgruxNWyFGjygdvig=,MlnOLh5rW9Hn1d9RtBEBuPoyk88=
6,21,C7qn1n37DlUgruxNWyFGjygdvig=,MlnOLh5rW9Hn1d9RtBEBuPoyk88=
6,22,C7qn1n37DlUgruxNWyFGjygdvig=,MlnOLh5rW9Hn1d9RtBEBuPoyk88=
5,24,mNhKnfIIM6sHVLOXDnKfkUNC4Ws=,BrGCJkiXClSJKqRQimL2lD+LCRo=
6,19,mNhKnfIIM6sHVLOXDnKfkUNC4Ws=,CxNOFUqAlO8sq6QcT+4jrbiCez4=
6,24,BIWw/F5FxSRESzBzE2GvxK4wYgw=,BrGCJkiXClSJKqRQimL2lD+LCRo=
8,25,BIWw/F5FxSRESzBzE2GvxK4wYgw=,gnJjVQpobgnFLTQz1NPCDJ35V/Y=
9,25,BIWw/F5FxSRESzBzE2GvxK4wYgw=,gnJjVQpobgnFLTQz1NPCDJ35V/Y=
5,25,BIWw/F5FxSRESzBzE2GvxK4wYgw=,BrGCJkiXClSJKqRQimL2lD+LCRo=
6,26,6QY/CAhabbyHNzP4MRVSRNuV620=,BrGCJkiXClSJKqRQimL2lD+LCRo=
10,25,6QY/CAhabbyHNzP4MRVSRNuV620=,gnJjVQpobgnFLTQz1NPCDJ35V/Y=
6,25,6QY/CAhabbyHNzP4MRVSRNuV620=,BrGCJkiXClSJKqRQimL2lD+LCRo=
8,26,6QY/CAhabbyHNzP4MRVSRNuV620=,gnJjVQpobgnFLTQz1NPCDJ35V/Y=
5,23,6QY/CAhabbyHNzP4MRVSRNuV620=,MlnOLh5rW9Hn1d9RtBEBuPoyk88=
7,25,6QY/CAhabbyHNzP4MRVSRNuV620=,BrGCJkiXClSJKqRQimL2lD+LCRo=
6,23,WFscW7zwgH64j9GlI4pdWDGOdbE=,MlnOLh5rW9Hn1d9RtBEBuPoyk88=
9,26,8ZofNxlY3RiSATemG1951VwfSq8=,gnJjVQpobgnFLTQz1NPCDJ35V/Y=
5,26,8ZofNxlY3RiSATemG1951VwfSq8=,BrGCJkiXClSJKqRQimL2lD+LCRo=
7,26,8ZofNxlY3RiSATemG1951VwfSq8=,BrGCJkiXClSJKqRQimL2lD+LCRo=
8,21,8ZofNxlY3RiSATemG1951VwfSq8=,4jloIf7bWb/SJ/ljwexnUhT//Zg=
10,26,8ZofNxlY3RiSATemG1951VwfSq8=,gnJjVQpobgnFLTQz1NPCDJ35V/Y=
8,24,8ZofNxlY3RiSATemG1951VwfSq8=,gnJjVQpobgnFLTQz1NPCDJ35V/Y=
9,21,8ZofNxlY3RiSATemG1951VwfSq8=,4jloIf7bWb/SJ/ljwexnUhT//Zg=
9,24,8ZofNxlY3RiSATemG1951VwfSq8=,gnJjVQpobgnFLTQz1NPCDJ35V/Y=
10,21,8ZofNxlY3RiSATemG1951VwfSq8=,4jloIf7bWb/SJ/ljwexnUhT//Zg=
8,22,8ZofNxlY3RiSATemG1951VwfSq8=,4jloIf7bWb/SJ/ljwexnUhT//Zg=
10,24,8ZofNxlY3RiSATemG1951VwfSq8=,gnJjVQpobgnFLTQz1NPCDJ35V/Y=
7,24,8ZofNxlY3RiSATemG1951VwfSq8=,BrGCJkiXClSJKqRQimL2lD+LCRo=
9,22,8ZofNxlY3RiSATemG1951VwfSq8=,4jloIf7bWb/SJ/ljwexnUhT//Zg=
7,21,8ZofNxlY3RiSATemG1951VwfSq8=,MlnOLh5rW9Hn1d9RtBEBuPoyk88=
7,22,8ZofNxlY3RiSATemG1951VwfSq8=,MlnOLh5rW9Hn1d9RtBEBuPoyk88=
10,22,8ZofNxlY3RiSATemG1951VwfSq8=,4jloIf7bWb/SJ/ljwexnUhT//Zg=
8,23,8ZofNxlY3RiSATemG1951VwfSq8=,4jloIf7bWb/SJ/ljwexnUhT//Zg=
10,23,8ZofNxlY3RiSATemG1951VwfSq8=,4jloIf7bWb/SJ/ljwexnUhT//Zg=
7,23,8ZofNxlY3RiSATemG1951VwfSq8=,MlnOLh5rW9Hn1d9RtBEBuPoyk88=
9,23,8ZofNxlY3RiSATemG1951VwfSq8=,4jloIf7bWb/SJ/ljwexnUhT//Zg=
8,19,8ZofNxlY3RiSATemG1951VwfSq8=,6K9ijmmXg+XGOp6ZYW/wQ6F6AyI=
9,19,8ZofNxlY3RiSATemG1951VwfSq8=,6K9ijmmXg+XGOp6ZYW/wQ6F6AyI=
12,25,8ZofNxlY3RiSATemG1951VwfSq8=,47U5RLBbwm8hCYXON7pXADcdabY=
13,25,8ZofNxlY3RiSATemG1951VwfSq8=,47U5RLBbwm8hCYXON7pXADcdabY=
7,20,8ZofNxlY3RiSATemG1951VwfSq8=,MlnOLh5rW9Hn1d9RtBEBuPoyk88=
14,25,8ZofNxlY3RiSATemG1951VwfSq8=,47U5RLBbwm8hCYXON7pXADcdabY=
10,19,8ZofNxlY3RiSATemG1951VwfSq8=,6K9ijmmXg+XGOp6ZYW/wQ6F6AyI=
12,26,8ZofNxlY3RiSATemG1951VwfSq8=,47U5RLBbwm8hCYXON7pXADcdabY=
7,17,8ZofNxlY3RiSATemG1951VwfSq8=,CxNOFUqAlO8sq6QcT+4jrbiCez4=
13,26,8ZofNxlY3RiSATemG1951VwfSq8=,47U5RLBbwm8hCYXON7pXADcdabY=
8,20,8ZofNxlY3RiSATemG1951VwfSq8=,4jloIf7bWb/SJ/ljwexnUhT//Zg=
14,26,8ZofNxlY3RiSATemG1951VwfSq8=,47U5RLBbwm8hCYXON7pXADcdabY=
12,23,8ZofNxlY3RiSATemG1951VwfSq8=,ogYyc8e9zTefWjwYAovRJY1mP0k=
14,22,8ZofNxlY3RiSATemG1951VwfSq8=,ogYyc8e9zTefWjwYAovRJY1mP0k=
9,20,8ZofNxlY3RiSATemG1951VwfSq8=,4jloIf7bWb/SJ/ljwexnUhT//Zg=
11,25,8ZofNxlY3RiSATemG1951VwfSq8=,gnJjVQpobgnFLTQz1NPCDJ35V/Y=
13,23,8ZofNxlY3RiSATemG1951VwfSq8=,ogYyc8e9zTefWjwYAovRJY1mP0k=
10,20,8ZofNxlY3RiSATemG1951VwfSq8=,4jloIf7bWb/SJ/ljwexnUhT//Zg=
11,26,8ZofNxlY3RiSATemG1951VwfSq8=,gnJjVQpobgnFLTQz1NPCDJ35V/Y=
14,23,8ZofNxlY3RiSATemG1951VwfSq8=,ogYyc8e9zTefWjwYAovRJY1mP0k=
8,17,8ZofNxlY3RiSATemG1951VwfSq8=,6K9ijmmXg+XGOp6ZYW/wQ6F6AyI=
11,21,8ZofNxlY3RiSATemG1951VwfSq8=,4jloIf7bWb/SJ/ljwexnUhT//Zg=
9,17,8ZofNxlY3RiSATemG1951VwfSq8=,6K9ijmmXg+XGOp6ZYW/wQ6F6AyI=
13,22,8ZofNxlY3RiSATemG1951VwfSq8=,ogYyc8e9zTefWjwYAovRJY1mP0k=
10,17,8ZofNxlY3RiSATemG1951VwfSq8=,6K9ijmmXg+XGOp6ZYW/wQ6F6AyI=
15,21,8ZofNxlY3RiSATemG1951VwfSq8=,ogYyc8e9zTefWjwYAovRJY1mP0k=
11,24,8ZofNxlY3RiSATemG1951VwfSq8=,gnJjVQpobgnFLTQz1NPCDJ35V/Y=
12,22,8ZofNxlY3RiSATemG1951VwfSq8=,ogYyc8e9zTefWjwYAovRJY1mP0k=
7,19,8ZofNxlY3RiSATemG1951VwfSq8=,CxNOFUqAlO8sq6QcT+4jrbiCez4=
12,24,8ZofNxlY3RiSATemG1951VwfSq8=,47U5RLBbwm8hCYXON7pXADcdabY=
15,22,8ZofNxlY3RiSATemG1951VwfSq8=,ogYyc8e9zTefWjwYAovRJY1mP0k=
13,24,8ZofNxlY3RiSATemG1951VwfSq8=,47U5RLBbwm8hCYXON7pXADcdabY=
8,18,8ZofNxlY3RiSATemG1951VwfSq8=,6K9ijmmXg+XGOp6ZYW/wQ6F6AyI=
11,23,8ZofNxlY3RiSATemG1951VwfSq8=,4jloIf7bWb/SJ/ljwexnUhT//Zg=
11,22,8ZofNxlY3RiSATemG1951VwfSq8=,4jloIf7bWb/SJ/ljwexnUhT//Zg=
14,21,8ZofNxlY3RiSATemG1951VwfSq8=,ogYyc8e9zTefWjwYAovRJY1mP0k=
9,18,8ZofNxlY3RiSATemG1951VwfSq8=,6K9ijmmXg+XGOp6ZYW/wQ6F6AyI=
14,24,8ZofNxlY3RiSATemG1951VwfSq8=,47U5RLBbwm8hCYXON7pXADcdabY=
7,18,8ZofNxlY3RiSATemG1951VwfSq8=,CxNOFUqAlO8sq6QcT+4jrbiCez4=
12,21,8ZofNxlY3RiSATemG1951VwfSq8=,ogYyc8e9zTefWjwYAovRJY1mP0k=
10,18,8ZofNxlY3RiSATemG1951VwfSq8=,6K9ijmmXg+XGOp6ZYW/wQ6F6AyI=
13,21,8ZofNxlY3RiSATemG1951VwfSq8=,ogYyc8e9zTefWjwYAovRJY1mP0k=
9,16,8ZofNxlY3RiSATemG1951VwfSq8=,6K9ijmmXg+XGOp6ZYW/wQ6F6AyI=
8,16,8ZofNxlY3RiSATemG1951VwfSq8=,6K9ijmmXg+XGOp6ZYW/wQ6F6AyI=
10,16,8ZofNxlY3RiSATemG1951VwfSq8=,6K9ijmmXg+XGOp6ZYW/wQ6F6AyI=
5,16,8ZofNxlY3RiSATemG1951VwfSq8=,CxNOFUqAlO8sq6QcT+4jrbiCez4=
6,16,8ZofNxlY3RiSATemG1951VwfSq8=,CxNOFUqAlO8sq6QcT+4jrbiCez4=
7,16,8ZofNxlY3RiSATemG1951VwfSq8=,CxNOFUqAlO8sq6QcT+4jrbiCez4=
12,19,8ZofNxlY3RiSATemG1951VwfSq8=,624Kv2GvZ3UAau+DlZaLrIVyLao=
11,19,8ZofNxlY3RiSATemG1951VwfSq8=,6K9ijmmXg+XGOp6ZYW/wQ6F6AyI=
13,19,8ZofNxlY3RiSATemG1951VwfSq8=,624Kv2GvZ3UAau+DlZaLrIVyLao=
12,17,8ZofNxlY3RiSATemG1951VwfSq8=,624Kv2GvZ3UAau+DlZaLrIVyLao=
13,17,8ZofNxlY3RiSATemG1951VwfSq8=,624Kv2GvZ3UAau+DlZaLrIVyLao=
14,17,8ZofNxlY3RiSATemG1951VwfSq8=,624Kv2GvZ3UAau+DlZaLrIVyLao=
15,17,8ZofNxlY3RiSATemG1951VwfSq8=,624Kv2GvZ3UAau+DlZaLrIVyLao=
12,18,8ZofNxlY3RiSATemG1951VwfSq8=,624Kv2GvZ3UAau+DlZaLrIVyLao=
12,20,8ZofNxlY3RiSATemG1951VwfSq8=,ogYyc8e9zTefWjwYAovRJY1mP0k=
13,18,8ZofNxlY3RiSATemG1951VwfSq8=,624Kv2GvZ3UAau+DlZaLrIVyLao=
11,16,8ZofNxlY3RiSATemG1951VwfSq8=,6K9ijmmXg+XGOp6ZYW/wQ6F6AyI=
11,20,8ZofNxlY3RiSATemG1951VwfSq8=,4jloIf7bWb/SJ/ljwexnUhT//Zg=
13,20,8ZofNxlY3RiSATemG1951VwfSq8=,ogYyc8e9zTefWjwYAovRJY1mP0k=
14,20,8ZofNxlY3RiSATemG1951VwfSq8=,ogYyc8e9zTefWjwYAovRJY1mP0k=
14,18,8ZofNxlY3RiSATemG1951VwfSq8=,624Kv2GvZ3UAau+DlZaLrIVyLao=
11,17,8ZofNxlY3RiSATemG1951VwfSq8=,6K9ijmmXg+XGOp6ZYW/wQ6F6AyI=
15,20,8ZofNxlY3RiSATemG1951VwfSq8=,ogYyc8e9zTefWjwYAovRJY1mP0k=
14,19,8ZofNxlY3RiSATemG1951VwfSq8=,624Kv2GvZ3UAau+DlZaLrIVyLao=
12,16,8ZofNxlY3RiSATemG1951VwfSq8=,624Kv2GvZ3UAau+DlZaLrIVyLao=
14,16,8ZofNxlY3RiSATemG1951VwfSq8=,624Kv2GvZ3UAau+DlZaLrIVyLao=
15,19,8ZofNxlY3RiSATemG1951VwfSq8=,624Kv2GvZ3UAau+DlZaLrIVyLao=
15,18,8ZofNxlY3RiSATemG1951VwfSq8=,624Kv2GvZ3UAau+DlZaLrIVyLao=
13,16,8ZofNxlY3RiSATemG1951VwfSq8=,624Kv2GvZ3UAau+DlZaLrIVyLao=
11,18,8ZofNxlY3RiSATemG1951VwfSq8=,6K9ijmmXg+XGOp6ZYW/wQ6F6AyI=
4,21,8ZofNxlY3RiSATemG1951VwfSq8=,MlnOLh5rW9Hn1d9RtBEBuPoyk88=
2,22,8ZofNxlY3RiSATemG1951VwfSq8=,401k62AV0UfwhoU4eT1vkGnSeEs=
3,21,8ZofNxlY3RiSATemG1951VwfSq8=,401k62AV0UfwhoU4eT1vkGnSeEs=
4,22,8ZofNxlY3RiSATemG1951VwfSq8=,MlnOLh5rW9Hn1d9RtBEBuPoyk88=
1,21,8ZofNxlY3RiSATemG1951VwfSq8=,401k62AV0UfwhoU4eT1vkGnSeEs=
2,21,8ZofNxlY3RiSATemG1951VwfSq8=,401k62AV0UfwhoU4eT1vkGnSeEs=
3,18,8ZofNxlY3RiSATemG1951VwfSq8=,jrcuGYfEKnbDWbLnHyA/8ZgkiCg=
3,22,8ZofNxlY3RiSATemG1951VwfSq8=,401k62AV0UfwhoU4eT1vkGnSeEs=
2,16,8ZofNxlY3RiSATemG1951VwfSq8=,jrcuGYfEKnbDWbLnHyA/8ZgkiCg=
3,25,8ZofNxlY3RiSATemG1951VwfSq8=,N8eboj1KAFjyi/NJNpijD9NRmp4=
1,22,8ZofNxlY3RiSATemG1951VwfSq8=,401k62AV0UfwhoU4eT1vkGnSeEs=
3,17,8ZofNxlY3RiSATemG1951VwfSq8=,jrcuGYfEKnbDWbLnHyA/8ZgkiCg=
3,24,8ZofNxlY3RiSATemG1951VwfSq8=,N8eboj1KAFjyi/NJNpijD9NRmp4=
2,17,8ZofNxlY3RiSATemG1951VwfSq8=,jrcuGYfEKnbDWbLnHyA/8ZgkiCg=
2,18,8ZofNxlY3RiSATemG1951VwfSq8=,jrcuGYfEKnbDWbLnHyA/8ZgkiCg=
4,17,8ZofNxlY3RiSATemG1951VwfSq8=,CxNOFUqAlO8sq6QcT+4jrbiCez4=
3,23,8ZofNxlY3RiSATemG1951VwfSq8=,401k62AV0UfwhoU4eT1vkGnSeEs=
2,23,8ZofNxlY3RiSATemG1951VwfSq8=,401k62AV0UfwhoU4eT1vkGnSeEs=
4,19,8ZofNxlY3RiSATemG1951VwfSq8=,CxNOFUqAlO8sq6QcT+4jrbiCez4=
4,26,8ZofNxlY3RiSATemG1951VwfSq8=,BrGCJkiXClSJKqRQimL2lD+LCRo=
1,26,8ZofNxlY3RiSATemG1951VwfSq8=,N8eboj1KAFjyi/NJNpijD9NRmp4=
1,23,8ZofNxlY3RiSATemG1951VwfSq8=,401k62AV0UfwhoU4eT1vkGnSeEs=
1,19,8ZofNxlY3RiSATemG1951VwfSq8=,jrcuGYfEKnbDWbLnHyA/8ZgkiCg=
4,20,8ZofNxlY3RiSATemG1951VwfSq8=,MlnOLh5rW9Hn1d9RtBEBuPoyk88=
4,24,8ZofNxlY3RiSATemG1951VwfSq8=,BrGCJkiXClSJKqRQimL2lD+LCRo=
1,17,8ZofNxlY3RiSATemG1951VwfSq8=,jrcuGYfEKnbDWbLnHyA/8ZgkiCg=
2,19,8ZofNxlY3RiSATemG1951VwfSq8=,jrcuGYfEKnbDWbLnHyA/8ZgkiCg=
1,24,8ZofNxlY3RiSATemG1951VwfSq8=,N8eboj1KAFjyi/NJNpijD9NRmp4=
3,26,8ZofNxlY3RiSATemG1951VwfSq8=,N8eboj1KAFjyi/NJNpijD9NRmp4=
4,18,8ZofNxlY3RiSATemG1951VwfSq8=,CxNOFUqAlO8sq6QcT+4jrbiCez4=
3,19,8ZofNxlY3RiSATemG1951VwfSq8=,jrcuGYfEKnbDWbLnHyA/8ZgkiCg=
4,25,8ZofNxlY3RiSATemG1951VwfSq8=,BrGCJkiXClSJKqRQimL2lD+LCRo=
4,16,8ZofNxlY3RiSATemG1951VwfSq8=,CxNOFUqAlO8sq6QcT+4jrbiCez4=
2,26,8ZofNxlY3RiSATemG1951VwfSq8=,N8eboj1KAFjyi/NJNpijD9NRmp4=
2,25,8ZofNxlY3RiSATemG1951VwfSq8=,N8eboj1KAFjyi/NJNpijD9NRmp4=
1,20,8ZofNxlY3RiSATemG1951VwfSq8=,401k62AV0UfwhoU4eT1vkGnSeEs=
4,23,8ZofNxlY3RiSATemG1951VwfSq8=,MlnOLh5rW9Hn1d9RtBEBuPoyk88=
1,18,8ZofNxlY3RiSATemG1951VwfSq8=,jrcuGYfEKnbDWbLnHyA/8ZgkiCg=
2,20,8ZofNxlY3RiSATemG1951VwfSq8=,401k62AV0UfwhoU4eT1vkGnSeEs=
2,24,8ZofNxlY3RiSATemG1951VwfSq8=,N8eboj1KAFjyi/NJNpijD9NRmp4=
3,16,8ZofNxlY3RiSATemG1951VwfSq8=,jrcuGYfEKnbDWbLnHyA/8ZgkiCg=
3,20,8ZofNxlY3RiSATemG1951VwfSq8=,401k62AV0UfwhoU4eT1vkGnSeEs=
1,16,8ZofNxlY3RiSATemG1951VwfSq8=,jrcuGYfEKnbDWbLnHyA/8ZgkiCg=
1,25,8ZofNxlY3RiSATemG1951VwfSq8=,N8eboj1KAFjyi/NJNpijD9NRmp4=
1,28,8ZofNxlY3RiSATemG1951VwfSq8=,UUBX3jVQnWqwPpoqh6jhz4o+3Fk=
2,28,8ZofNxlY3RiSATemG1951VwfSq8=,UUBX3jVQnWqwPpoqh6jhz4o+3Fk=
1,29,8ZofNxlY3RiSATemG1951VwfSq8=,UUBX3jVQnWqwPpoqh6jhz4o+3Fk=
2,29,8ZofNxlY3RiSATemG1951VwfSq8=,UUBX3jVQnWqwPpoqh6jhz4o+3Fk=
4,31,8ZofNxlY3RiSATemG1951VwfSq8=,fGml+L16llS5DvMAPMcDvE9Wl7A=
1,27,8ZofNxlY3RiSATemG1951VwfSq8=,N8eboj1KAFjyi/NJNpijD9NRmp4=
4,30,8ZofNxlY3RiSATemG1951VwfSq8=,fGml+L16llS5DvMAPMcDvE9Wl7A=
2,27,8ZofNxlY3RiSATemG1951VwfSq8=,N8eboj1KAFjyi/NJNpijD9NRmp4=
4,27,8ZofNxlY3RiSATemG1951VwfSq8=,BrGCJkiXClSJKqRQimL2lD+LCRo=
1,30,8ZofNxlY3RiSATemG1951VwfSq8=,UUBX3jVQnWqwPpoqh6jhz4o+3Fk=
5,27,8ZofNxlY3RiSATemG1951VwfSq8=,BrGCJkiXClSJKqRQimL2lD+LCRo=
2,30,8ZofNxlY3RiSATemG1951VwfSq8=,UUBX3jVQnWqwPpoqh6jhz4o+3Fk=
4,28,8ZofNxlY3RiSATemG1951VwfSq8=,fGml+L16llS5DvMAPMcDvE9Wl7A=
1,31,8ZofNxlY3RiSATemG1951VwfSq8=,UUBX3jVQnWqwPpoqh6jhz4o+3Fk=
2,31,8ZofNxlY3RiSATemG1951VwfSq8=,UUBX3jVQnWqwPpoqh6jhz4o+3Fk=
6,27,8ZofNxlY3RiSATemG1951VwfSq8=,BrGCJkiXClSJKqRQimL2lD+LCRo=
5,31,8ZofNxlY3RiSATemG1951VwfSq8=,fGml+L16llS5DvMAPMcDvE9Wl7A=
6,31,8ZofNxlY3RiSATemG1951VwfSq8=,fGml+L16llS5DvMAPMcDvE9Wl7A=
3,28,8ZofNxlY3RiSATemG1951VwfSq8=,UUBX3jVQnWqwPpoqh6jhz4o+3Fk=
5,28,8ZofNxlY3RiSATemG1951VwfSq8=,fGml+L16llS5DvMAPMcDvE9Wl7A=
4,29,8ZofNxlY3RiSATemG1951VwfSq8=,fGml+L16llS5DvMAPMcDvE9Wl7A=
6,28,8ZofNxlY3RiSATemG1951VwfSq8=,fGml+L16llS5DvMAPMcDvE9Wl7A=
6,30,8ZofNxlY3RiSATemG1951VwfSq8=,fGml+L16llS5DvMAPMcDvE9Wl7A=
3,31,8ZofNxlY3RiSATemG1951VwfSq8=,UUBX3jVQnWqwPpoqh6jhz4o+3Fk=
3,29,8ZofNxlY3RiSATemG1951VwfSq8=,UUBX3jVQnWqwPpoqh6jhz4o+3Fk=
8,27,8ZofNxlY3RiSATemG1951VwfSq8=,gnJjVQpobgnFLTQz1NPCDJ35V/Y=
3,27,8ZofNxlY3RiSATemG1951VwfSq8=,N8eboj1KAFjyi/NJNpijD9NRmp4=
8,31,8ZofNxlY3RiSATemG1951VwfSq8=,h1MZ37d2lave5k+IxwC9HmfEOZE=
5,30,8ZofNxlY3RiSATemG1951VwfSq8=,fGml+L16llS5DvMAPMcDvE9Wl7A=
6,29,8ZofNxlY3RiSATemG1951VwfSq8=,fGml+L16llS5DvMAPMcDvE9Wl7A=
7,29,8ZofNxlY3RiSATemG1951VwfSq8=,fGml+L16llS5DvMAPMcDvE9Wl7A=
3,30,8ZofNxlY3RiSATemG1951VwfSq8=,UUBX3jVQnWqwPpoqh6jhz4o+3Fk=
15,25,8ZofNxlY3RiSATemG1951VwfSq8=,47U5RLBbwm8hCYXON7pXADcdabY=
12,29,8ZofNxlY3RiSATemG1951VwfSq8=,nHAKIrzqO0QGb/ktB0Jr3oIFVX0=
5,29,8ZofNxlY3RiSATemG1951VwfSq8=,fGml+L16llS5DvMAPMcDvE9Wl7A=
15,28,8ZofNxlY3RiSATemG1951VwfSq8=,nHAKIrzqO0QGb/ktB0Jr3oIFVX0=
15,23,8ZofNxlY3RiSATemG1951VwfSq8=,ogYyc8e9zTefWjwYAovRJY1mP0k=
13,29,8ZofNxlY3RiSATemG1951VwfSq8=,nHAKIrzqO0QGb/ktB0Jr3oIFVX0=
14,28,8ZofNxlY3RiSATemG1951VwfSq8=,nHAKIrzqO0QGb/ktB0Jr3oIFVX0=
11,30,8ZofNxlY3RiSATemG1951VwfSq8=,h1MZ37d2lave5k+IxwC9HmfEOZE=
0,17,8ZofNxlY3RiSATemG1951VwfSq8=,jrcuGYfEKnbDWbLnHyA/8ZgkiCg=
13,28,8ZofNxlY3RiSATemG1951VwfSq8=,nHAKIrzqO0QGb/ktB0Jr3oIFVX0=
15,24,8ZofNxlY3RiSATemG1951VwfSq8=,47U5RLBbwm8hCYXON7pXADcdabY=
9,27,8ZofNxlY3RiSATemG1951VwfSq8=,gnJjVQpobgnFLTQz1NPCDJ35V/Y=
12,27,8ZofNxlY3RiSATemG1951VwfSq8=,47U5RLBbwm8hCYXON7pXADcdabY=
0,18,8ZofNxlY3RiSATemG1951VwfSq8=,jrcuGYfEKnbDWbLnHyA/8ZgkiCg=
12,28,8ZofNxlY3RiSATemG1951VwfSq8=,nHAKIrzqO0QGb/ktB0Jr3oIFVX0=
15,30,8ZofNxlY3RiSATemG1951VwfSq8=,nHAKIrzqO0QGb/ktB0Jr3oIFVX0=
15,26,8ZofNxlY3RiSATemG1951VwfSq8=,47U5RLBbwm8hCYXON7pXADcdabY=
12,31,8ZofNxlY3RiSATemG1951VwfSq8=,nHAKIrzqO0QGb/ktB0Jr3oIFVX0=
10,27,8ZofNxlY3RiSATemG1951VwfSq8=,gnJjVQpobgnFLTQz1NPCDJ35V/Y=
11,29,8ZofNxlY3RiSATemG1951VwfSq8=,h1MZ37d2lave5k+IxwC9HmfEOZE=
9,31,8ZofNxlY3RiSATemG1951VwfSq8=,h1MZ37d2lave5k+IxwC9HmfEOZE=
0,19,8ZofNxlY3RiSATemG1951VwfSq8=,jrcuGYfEKnbDWbLnHyA/8ZgkiCg=
14,30,8ZofNxlY3RiSATemG1951VwfSq8=,nHAKIrzqO0QGb/ktB0Jr3oIFVX0=
11,27,8ZofNxlY3RiSATemG1951VwfSq8=,gnJjVQpobgnFLTQz1NPCDJ35V/Y=
10,30,8ZofNxlY3RiSATemG1951VwfSq8=,h1MZ37d2lave5k+IxwC9HmfEOZE=
7,30,8ZofNxlY3RiSATemG1951VwfSq8=,fGml+L16llS5DvMAPMcDvE9Wl7A=
7,27,8ZofNxlY3RiSATemG1951VwfSq8=,BrGCJkiXClSJKqRQimL2lD+LCRo=
15,27,8ZofNxlY3RiSATemG1951VwfSq8=,47U5RLBbwm8hCYXON7pXADcdabY=
11,31,8ZofNxlY3RiSATemG1951VwfSq8=,h1MZ37d2lave5k+IxwC9HmfEOZE=
0,20,8ZofNxlY3RiSATemG1951VwfSq8=,401k62AV0UfwhoU4eT1vkGnSeEs=
14,29,8ZofNxlY3RiSATemG1951VwfSq8=,nHAKIrzqO0QGb/ktB0Jr3oIFVX0=
11,28,8ZofNxlY3RiSATemG1951VwfSq8=,h1MZ37d2lave5k+IxwC9HmfEOZE=
13,30,8ZofNxlY3RiSATemG1951VwfSq8=,nHAKIrzqO0QGb/ktB0Jr3oIFVX0=
7,31,8ZofNxlY3RiSATemG1951VwfSq8=,fGml+L16llS5DvMAPMcDvE9Wl7A=
0,26,8ZofNxlY3RiSATemG1951VwfSq8=,N8eboj1KAFjyi/NJNpijD9NRmp4=
14,27,8ZofNxlY3RiSATemG1951VwfSq8=,47U5RLBbwm8hCYXON7pXADcdabY=
0,21,8ZofNxlY3RiSATemG1951VwfSq8=,401k62AV0UfwhoU4eT1vkGnSeEs=
13,27,8ZofNxlY3RiSATemG1951VwfSq8=,47U5RLBbwm8hCYXON7pXADcdabY=
12,30,8ZofNxlY3RiSATemG1951VwfSq8=,nHAKIrzqO0QGb/ktB0Jr3oIFVX0=
15,31,8ZofNxlY3RiSATemG1951VwfSq8=,nHAKIrzqO0QGb/ktB0Jr3oIFVX0=
14,31,8ZofNxlY3RiSATemG1951VwfSq8=,nHAKIrzqO0QGb/ktB0Jr3oIFVX0=
8,28,8ZofNxlY3RiSATemG1951VwfSq8=,h1MZ37d2lave5k+IxwC9HmfEOZE=
13,31,8ZofNxlY3RiSATemG1951VwfSq8=,nHAKIrzqO0QGb/ktB0Jr3oIFVX0=
0,25,8ZofNxlY3RiSATemG1951VwfSq8=,N8eboj1KAFjyi/NJNpijD9NRmp4=
0,22,8ZofNxlY3RiSATemG1951VwfSq8=,401k62AV0UfwhoU4eT1vkGnSeEs=
15,29,8ZofNxlY3RiSATemG1951VwfSq8=,nHAKIrzqO0QGb/ktB0Jr3oIFVX0=
15,16,8ZofNxlY3RiSATemG1951VwfSq8=,624Kv2GvZ3UAau+DlZaLrIVyLao=
9,28,8ZofNxlY3RiSATemG1951VwfSq8=,h1MZ37d2lave5k+IxwC9HmfEOZE=
0,24,8ZofNxlY3RiSATemG1951VwfSq8=,N8eboj1KAFjyi/NJNpijD9NRmp4=
9,30,8ZofNxlY3RiSATemG1951VwfSq8=,h1MZ37d2lave5k+IxwC9HmfEOZE=
0,29,8ZofNxlY3RiSATemG1951VwfSq8=,UUBX3jVQnWqwPpoqh6jhz4o+3Fk=
10,29,8ZofNxlY3RiSATemG1951VwfSq8=,h1MZ37d2lave5k+IxwC9HmfEOZE=
8,30,8ZofNxlY3RiSATemG1951VwfSq8=,h1MZ37d2lave5k+IxwC9HmfEOZE=
10,28,8ZofNxlY3RiSATemG1951VwfSq8=,h1MZ37d2lave5k+IxwC9HmfEOZE=
0,23,8ZofNxlY3RiSATemG1951VwfSq8=,401k62AV0UfwhoU4eT1vkGnSeEs=
9,29,8ZofNxlY3RiSATemG1951VwfSq8=,h1MZ37d2lave5k+IxwC9HmfEOZE=
0,30,8ZofNxlY3RiSATemG1951VwfSq8=,UUBX3jVQnWqwPpoqh6jhz4o+3Fk=
0,28,8ZofNxlY3RiSATemG1951VwfSq8=,UUBX3jVQnWqwPpoqh6jhz4o+3Fk=
10,31,8ZofNxlY3RiSATemG1951VwfSq8=,h1MZ37d2lave5k+IxwC9HmfEOZE=
7,28,8ZofNxlY3RiSATemG1951VwfSq8=,fGml+L16llS5DvMAPMcDvE9Wl7A=
8,29,8ZofNxlY3RiSATemG1951VwfSq8=,h1MZ37d2lave5k+IxwC9HmfEOZE=
0,27,8ZofNxlY3RiSATemG1951VwfSq8=,N8eboj1KAFjyi/NJNpijD9NRmp4=
0,16,8ZofNxlY3RiSATemG1951VwfSq8=,jrcuGYfEKnbDWbLnHyA/8ZgkiCg=
0,31,8ZofNxlY3RiSATemG1951VwfSq8=,UUBX3jVQnWqwPpoqh6jhz4o+3Fk=
29,17,gS6GRMLussLXADTe2Uz1VnJ0eRM=,Krg3jCW/9G8TnredHoAmsIhcf8c=
29,19,+TaBm9CHedbJQypIFHKeHqc03Kw=,Krg3jCW/9G8TnredHoAmsIhcf8c=
30,17,+TaBm9CHedbJQypIFHKeHqc03Kw=,Krg3jCW/9G8TnredHoAmsIhcf8c=
31,17,kNpnoRX33mFd0/RQstL0TVwdtHI=,Krg3jCW/9G8TnredHoAmsIhcf8c=
28,17,RtUs4KMXTDY1raYnLBsCso+u32A=,Krg3jCW/9G8TnredHoAmsIhcf8c=
29,18,RtUs4KMXTDY1raYnLBsCso+u32A=,Krg3jCW/9G8TnredHoAmsIhcf8c=
25,17,RtUs4KMXTDY1raYnLBsCso+u32A=,Qdp3MJR/wLqutUrd6PApDgc7Nc8=
31,18,GPEXu1e8Gcbf+CiD94XDRpD6JLA=,Krg3jCW/9G8TnredHoAmsIhcf8c=
30,18,i011Zy/KvbkC0w9ERsvnCrGO8ms=,Krg3jCW/9G8TnredHoAmsIhcf8c=
31,22,i011Zy/KvbkC0w9ERsvnCrGO8ms=,Wv0FV4ieaHB4d63r5BeJIN3N63o=
30,22,i011Zy/KvbkC0w9ERsvnCrGO8ms=,Wv0FV4ieaHB4d63r5BeJIN3N63o=
26,17,aJiwsBbMK6ciYeWLbJy6SouvNjY=,Qdp3MJR/wLqutUrd6PApDgc7Nc8=
31,21,aJiwsBbMK6ciYeWLbJy6SouvNjY=,Wv0FV4ieaHB4d63r5BeJIN3N63o=
25,19,aJiwsBbMK6ciYeWLbJy6SouvNjY=,Qdp3MJR/wLqutUrd6PApDgc7Nc8=
27,18,aJiwsBbMK6ciYeWLbJy6SouvNjY=,Qdp3MJR/wLqutUrd6PApDgc7Nc8=
28,22,tglqHusrlYbByKa4Em0vWpT2OgE=,Wv0FV4ieaHB4d63r5BeJIN3N63o=
29,22,PImXrB0/plQaKYMv0E21jwHTROM=,Wv0FV4ieaHB4d63r5BeJIN3N63o=
26,18,PImXrB0/plQaKYMv0E21jwHTROM=,Qdp3MJR/wLqutUrd6PApDgc7Nc8=
27,17,PImXrB0/plQaKYMv0E21jwHTROM=,Qdp3MJR/wLqutUrd6PApDgc7Nc8=
26,19,PImXrB0/plQaKYMv0E21jwHTROM=,Qdp3MJR/wLqutUrd6PApDgc7Nc8=
28,18,PImXrB0/plQaKYMv0E21jwHTROM=,Krg3jCW/9G8TnredHoAmsIhcf8c=
27,19,PImXrB0/plQaKYMv0E21jwHTROM=,Qdp3MJR/wLqutUrd6PApDgc7Nc8=
25,18,PImXrB0/plQaKYMv0E21jwHTROM=,Qdp3MJR/wLqutUrd6PApDgc7Nc8=
26,20,PImXrB0/plQaKYMv0E21jwHTROM=,paTmw4uPV9pG+L8xokUeFmo4jjo=
25,20,PImXrB0/plQaKYMv0E21jwHTROM=,paTmw4uPV9pG+L8xokUeFmo4jjo=
25,21,PImXrB0/plQaKYMv0E21jwHTROM=,paTmw4uPV9pG+L8xokUeFmo4jjo=
27,20,PImXrB0/plQaKYMv0E21jwHTROM=,paTmw4uPV9pG+L8xokUeFmo4jjo=
26,21,PImXrB0/plQaKYMv0E21jwHTROM=,paTmw4uPV9pG+L8xokUeFmo4jjo=
27,21,PImXrB0/plQaKYMv0E21jwHTROM=,paTmw4uPV9pG+L8xokUeFmo4jjo=
28,19,PImXrB0/plQaKYMv0E21jwHTROM=,Krg3jCW/9G8TnredHoAmsIhcf8c=
25,22,PImXrB0/plQaKYMv0E21jwHTROM=,paTmw4uPV9pG+L8xokUeFmo4jjo=
28,20,PImXrB0/plQaKYMv0E21jwHTROM=,Wv0FV4ieaHB4d63r5BeJIN3N63o=
27,22,PImXrB0/plQaKYMv0E21jwHTROM=,paTmw4uPV9pG+L8xokUeFmo4jjo=
26,22,PImXrB0/plQaKYMv0E21jwHTROM=,paTmw4uPV9pG+L8xokUeFmo4jjo=
28,21,PImXrB0/plQaKYMv0E21jwHTROM=,Wv0FV4ieaHB4d63r5BeJIN3N63o=
31,19,PImXrB0/plQaKYMv0E21jwHTROM=,Krg3jCW/9G8TnredHoAmsIhcf8c=
30,21,PImXrB0/plQaKYMv0E21jwHTROM=,Wv0FV4ieaHB4d63r5BeJIN3N63o=
31,20,PImXrB0/plQaKYMv0E21jwHTROM=,Wv0FV4ieaHB4d63r5BeJIN3N63o=
29,21,PImXrB0/plQaKYMv0E21jwHTROM=,Wv0FV4ieaHB4d63r5BeJIN3N63o=
29,20,PImXrB0/plQaKYMv0E21jwHTROM=,Wv0FV4ieaHB4d63r5BeJIN3N63o=
30,19,PImXrB0/plQaKYMv0E21jwHTROM=,Krg3jCW/9G8TnredHoAmsIhcf8c=
30,20,PImXrB0/plQaKYMv0E21jwHTROM=,Wv0FV4ieaHB4d63r5BeJIN3N63o=
26,24,PImXrB0/plQaKYMv0E21jwHTROM=,QxSyq5eZYOWvTHHCD6G2qUdRukU=
25,23,PImXrB0/plQaKYMv0E21jwHTROM=,paTmw4uPV9pG+L8xokUeFmo4jjo=
26,23,PImXrB0/plQaKYMv0E21jwHTROM=,paTmw4uPV9pG+L8xokUeFmo4jjo=
25,25,PImXrB0/plQaKYMv0E21jwHTROM=,QxSyq5eZYOWvTHHCD6G2qUdRukU=
25,24,PImXrB0/plQaKYMv0E21jwHTROM=,QxSyq5eZYOWvTHHCD6G2qUdRukU=
25,26,PImXrB0/plQaKYMv0E21jwHTROM=,QxSyq5eZYOWvTHHCD6G2qUdRukU=
26,26,PImXrB0/plQaKYMv0E21jwHTROM=,QxSyq5eZYOWvTHHCD6G2qUdRukU=
27,23,PImXrB0/plQaKYMv0E21jwHTROM=,paTmw4uPV9pG+L8xokUeFmo4jjo=
26,25,PImXrB0/plQaKYMv0E21jwHTROM=,QxSyq5eZYOWvTHHCD6G2qUdRukU=
27,24,PImXrB0/plQaKYMv0E21jwHTROM=,QxSyq5eZYOWvTHHCD6G2qUdRukU=
27,25,PImXrB0/plQaKYMv0E21jwHTROM=,QxSyq5eZYOWvTHHCD6G2qUdRukU=
28,23,PImXrB0/plQaKYMv0E21jwHTROM=,Wv0FV4ieaHB4d63r5BeJIN3N63o=
29,23,PImXrB0/plQaKYMv0E21jwHTROM=,Wv0FV4ieaHB4d63r5BeJIN3N63o=
30,23,PImXrB0/plQaKYMv0E21jwHTROM=,Wv0FV4ieaHB4d63r5BeJIN3N63o=
26,27,PImXrB0/plQaKYMv0E21jwHTROM=,QxSyq5eZYOWvTHHCD6G2qUdRukU=
31,23,PImXrB0/plQaKYMv0E21jwHTROM=,Wv0FV4ieaHB4d63r5BeJIN3N63o=
28,29,PImXrB0/plQaKYMv0E21jwHTROM=,n6e3xn32hqBoc+ma2zG4ET/gx+8=
28,25,PImXrB0/plQaKYMv0E21jwHTROM=,OpIAkn37C5Fv2hcMKP/w6Y/fmRI=
25,28,PImXrB0/plQaKYMv0E21jwHTROM=,HsGDQy5pAq8lKg/aoiGDAA8BO2w=
31,24,PImXrB0/plQaKYMv0E21jwHTROM=,OpIAkn37C5Fv2hcMKP/w6Y/fmRI=
29,29,PImXrB0/plQaKYMv0E21jwHTROM=,n6e3xn32hqBoc+ma2zG4ET/gx+8=
30,29,PImXrB0/plQaKYMv0E21jwHTROM=,n6e3xn32hqBoc+ma2zG4ET/gx+8=
29,25,PImXrB0/plQaKYMv0E21jwHTROM=,OpIAkn37C5Fv2hcMKP/w6Y/fmRI=
26,28,PImXrB0/plQaKYMv0E21jwHTROM=,HsGDQy5pAq8lKg/aoiGDAA8BO2w=
25,27,PImXrB0/plQaKYMv0E21jwHTROM=,QxSyq5eZYOWvTHHCD6G2qUdRukU=
27,26,PImXrB0/plQaKYMv0E21jwHTROM=,QxSyq5eZYOWvTHHCD6G2qUdRukU=
27,31,PImXrB0/plQaKYMv0E21jwHTROM=,HsGDQy5pAq8lKg/aoiGDAA8BO2w=
25,29,PImXrB0/plQaKYMv0E21jwHTROM=,HsGDQy5pAq8lKg/aoiGDAA8BO2w=
27,27,PImXrB0/plQaKYMv0E21jwHTROM=,QxSyq5eZYOWvTHHCD6G2qUdRukU=
31,26,PImXrB0/plQaKYMv0E21jwHTROM=,OpIAkn37C5Fv2hcMKP/w6Y/fmRI=
30,25,PImXrB0/plQaKYMv0E21jwHTROM=,OpIAkn37C5Fv2hcMKP/w6Y/fmRI=
31,29,PImXrB0/plQaKYMv0E21jwHTROM=,n6e3xn32hqBoc+ma2zG4ET/gx+8=
31,25,PImXrB0/plQaKYMv0E21jwHTROM=,OpIAkn37C5Fv2hcMKP/w6Y/fmRI=
26,29,PImXrB0/plQaKYMv0E21jwHTROM=,HsGDQy5pAq8lKg/aoiGDAA8BO2w=
28,30,PImXrB0/plQaKYMv0E21jwHTROM=,n6e3xn32hqBoc+ma2zG4ET/gx+8=
28,26,PImXrB0/plQaKYMv0E21jwHTROM=,OpIAkn37C5Fv2hcMKP/w6Y/fmRI=
30,24,PImXrB0/plQaKYMv0E21jwHTROM=,OpIAkn37C5Fv2hcMKP/w6Y/fmRI=
31,31,PImXrB0/plQaKYMv0E21jwHTROM=,n6e3xn32hqBoc+ma2zG4ET/gx+8=
25,30,PImXrB0/plQaKYMv0E21jwHTROM=,HsGDQy5pAq8lKg/aoiGDAA8BO2w=
30,31,PImXrB0/plQaKYMv0E21jwHTROM=,n6e3xn32hqBoc+ma2zG4ET/gx+8=
29,26,PImXrB0/plQaKYMv0E21jwHTROM=,OpIAkn37C5Fv2hcMKP/w6Y/fmRI=
27,28,PImXrB0/plQaKYMv0E21jwHTROM=,HsGDQy5pAq8lKg/aoiGDAA8BO2w=
26,30,PImXrB0/plQaKYMv0E21jwHTROM=,HsGDQy5pAq8lKg/aoiGDAA8BO2w=
30,26,PImXrB0/plQaKYMv0E21jwHTROM=,OpIAkn37C5Fv2hcMKP/w6Y/fmRI=
29,30,PImXrB0/plQaKYMv0E21jwHTROM=,n6e3xn32hqBoc+ma2zG4ET/gx+8=
25,31,PImXrB0/plQaKYMv0E21jwHTROM=,HsGDQy5pAq8lKg/aoiGDAA8BO2w=
28,24,PImXrB0/plQaKYMv0E21jwHTROM=,OpIAkn37C5Fv2hcMKP/w6Y/fmRI=
29,24,PImXrB0/plQaKYMv0E21jwHTROM=,OpIAkn37C5Fv2hcMKP/w6Y/fmRI=
26,31,PImXrB0/plQaKYMv0E21jwHTROM=,HsGDQy5pAq8lKg/aoiGDAA8BO2w=
28,27,PImXrB0/plQaKYMv0E21jwHTROM=,OpIAkn37C5Fv2hcMKP/w6Y/fmRI=
31,28,PImXrB0/plQaKYMv0E21jwHTROM=,n6e3xn32hqBoc+ma2zG4ET/gx+8=
29,27,PImXrB0/plQaKYMv0E21jwHTROM=,OpIAkn37C5Fv2hcMKP/w6Y/fmRI=
28,28,PImXrB0/plQaKYMv0E21jwHTROM=,n6e3xn32hqBoc+ma2zG4ET/gx+8=
30,27,PImXrB0/plQaKYMv0E21jwHTROM=,OpIAkn37C5Fv2hcMKP/w6Y/fmRI=
29,28,PImXrB0/plQaKYMv0E21jwHTROM=,n6e3xn32hqBoc+ma2zG4ET/gx+8=
30,30,PImXrB0/plQaKYMv0E21jwHTROM=,n6e3xn32hqBoc+ma2zG4ET/gx+8=
27,29,PImXrB0/plQaKYMv0E21jwHTROM=,HsGDQy5pAq8lKg/aoiGDAA8BO2w=
31,30,PImXrB0/plQaKYMv0E21jwHTROM=,n6e3xn32hqBoc+ma2zG4ET/gx+8=
31,27,PImXrB0/plQaKYMv0E21jwHTROM=,OpIAkn37C5Fv2hcMKP/w6Y/fmRI=
27,30,PImXrB0/plQaKYMv0E21jwHTROM=,HsGDQy5pAq8lKg/aoiGDAA8BO2w=
30,28,PImXrB0/plQaKYMv0E21jwHTROM=,n6e3xn32hqBoc+ma2zG4ET/gx+8=
28,31,PImXrB0/plQaKYMv0E21jwHTROM=,n6e3xn32hqBoc+ma2zG4ET/gx+8=
29,31,PImXrB0/plQaKYMv0E21jwHTROM=,n6e3xn32hqBoc+ma2zG4ET/gx+8=
24,25,PImXrB0/plQaKYMv0E21jwHTROM=,QxSyq5eZYOWvTHHCD6G2qUdRukU=
23,26,PImXrB0/plQaKYMv0E21jwHTROM=,Rk23qhWn9KhYGIFwTDjsc9p734k=
24,26,PImXrB0/plQaKYMv0E21jwHTROM=,QxSyq5eZYOWvTHHCD6G2qUdRukU=
22,26,PImXrB0/plQaKYMv0E21jwHTROM=,Rk23qhWn9KhYGIFwTDjsc9p734k=
21,26,PImXrB0/plQaKYMv0E21jwHTROM=,Rk23qhWn9KhYGIFwTDjsc9p734k=
23,25,PImXrB0/plQaKYMv0E21jwHTROM=,Rk23qhWn9KhYGIFwTDjsc9p734k=
22,25,PImXrB0/plQaKYMv0E21jwHTROM=,Rk23qhWn9KhYGIFwTDjsc9p734k=
21,25,PImXrB0/plQaKYMv0E21jwHTROM=,Rk23qhWn9KhYGIFwTDjsc9p734k=
22,30,PImXrB0/plQaKYMv0E21jwHTROM=,V7RWti0YrTw3fTDYE5igMqkqq44=
23,27,PImXrB0/plQaKYMv0E21jwHTROM=,Rk23qhWn9KhYGIFwTDjsc9p734k=
23,30,PImXrB0/plQaKYMv0E21jwHTROM=,V7RWti0YrTw3fTDYE5igMqkqq44=
21,30,PImXrB0/plQaKYMv0E21jwHTROM=,V7RWti0YrTw3fTDYE5igMqkqq44=
24,28,PImXrB0/plQaKYMv0E21jwHTROM=,HsGDQy5pAq8lKg/aoiGDAA8BO2w=
21,31,PImXrB0/plQaKYMv0E21jwHTROM=,V7RWti0YrTw3fTDYE5igMqkqq44=
24,27,PImXrB0/plQaKYMv0E21jwHTROM=,QxSyq5eZYOWvTHHCD6G2qUdRukU=
24,29,PImXrB0/plQaKYMv0E21jwHTROM=,HsGDQy5pAq8lKg/aoiGDAA8BO2w=
21,27,PImXrB0/plQaKYMv0E21jwHTROM=,Rk23qhWn9KhYGIFwTDjsc9p734k=
24,31,PImXrB0/plQaKYMv0E21jwHTROM=,HsGDQy5pAq8lKg/aoiGDAA8BO2w=
23,29,PImXrB0/plQaKYMv0E21jwHTROM=,V7RWti0YrTw3fTDYE5igMqkqq44=
22,27,PImXrB0/plQaKYMv0E21jwHTROM=,Rk23qhWn9KhYGIFwTDjsc9p734k=
22,29,PImXrB0/plQaKYMv0E21jwHTROM=,V7RWti0YrTw3fTDYE5igMqkqq44=
21,29,PImXrB0/plQaKYMv0E21jwHTROM=,V7RWti0YrTw3fTDYE5igMqkqq44=
24,30,PImXrB0/plQaKYMv0E21jwHTROM=,HsGDQy5pAq8lKg/aoiGDAA8BO2w=
23,28,PImXrB0/plQaKYMv0E21jwHTROM=,V7RWti0YrTw3fTDYE5igMqkqq44=
21,28,PImXrB0/plQaKYMv0E21jwHTROM=,V7RWti0YrTw3fTDYE5igMqkqq44=
23,31,PImXrB0/plQaKYMv0E21jwHTROM=,V7RWti0YrTw3fTDYE5igMqkqq44=
22,28,PImXrB0/plQaKYMv0E21jwHTROM=,V7RWti0YrTw3fTDYE5igMqkqq44=
22,31,PImXrB0/plQaKYMv0E21jwHTROM=,V7RWti0YrTw3fTDYE5igMqkqq44=
22,23,PImXrB0/plQaKYMv0E21jwHTROM=,V3W94hlnyF4goX2P5FDRQ5zQYIg=
23,23,PImXrB0/plQaKYMv0E21jwHTROM=,V3W94hlnyF4goX2P5FDRQ5zQYIg=
24,23,PImXrB0/plQaKYMv0E21jwHTROM=,paTmw4uPV9pG+L8xokUeFmo4jjo=
18,21,PImXrB0/plQaKYMv0E21jwHTROM=,UEmcFTO2d+F4cXatkqzzPK7Lw/U=
21,21,PImXrB0/plQaKYMv0E21jwHTROM=,V3W94hlnyF4goX2P5FDRQ5zQYIg=
18,22,PImXrB0/plQaKYMv0E21jwHTROM=,UEmcFTO2d+F4cXatkqzzPK7Lw/U=
17,21,PImXrB0/plQaKYMv0E21jwHTROM=,UEmcFTO2d+F4cXatkqzzPK7Lw/U=
22,21,PImXrB0/plQaKYMv0E21jwHTROM=,V3W94hlnyF4goX2P5FDRQ5zQYIg=
19,22,PImXrB0/plQaKYMv0E21jwHTROM=,UEmcFTO2d+F4cXatkqzzPK7Lw/U=
23,21,PImXrB0/plQaKYMv0E21jwHTROM=,V3W94hlnyF4goX2P5FDRQ5zQYIg=
20,21,PImXrB0/plQaKYMv0E21jwHTROM=,V3W94hlnyF4goX2P5FDRQ5zQYIg=
20,22,PImXrB0/plQaKYMv0E21jwHTROM=,V3W94hlnyF4goX2P5FDRQ5zQYIg=
24,21,PImXrB0/plQaKYMv0E21jwHTROM=,paTmw4uPV9pG+L8xokUeFmo4jjo=
19,21,PImXrB0/plQaKYMv0E21jwHTROM=,UEmcFTO2d+F4cXatkqzzPK7Lw/U=
21,24,PImXrB0/plQaKYMv0E21jwHTROM=,Rk23qhWn9KhYGIFwTDjsc9p734k=
17,22,PImXrB0/plQaKYMv0E21jwHTROM=,UEmcFTO2d+F4cXatkqzzPK7Lw/U=
22,24,PImXrB0/plQaKYMv0E21jwHTROM=,Rk23qhWn9KhYGIFwTDjsc9p734k=
23,24,PImXrB0/plQaKYMv0E21jwHTROM=,Rk23qhWn9KhYGIFwTDjsc9p734k=
24,24,PImXrB0/plQaKYMv0E21jwHTROM=,QxSyq5eZYOWvTHHCD6G2qUdRukU=
24,22,PImXrB0/plQaKYMv0E21jwHTROM=,paTmw4uPV9pG+L8xokUeFmo4jjo=
21,22,PImXrB0/plQaKYMv0E21jwHTROM=,V3W94hlnyF4goX2P5FDRQ5zQYIg=
22,22,PImXrB0/plQaKYMv0E21jwHTROM=,V3W94hlnyF4goX2P5FDRQ5zQYIg=
23,22,PImXrB0/plQaKYMv0E21jwHTROM=,V3W94hlnyF4goX2P5FDRQ5zQYIg=
21,23,PImXrB0/plQaKYMv0E21jwHTROM=,V3W94hlnyF4goX2P5FDRQ5zQYIg=
18,23,PImXrB0/plQaKYMv0E21jwHTROM=,UEmcFTO2d+F4cXatkqzzPK7Lw/U=
17,25,PImXrB0/plQaKYMv0E21jwHTROM=,vGHF5BcrqsOrvnjm8Daved+gKmI=
17,23,PImXrB0/plQaKYMv0E21jwHTROM=,UEmcFTO2d+F4cXatkqzzPK7Lw/U=
19,23,PImXrB0/plQaKYMv0E21jwHTROM=,UEmcFTO2d+F4cXatkqzzPK7Lw/U=
17,24,PImXrB0/plQaKYMv0E21jwHTROM=,vGHF5BcrqsOrvnjm8Daved+gKmI=
18,24,PImXrB0/plQaKYMv0E21jwHTROM=,vGHF5BcrqsOrvnjm8Daved+gKmI=
20,24,PImXrB0/plQaKYMv0E21jwHTROM=,Rk23qhWn9KhYGIFwTDjsc9p734k=
17,26,PImXrB0/plQaKYMv0E21jwHTROM=,vGHF5BcrqsOrvnjm8Daved+gKmI=
18,25,PImXrB0/plQaKYMv0E21jwHTROM=,vGHF5BcrqsOrvnjm8Daved+gKmI=
20,25,PImXrB0/plQaKYMv0E21jwHTROM=,Rk23qhWn9KhYGIFwTDjsc9p734k=
18,26,PImXrB0/plQaKYMv0E21jwHTROM=,vGHF5BcrqsOrvnjm8Daved+gKmI=
20,26,PImXrB0/plQaKYMv0E21jwHTROM=,Rk23qhWn9KhYGIFwTDjsc9p734k=
19,26,PImXrB0/plQaKYMv0E21jwHTROM=,vGHF5BcrqsOrvnjm8Daved+gKmI=
19,24,PImXrB0/plQaKYMv0E21jwHTROM=,vGHF5BcrqsOrvnjm8Daved+gKmI=
20,23,PImXrB0/plQaKYMv0E21jwHTROM=,V3W94hlnyF4goX2P5FDRQ5zQYIg=
19,25,PImXrB0/plQaKYMv0E21jwHTROM=,vGHF5BcrqsOrvnjm8Daved+gKmI=
18,31,PImXrB0/plQaKYMv0E21jwHTROM=,V130VrtGmBjIIn1kZsy9+PtSQ64=
19,31,PImXrB0/plQaKYMv0E21jwHTROM=,V130VrtGmBjIIn1kZsy9+PtSQ64=
18,27,PImXrB0/plQaKYMv0E21jwHTROM=,vGHF5BcrqsOrvnjm8Daved+gKmI=
19,27,PImXrB0/plQaKYMv0E21jwHTROM=,vGHF5BcrqsOrvnjm8Daved+gKmI=
17,28,PImXrB0/plQaKYMv0E21jwHTROM=,V130VrtGmBjIIn1kZsy9+PtSQ64=
18,28,PImXrB0/plQaKYMv0E21jwHTROM=,V130VrtGmBjIIn1kZsy9+PtSQ64=
19,28,PImXrB0/plQaKYMv0E21jwHTROM=,V130VrtGmBjIIn1kZsy9+PtSQ64=
20,28,PImXrB0/plQaKYMv0E21jwHTROM=,V7RWti0YrTw3fTDYE5igMqkqq44=
17,29,PImXrB0/plQaKYMv0E21jwHTROM=,V130VrtGmBjIIn1kZsy9+PtSQ64=
20,31,PImXrB0/plQaKYMv0E21jwHTROM=,V7RWti0YrTw3fTDYE5igMqkqq44=
18,29,PImXrB0/plQaKYMv0E21jwHTROM=,V130VrtGmBjIIn1kZsy9+PtSQ64=
20,29,PImXrB0/plQaKYMv0E21jwHTROM=,V7RWti0YrTw3fTDYE5igMqkqq44=
17,31,PImXrB0/plQaKYMv0E21jwHTROM=,V130VrtGmBjIIn1kZsy9+PtSQ64=
20,27,PImXrB0/plQaKYMv0E21jwHTROM=,Rk23qhWn9KhYGIFwTDjsc9p734k=
19,30,PImXrB0/plQaKYMv0E21jwHTROM=,V130VrtGmBjIIn1kZsy9+PtSQ64=
18,18,PImXrB0/plQaKYMv0E21jwHTROM=,EbtHH8DNUtlvF12CDO1sCODJPs4=
18,30,PImXrB0/plQaKYMv0E21jwHTROM=,V130VrtGmBjIIn1kZsy9+PtSQ64=
26,16,PImXrB0/plQaKYMv0E21jwHTROM=,Qdp3MJR/wLqutUrd6PApDgc7Nc8=
17,18,PImXrB0/plQaKYMv0E21jwHTROM=,EbtHH8DNUtlvF12CDO1sCODJPs4=
17,17,PImXrB0/plQaKYMv0E21jwHTROM=,EbtHH8DNUtlvF12CDO1sCODJPs4=
25,16,PImXrB0/plQaKYMv0E21jwHTROM=,Qdp3MJR/wLqutUrd6PApDgc7Nc8=
17,16,PImXrB0/plQaKYMv0E21jwHTROM=,EbtHH8DNUtlvF12CDO1sCODJPs4=
18,20,PImXrB0/plQaKYMv0E21jwHTROM=,UEmcFTO2d+F4cXatkqzzPK7Lw/U=
16,17,PImXrB0/plQaKYMv0E21jwHTROM=,EbtHH8DNUtlvF12CDO1sCODJPs4=
17,30,PImXrB0/plQaKYMv0E21jwHTROM=,V130VrtGmBjIIn1kZsy9+PtSQ64=
18,19,PImXrB0/plQaKYMv0E21jwHTROM=,EbtHH8DNUtlvF12CDO1sCODJPs4=
17,20,PImXrB0/plQaKYMv0E21jwHTROM=,UEmcFTO2d+F4cXatkqzzPK7Lw/U=
17,27,PImXrB0/plQaKYMv0E21jwHTROM=,vGHF5BcrqsOrvnjm8Daved+gKmI=
20,30,PImXrB0/plQaKYMv0E21jwHTROM=,V7RWti0YrTw3fTDYE5igMqkqq44=
19,29,PImXrB0/plQaKYMv0E21jwHTROM=,V130VrtGmBjIIn1kZsy9+PtSQ64=
18,16,PImXrB0/plQaKYMv0E21jwHTROM=,EbtHH8DNUtlvF12CDO1sCODJPs4=
22,19,PImXrB0/plQaKYMv0E21jwHTROM=,+cUFRhNv5DjoLhkjTaPrLmgobwc=
24,16,PImXrB0/plQaKYMv0E21jwHTROM=,Qdp3MJR/wLqutUrd6PApDgc7Nc8=
21,19,PImXrB0/plQaKYMv0E21jwHTROM=,+cUFRhNv5DjoLhkjTaPrLmgobwc=
24,18,PImXrB0/plQaKYMv0E21jwHTROM=,Qdp3MJR/wLqutUrd6PApDgc7Nc8=
20,19,PImXrB0/plQaKYMv0E21jwHTROM=,+cUFRhNv5DjoLhkjTaPrLmgobwc=
23,18,PImXrB0/plQaKYMv0E21jwHTROM=,+cUFRhNv5DjoLhkjTaPrLmgobwc=
18,17,PImXrB0/plQaKYMv0E21jwHTROM=,EbtHH8DNUtlvF12CDO1sCODJPs4=
22,18,PImXrB0/plQaKYMv0E21jwHTROM=,+cUFRhNv5DjoLhkjTaPrLmgobwc=
20,20,PImXrB0/plQaKYMv0E21jwHTROM=,V3W94hlnyF4goX2P5FDRQ5zQYIg=
19,17,PImXrB0/plQaKYMv0E21jwHTROM=,EbtHH8DNUtlvF12CDO1sCODJPs4=
21,18,PImXrB0/plQaKYMv0E21jwHTROM=,+cUFRhNv5DjoLhkjTaPrLmgobwc=
20,18,PImXrB0/plQaKYMv0E21jwHTROM=,+cUFRhNv5DjoLhkjTaPrLmgobwc=
24,17,PImXrB0/plQaKYMv0E21jwHTROM=,Qdp3MJR/wLqutUrd6PApDgc7Nc8=
19,20,PImXrB0/plQaKYMv0E21jwHTROM=,UEmcFTO2d+F4cXatkqzzPK7Lw/U=
23,17,PImXrB0/plQaKYMv0E21jwHTROM=,+cUFRhNv5DjoLhkjTaPrLmgobwc=
16,29,PImXrB0/plQaKYMv0E21jwHTROM=,V130VrtGmBjIIn1kZsy9+PtSQ64=
20,16,PImXrB0/plQaKYMv0E21jwHTROM=,+cUFRhNv5DjoLhkjTaPrLmgobwc=
21,17,PImXrB0/plQaKYMv0E21jwHTROM=,+cUFRhNv5DjoLhkjTaPrLmgobwc=
16,31,PImXrB0/plQaKYMv0E21jwHTROM=,V130VrtGmBjIIn1kZsy9+PtSQ64=
16,30,PImXrB0/plQaKYMv0E21jwHTROM=,V130VrtGmBjIIn1kZsy9+PtSQ64=
21,20,PImXrB0/plQaKYMv0E21jwHTROM=,V3W94hlnyF4goX2P5FDRQ5zQYIg=
20,17,PImXrB0/plQaKYMv0E21jwHTROM=,+cUFRhNv5DjoLhkjTaPrLmgobwc=
19,18,PImXrB0/plQaKYMv0E21jwHTROM=,EbtHH8DNUtlvF12CDO1sCODJPs4=
24,20,PImXrB0/plQaKYMv0E21jwHTROM=,paTmw4uPV9pG+L8xokUeFmo4jjo=
23,16,PImXrB0/plQaKYMv0E21jwHTROM=,+cUFRhNv5DjoLhkjTaPrLmgobwc=
16,28,PImXrB0/plQaKYMv0E21jwHTROM=,V130VrtGmBjIIn1kZsy9+PtSQ64=
16,27,PImXrB0/plQaKYMv0E21jwHTROM=,vGHF5BcrqsOrvnjm8Daved+gKmI=
16,26,PImXrB0/plQaKYMv0E21jwHTROM=,vGHF5BcrqsOrvnjm8Daved+gKmI=
22,17,PImXrB0/plQaKYMv0E21jwHTROM=,+cUFRhNv5DjoLhkjTaPrLmgobwc=
16,25,PImXrB0/plQaKYMv0E21jwHTROM=,vGHF5BcrqsOrvnjm8Daved+gKmI=
17,19,PImXrB0/plQaKYMv0E21jwHTROM=,EbtHH8DNUtlvF12CDO1sCODJPs4=
22,16,PImXrB0/plQaKYMv0E21jwHTROM=,+cUFRhNv5DjoLhkjTaPrLmgobwc=
19,19,PImXrB0/plQaKYMv0E21jwHTROM=,EbtHH8DNUtlvF12CDO1sCODJPs4=
24,19,PImXrB0/plQaKYMv0E21jwHTROM=,Qdp3MJR/wLqutUrd6PApDgc7Nc8=
23,19,PImXrB0/plQaKYMv0E21jwHTROM=,+cUFRhNv5DjoLhkjTaPrLmgobwc=
19,16,PImXrB0/plQaKYMv0E21jwHTROM=,EbtHH8DNUtlvF12CDO1sCODJPs4=
22,20,PImXrB0/plQaKYMv0E21jwHTROM=,V3W94hlnyF4goX2P5FDRQ5zQYIg=
23,20,PImXrB0/plQaKYMv0E21jwHTROM=,V3W94hlnyF4goX2P5FDRQ5zQYIg=
21,16,PImXrB0/plQaKYMv0E21jwHTROM=,+cUFRhNv5DjoLhkjTaPrLmgobwc=
27,16,PImXrB0/plQaKYMv0E21jwHTROM=,Qdp3MJR/wLqutUrd6PApDgc7Nc8=
16,18,PImXrB0/plQaKYMv0E21jwHTROM=,EbtHH8DNUtlvF12CDO1sCODJPs4=
16,16,PImXrB0/plQaKYMv0E21jwHTROM=,EbtHH8DNUtlvF12CDO1sCODJPs4=
30,16,PImXrB0/plQaKYMv0E21jwHTROM=,Krg3jCW/9G8TnredHoAmsIhcf8c=
29,16,PImXrB0/plQaKYMv0E21jwHTROM=,Krg3jCW/9G8TnredHoAmsIhcf8c=
31,16,PImXrB0/plQaKYMv0E21jwHTROM=,Krg3jCW/9G8TnredHoAmsIhcf8c=
16,22,PImXrB0/plQaKYMv0E21jwHTROM=,UEmcFTO2d+F4cXatkqzzPK7Lw/U=
16,20,PImXrB0/plQaKYMv0E21jwHTROM=,UEmcFTO2d+F4cXatkqzzPK7Lw/U=
16,23,PImXrB0/plQaKYMv0E21jwHTROM=,UEmcFTO2d+F4cXatkqzzPK7Lw/U=
16,24,PImXrB0/plQaKYMv0E21jwHTROM=,vGHF5BcrqsOrvnjm8Daved+gKmI=
16,21,PImXrB0/plQaKYMv0E21jwHTROM=,UEmcFTO2d+F4cXatkqzzPK7Lw/U=
16,19,PImXrB0/plQaKYMv0E21jwHTROM=,EbtHH8DNUtlvF12CDO1sCODJPs4=
28,16,PImXrB0/plQaKYMv0E21jwHTROM=,Krg3jCW/9G8TnredHoAmsIhcf8c=
30,2,xyrf2AGMu4jLN6nbvvZ7v1HXBoU=,U2o7ij755vQcFOMq1RCA4iG5nvw=
29,2,xyrf2AGMu4jLN6nbvvZ7v1HXBoU=,U2o7ij755vQcFOMq1RCA4iG5nvw=
25,1,hWwQh7ZFKC462rj/5ou0+y0W0Eo=,U/LMiIETviiZE72FjZ8QEj3Xq2Q=
31,1,r5Cv1qRpEqXYoTqMRaaMTTHNU8E=,U2o7ij755vQcFOMq1RCA4iG5nvw=
26,1,r5Cv1qRpEqXYoTqMRaaMTTHNU8E=,U/LMiIETviiZE72FjZ8QEj3Xq2Q=
30,5,r5Cv1qRpEqXYoTqMRaaMTTHNU8E=,rMpc7XvQ5auhcC1mM/7bs34woWI=
28,2,I/McUzmTgtGNhc0E4HLWIUhjqyE=,U2o7ij755vQcFOMq1RCA4iG5nvw=
31,3,I/McUzmTgtGNhc0E4HLWIUhjqyE=,U2o7ij755vQcFOMq1RCA4iG5nvw=
27,1,I/McUzmTgtGNhc0E4HLWIUhjqyE=,U/LMiIETviiZE72FjZ8QEj3Xq2Q=
30,3,I/McUzmTgtGNhc0E4HLWIUhjqyE=,U2o7ij755vQcFOMq1RCA4iG5nvw=
28,1,ttTSSws3lCjni+8rAsT+o3u7Cnk=,U2o7ij755vQcFOMq1RCA4iG5nvw=
27,2,ttTSSws3lCjni+8rAsT+o3u7Cnk=,U/LMiIETviiZE72FjZ8QEj3Xq2Q=
26,6,ttTSSws3lCjni+8rAsT+o3u7Cnk=,9Nv3hxxtjGTM/IjdCz3mS3XVSpI=
31,5,ttTSSws3lCjni+8rAsT+o3u7Cnk=,rMpc7XvQ5auhcC1mM/7bs34woWI=
30,1,5Mi5x3EXKFhkaq3ekVlgIMXA1+w=,U2o7ij755vQcFOMq1RCA4iG5nvw=
29,1,Ed27O4CSYImwOuKPJNTKxGuL81k=,U2o7ij755vQcFOMq1RCA4iG5nvw=
31,2,Ed27O4CSYImwOuKPJNTKxGuL81k=,U2o7ij755vQcFOMq1RCA4iG5nvw=
26,2,Ed27O4CSYImwOuKPJNTKxGuL81k=,U/LMiIETviiZE72FjZ8QEj3Xq2Q=
25,2,Ed27O4CSYImwOuKPJNTKxGuL81k=,U/LMiIETviiZE72FjZ8QEj3Xq2Q=
29,6,Ed27O4CSYImwOuKPJNTKxGuL81k=,rMpc7XvQ5auhcC1mM/7bs34woWI=
27,6,Ed27O4CSYImwOuKPJNTKxGuL81k=,9Nv3hxxtjGTM/IjdCz3mS3XVSpI=
25,6,Ed27O4CSYImwOuKPJNTKxGuL81k=,9Nv3hxxtjGTM/IjdCz3mS3XVSpI=
31,4,Ed27O4CSYImwOuKPJNTKxGuL81k=,rMpc7XvQ5auhcC1mM/7bs34woWI=
30,6,Ed27O4CSYImwOuKPJNTKxGuL81k=,rMpc7XvQ5auhcC1mM/7bs34woWI=
27,3,Ed27O4CSYImwOuKPJNTKxGuL81k=,U/LMiIETviiZE72FjZ8QEj3Xq2Q=
29,3,Ed27O4CSYImwOuKPJNTKxGuL81k=,U2o7ij755vQcFOMq1RCA4iG5nvw=
29,5,Ed27O4CSYImwOuKPJNTKxGuL81k=,rMpc7XvQ5auhcC1mM/7bs34woWI=
25,4,Ed27O4CSYImwOuKPJNTKxGuL81k=,9Nv3hxxtjGTM/IjdCz3mS3XVSpI=
31,6,Ed27O4CSYImwOuKPJNTKxGuL81k=,rMpc7XvQ5auhcC1mM/7bs34woWI=
29,4,Ed27O4CSYImwOuKPJNTKxGuL81k=,rMpc7XvQ5auhcC1mM/7bs34woWI=
26,4,Ed27O4CSYImwOuKPJNTKxGuL81k=,9Nv3hxxtjGTM/IjdCz3mS3XVSpI=
27,4,Ed27O4CSYImwOuKPJNTKxGuL81k=,9Nv3hxxtjGTM/IjdCz3mS3XVSpI=
30,4,Ed27O4CSYImwOuKPJNTKxGuL81k=,rMpc7XvQ5auhcC1mM/7bs34woWI=
28,6,Ed27O4CSYImwOuKPJNTKxGuL81k=,rMpc7XvQ5auhcC1mM/7bs34woWI=
25,5,Ed27O4CSYImwOuKPJNTKxGuL81k=,9Nv3hxxtjGTM/IjdCz3mS3XVSpI=
26,5,Ed27O4CSYImwOuKPJNTKxGuL81k=,9Nv3hxxtjGTM/IjdCz3mS3XVSpI=
28,3,Ed27O4CSYImwOuKPJNTKxGuL81k=,U2o7ij755vQcFOMq1RCA4iG5nvw=
28,5,Ed27O4CSYImwOuKPJNTKxGuL81k=,rMpc7XvQ5auhcC1mM/7bs34woWI=
26,3,Ed27O4CSYImwOuKPJNTKxGuL81k=,U/LMiIETviiZE72FjZ8QEj3Xq2Q=
25,3,Ed27O4CSYImwOuKPJNTKxGuL81k=,U/LMiIETviiZE72FjZ8QEj3Xq2Q=
28,4,Ed27O4CSYImwOuKPJNTKxGuL81k=,rMpc7XvQ5auhcC1mM/7bs34woWI=
27,5,Ed27O4CSYImwOuKPJNTKxGuL81k=,9Nv3hxxtjGTM/IjdCz3mS3XVSpI=
26,14,Ed27O4CSYImwOuKPJNTKxGuL81k=,sUzyjr5ns41s2QWxxGKyQz1DnZc=
25,14,Ed27O4CSYImwOuKPJNTKxGuL81k=,sUzyjr5ns41s2QWxxGKyQz1DnZc=
25,13,Ed27O4CSYImwOuKPJNTKxGuL81k=,sUzyjr5ns41s2QWxxGKyQz1DnZc=
26,13,Ed27O4CSYImwOuKPJNTKxGuL81k=,sUzyjr5ns41s2QWxxGKyQz1DnZc=
25,7,Ed27O4CSYImwOuKPJNTKxGuL81k=,9Nv3hxxtjGTM/IjdCz3mS3XVSpI=
26,7,Ed27O4CSYImwOuKPJNTKxGuL81k=,9Nv3hxxtjGTM/IjdCz3mS3XVSpI=
25,8,Ed27O4CSYImwOuKPJNTKxGuL81k=,qWGYKCAHVohBDOwqQK+M5s7GQTM=
26,8,Ed27O4CSYImwOuKPJNTKxGuL81k=,qWGYKCAHVohBDOwqQK+M5s7GQTM=
25,9,Ed27O4CSYImwOuKPJNTKxGuL81k=,qWGYKCAHVohBDOwqQK+M5s7GQTM=
26,9,Ed27O4CSYImwOuKPJNTKxGuL81k=,qWGYKCAHVohBDOwqQK+M5s7GQTM=
26,11,Ed27O4CSYImwOuKPJNTKxGuL81k=,qWGYKCAHVohBDOwqQK+M5s7GQTM=
25,12,Ed27O4CSYImwOuKPJNTKxGuL81k=,sUzyjr5ns41s2QWxxGKyQz1DnZc=
30,9,Ed27O4CSYImwOuKPJNTKxGuL81k=,nVkx1juCSfQpfU1gVeokqZ3XEAk=
26,12,Ed27O4CSYImwOuKPJNTKxGuL81k=,sUzyjr5ns41s2QWxxGKyQz1DnZc=
31,9,Ed27O4CSYImwOuKPJNTKxGuL81k=,nVkx1juCSfQpfU1gVeokqZ3XEAk=
31,14,Ed27O4CSYImwOuKPJNTKxGuL81k=,vwmCaKAYx71NRGVYFq+tjGd3zdA=
27,13,Ed27O4CSYImwOuKPJNTKxGuL81k=,sUzyjr5ns41s2QWxxGKyQz1DnZc=
25,11,Ed27O4CSYImwOuKPJNTKxGuL81k=,qWGYKCAHVohBDOwqQK+M5s7GQTM=
28,8,Ed27O4CSYImwOuKPJNTKxGuL81k=,nVkx1juCSfQpfU1gVeokqZ3XEAk=
25,10,Ed27O4CSYImwOuKPJNTKxGuL81k=,qWGYKCAHVohBDOwqQK+M5s7GQTM=
27,14,Ed27O4CSYImwOuKPJNTKxGuL81k=,sUzyjr5ns41s2QWxxGKyQz1DnZc=
28,10,Ed27O4CSYImwOuKPJNTKxGuL81k=,nVkx1juCSfQpfU1gVeokqZ3XEAk=
30,14,Ed27O4CSYImwOuKPJNTKxGuL81k=,vwmCaKAYx71NRGVYFq+tjGd3zdA=
26,10,Ed27O4CSYImwOuKPJNTKxGuL81k=,qWGYKCAHVohBDOwqQK+M5s7GQTM=
29,10,Ed27O4CSYImwOuKPJNTKxGuL81k=,nVkx1juCSfQpfU1gVeokqZ3XEAk=
27,11,Ed27O4CSYImwOuKPJNTKxGuL81k=,qWGYKCAHVohBDOwqQK+M5s7GQTM=
29,9,Ed27O4CSYImwOuKPJNTKxGuL81k=,nVkx1juCSfQpfU1gVeokqZ3XEAk=
30,10,Ed27O4CSYImwOuKPJNTKxGuL81k=,nVkx1juCSfQpfU1gVeokqZ3XEAk=
28,11,Ed27O4CSYImwOuKPJNTKxGuL81k=,nVkx1juCSfQpfU1gVeokqZ3XEAk=
31,10,Ed27O4CSYImwOuKPJNTKxGuL81k=,nVkx1juCSfQpfU1gVeokqZ3XEAk=
29,11,Ed27O4CSYImwOuKPJNTKxGuL81k=,nVkx1juCSfQpfU1gVeokqZ3XEAk=
29,8,Ed27O4CSYImwOuKPJNTKxGuL81k=,nVkx1juCSfQpfU1gVeokqZ3XEAk=
30,11,Ed27O4CSYImwOuKPJNTKxGuL81k=,nVkx1juCSfQpfU1gVeokqZ3XEAk=
30,8,Ed27O4CSYImwOuKPJNTKxGuL81k=,nVkx1juCSfQpfU1gVeokqZ3XEAk=
27,12,Ed27O4CSYImwOuKPJNTKxGuL81k=,sUzyjr5ns41s2QWxxGKyQz1DnZc=
31,8,Ed27O4CSYImwOuKPJNTKxGuL81k=,nVkx1juCSfQpfU1gVeokqZ3XEAk=
31,11,Ed27O4CSYImwOuKPJNTKxGuL81k=,nVkx1juCSfQpfU1gVeokqZ3XEAk=
27,8,Ed27O4CSYImwOuKPJNTKxGuL81k=,qWGYKCAHVohBDOwqQK+M5s7GQTM=
28,12,Ed27O4CSYImwOuKPJNTKxGuL81k=,vwmCaKAYx71NRGVYFq+tjGd3zdA=
29,12,Ed27O4CSYImwOuKPJNTKxGuL81k=,vwmCaKAYx71NRGVYFq+tjGd3zdA=
27,9,Ed27O4CSYImwOuKPJNTKxGuL81k=,qWGYKCAHVohBDOwqQK+M5s7GQTM=
30,12,Ed27O4CSYImwOuKPJNTKxGuL81k=,vwmCaKAYx71NRGVYFq+tjGd3zdA=
30,7,Ed27O4CSYImwOuKPJNTKxGuL81k=,rMpc7XvQ5auhcC1mM/7bs34woWI=
31,12,Ed27O4CSYImwOuKPJNTKxGuL81k=,vwmCaKAYx71NRGVYFq+tjGd3zdA=
28,9,Ed27O4CSYImwOuKPJNTKxGuL81k=,nVkx1juCSfQpfU1gVeokqZ3XEAk=
31,7,Ed27O4CSYImwOuKPJNTKxGuL81k=,rMpc7XvQ5auhcC1mM/7bs34woWI=
28,13,Ed27O4CSYImwOuKPJNTKxGuL81k=,vwmCaKAYx71NRGVYFq+tjGd3zdA=
27,7,Ed27O4CSYImwOuKPJNTKxGuL81k=,9Nv3hxxtjGTM/IjdCz3mS3XVSpI=
28,7,Ed27O4CSYImwOuKPJNTKxGuL81k=,rMpc7XvQ5auhcC1mM/7bs34woWI=
29,13,Ed27O4CSYImwOuKPJNTKxGuL81k=,vwmCaKAYx71NRGVYFq+tjGd3zdA=
29,7,Ed27O4CSYImwOuKPJNTKxGuL81k=,rMpc7XvQ5auhcC1mM/7bs34woWI=
30,13,Ed27O4CSYImwOuKPJNTKxGuL81k=,vwmCaKAYx71NRGVYFq+tjGd3zdA=
31,13,Ed27O4CSYImwOuKPJNTKxGuL81k=,vwmCaKAYx71NRGVYFq+tjGd3zdA=
27,10,Ed27O4CSYImwOuKPJNTKxGuL81k=,qWGYKCAHVohBDOwqQK+M5s7GQTM=
28,14,Ed27O4CSYImwOuKPJNTKxGuL81k=,vwmCaKAYx71NRGVYFq+tjGd3zdA=
29,14,Ed27O4CSYImwOuKPJNTKxGuL81k=,vwmCaKAYx71NRGVYFq+tjGd3zdA=
23,10,Ed27O4CSYImwOuKPJNTKxGuL81k=,PvmB2VAbNKsanWLfaNgOJ1bhd98=
23,9,Ed27O4CSYImwOuKPJNTKxGuL81k=,PvmB2VAbNKsanWLfaNgOJ1bhd98=
24,9,Ed27O4CSYImwOuKPJNTKxGuL81k=,qWGYKCAHVohBDOwqQK+M5s7GQTM=
22,10,Ed27O4CSYImwOuKPJNTKxGuL81k=,PvmB2VAbNKsanWLfaNgOJ1bhd98=
22,9,Ed27O4CSYImwOuKPJNTKxGuL81k=,PvmB2VAbNKsanWLfaNgOJ1bhd98=
21,9,Ed27O4CSYImwOuKPJNTKxGuL81k=,PvmB2VAbNKsanWLfaNgOJ1bhd98=
24,10,Ed27O4CSYImwOuKPJNTKxGuL81k=,qWGYKCAHVohBDOwqQK+M5s7GQTM=
21,10,Ed27O4CSYImwOuKPJNTKxGuL81k=,PvmB2VAbNKsanWLfaNgOJ1bhd98=
23,14,Ed27O4CSYImwOuKPJNTKxGuL81k=,qBHept1lL3pWDNGnyy7SE8pvhtA=
24,11,Ed27O4CSYImwOuKPJNTKxGuL81k=,qWGYKCAHVohBDOwqQK+M5s7GQTM=
23,12,Ed27O4CSYImwOuKPJNTKxGuL81k=,qBHept1lL3pWDNGnyy7SE8pvhtA=
21,13,Ed27O4CSYImwOuKPJNTKxGuL81k=,qBHept1lL3pWDNGnyy7SE8pvhtA=
22,13,Ed27O4CSYImwOuKPJNTKxGuL81k=,qBHept1lL3pWDNGnyy7SE8pvhtA=
24,14,Ed27O4CSYImwOuKPJNTKxGuL81k=,sUzyjr5ns41s2QWxxGKyQz1DnZc=
23,13,Ed27O4CSYImwOuKPJNTKxGuL81k=,qBHept1lL3pWDNGnyy7SE8pvhtA=
21,11,Ed27O4CSYImwOuKPJNTKxGuL81k=,PvmB2VAbNKsanWLfaNgOJ1bhd98=
22,11,Ed27O4CSYImwOuKPJNTKxGuL81k=,PvmB2VAbNKsanWLfaNgOJ1bhd98=
24,12,Ed27O4CSYImwOuKPJNTKxGuL81k=,sUzyjr5ns41s2QWxxGKyQz1DnZc=
23,11,Ed27O4CSYImwOuKPJNTKxGuL81k=,PvmB2VAbNKsanWLfaNgOJ1bhd98=
24,13,Ed27O4CSYImwOuKPJNTKxGuL81k=,sUzyjr5ns41s2QWxxGKyQz1DnZc=
21,14,Ed27O4CSYImwOuKPJNTKxGuL81k=,qBHept1lL3pWDNGnyy7SE8pvhtA=
22,12,Ed27O4CSYImwOuKPJNTKxGuL81k=,qBHept1lL3pWDNGnyy7SE8pvhtA=
21,12,Ed27O4CSYImwOuKPJNTKxGuL81k=,qBHept1lL3pWDNGnyy7SE8pvhtA=
22,14,Ed27O4CSYImwOuKPJNTKxGuL81k=,qBHept1lL3pWDNGnyy7SE8pvhtA=
21,5,Ed27O4CSYImwOuKPJNTKxGuL81k=,ok98wIBTXgfwsdy14P1Ws3YQtnM=
22,5,Ed27O4CSYImwOuKPJNTKxGuL81k=,ok98wIBTXgfwsdy14P1Ws3YQtnM=
23,5,Ed27O4CSYImwOuKPJNTKxGuL81k=,ok98wIBTXgfwsdy14P1Ws3YQtnM=
23,7,Ed27O4CSYImwOuKPJNTKxGuL81k=,ok98wIBTXgfwsdy14P1Ws3YQtnM=
21,8,Ed27O4CSYImwOuKPJNTKxGuL81k=,PvmB2VAbNKsanWLfaNgOJ1bhd98=
24,6,Ed27O4CSYImwOuKPJNTKxGuL81k=,9Nv3hxxtjGTM/IjdCz3mS3XVSpI=
21,6,Ed27O4CSYImwOuKPJNTKxGuL81k=,ok98wIBTXgfwsdy14P1Ws3YQtnM=
22,7,Ed27O4CSYImwOuKPJNTKxGuL81k=,ok98wIBTXgfwsdy14P1Ws3YQtnM=
24,7,Ed27O4CSYImwOuKPJNTKxGuL81k=,9Nv3hxxtjGTM/IjdCz3mS3XVSpI=
21,7,Ed27O4CSYImwOuKPJNTKxGuL81k=,ok98wIBTXgfwsdy14P1Ws3YQtnM=
24,8,Ed27O4CSYImwOuKPJNTKxGuL81k=,qWGYKCAHVohBDOwqQK+M5s7GQTM=
22,8,Ed27O4CSYImwOuKPJNTKxGuL81k=,PvmB2VAbNKsanWLfaNgOJ1bhd98=
24,5,Ed27O4CSYImwOuKPJNTKxGuL81k=,9Nv3hxxtjGTM/IjdCz3mS3XVSpI=
23,8,Ed27O4CSYImwOuKPJNTKxGuL81k=,PvmB2VAbNKsanWLfaNgOJ1bhd98=
22,6,Ed27O4CSYImwOuKPJNTKxGuL81k=,ok98wIBTXgfwsdy14P1Ws3YQtnM=
19,5,Ed27O4CSYImwOuKPJNTKxGuL81k=,AR2HnhVRu9A2ZpJKnimHdkoKvYc=
23,6,Ed27O4CSYImwOuKPJNTKxGuL81k=,ok98wIBTXgfwsdy14P1Ws3YQtnM=
20,5,Ed27O4CSYImwOuKPJNTKxGuL81k=,ok98wIBTXgfwsdy14P1Ws3YQtnM=
20,6,Ed27O4CSYImwOuKPJNTKxGuL81k=,ok98wIBTXgfwsdy14P1Ws3YQtnM=
17,6,Ed27O4CSYImwOuKPJNTKxGuL81k=,AR2HnhVRu9A2ZpJKnimHdkoKvYc=
18,6,Ed27O4CSYImwOuKPJNTKxGuL81k=,AR2HnhVRu9A2ZpJKnimHdkoKvYc=
19,6,Ed27O4CSYImwOuKPJNTKxGuL81k=,AR2HnhVRu9A2ZpJKnimHdkoKvYc=
17,5,Ed27O4CSYImwOuKPJNTKxGuL81k=,AR2HnhVRu9A2ZpJKnimHdkoKvYc=
18,5,Ed27O4CSYImwOuKPJNTKxGuL81k=,AR2HnhVRu9A2ZpJKnimHdkoKvYc=
19,7,Ed27O4CSYImwOuKPJNTKxGuL81k=,AR2HnhVRu9A2ZpJKnimHdkoKvYc=
17,7,Ed27O4CSYImwOuKPJNTKxGuL81k=,AR2HnhVRu9A2ZpJKnimHdkoKvYc=
20,10,Ed27O4CSYImwOuKPJNTKxGuL81k=,PvmB2VAbNKsanWLfaNgOJ1bhd98=
17,8,Ed27O4CSYImwOuKPJNTKxGuL81k=,+SFwQhW8JDq0mI8zuTYmeBNHnJE=
19,10,Ed27O4CSYImwOuKPJNTKxGuL81k=,+SFwQhW8JDq0mI8zuTYmeBNHnJE=
18,8,Ed27O4CSYImwOuKPJNTKxGuL81k=,+SFwQhW8JDq0mI8zuTYmeBNHnJE=
20,7,Ed27O4CSYImwOuKPJNTKxGuL81k=,ok98wIBTXgfwsdy14P1Ws3YQtnM=
18,10,Ed27O4CSYImwOuKPJNTKxGuL81k=,+SFwQhW8JDq0mI8zuTYmeBNHnJE=
17,10,Ed27O4CSYImwOuKPJNTKxGuL81k=,+SFwQhW8JDq0mI8zuTYmeBNHnJE=
19,9,Ed27O4CSYImwOuKPJNTKxGuL81k=,+SFwQhW8JDq0mI8zuTYmeBNHnJE=
18,9,Ed27O4CSYImwOuKPJNTKxGuL81k=,+SFwQhW8JDq0mI8zuTYmeBNHnJE=
20,9,Ed27O4CSYImwOuKPJNTKxGuL81k=,PvmB2VAbNKsanWLfaNgOJ1bhd98=
17,9,Ed27O4CSYImwOuKPJNTKxGuL81k=,+SFwQhW8JDq0mI8zuTYmeBNHnJE=
20,8,Ed27O4CSYImwOuKPJNTKxGuL81k=,PvmB2VAbNKsanWLfaNgOJ1bhd98=
19,8,Ed27O4CSYImwOuKPJNTKxGuL81k=,+SFwQhW8JDq0mI8zuTYmeBNHnJE=
18,7,Ed27O4CSYImwOuKPJNTKxGuL81k=,AR2HnhVRu9A2ZpJKnimHdkoKvYc=
16,5,Ed27O4CSYImwOuKPJNTKxGuL81k=,AR2HnhVRu9A2ZpJKnimHdkoKvYc=
16,6,Ed27O4CSYImwOuKPJNTKxGuL81k=,AR2HnhVRu9A2ZpJKnimHdkoKvYc=
16,8,Ed27O4CSYImwOuKPJNTKxGuL81k=,+SFwQhW8JDq0mI8zuTYmeBNHnJE=
16,9,Ed27O4CSYImwOuKPJNTKxGuL81k=,+SFwQhW8JDq0mI8zuTYmeBNHnJE=
19,11,Ed27O4CSYImwOuKPJNTKxGuL81k=,+SFwQhW8JDq0mI8zuTYmeBNHnJE=
17,15,Ed27O4CSYImwOuKPJNTKxGuL81k=,e8v04E7qYJ6m2bWlhsvpVkiZsXY=
18,11,Ed27O4CSYImwOuKPJNTKxGuL81k=,+SFwQhW8JDq0mI8zuTYmeBNHnJE=
16,7,Ed27O4CSYImwOuKPJNTKxGuL81k=,AR2HnhVRu9A2ZpJKnimHdkoKvYc=
17,11,Ed27O4CSYImwOuKPJNTKxGuL81k=,+SFwQhW8JDq0mI8zuTYmeBNHnJE=
16,12,Ed27O4CSYImwOuKPJNTKxGuL81k=,e8v04E7qYJ6m2bWlhsvpVkiZsXY=
16,11,Ed27O4CSYImwOuKPJNTKxGuL81k=,+SFwQhW8JDq0mI8zuTYmeBNHnJE=
20,12,Ed27O4CSYImwOuKPJNTKxGuL81k=,qBHept1lL3pWDNGnyy7SE8pvhtA=
19,14,Ed27O4CSYImwOuKPJNTKxGuL81k=,e8v04E7qYJ6m2bWlhsvpVkiZsXY=
18,15,Ed27O4CSYImwOuKPJNTKxGuL81k=,e8v04E7qYJ6m2bWlhsvpVkiZsXY=
18,14,Ed27O4CSYImwOuKPJNTKxGuL81k=,e8v04E7qYJ6m2bWlhsvpVkiZsXY=
17,12,Ed27O4CSYImwOuKPJNTKxGuL81k=,e8v04E7qYJ6m2bWlhsvpVkiZsXY=
16,14,Ed27O4CSYImwOuKPJNTKxGuL81k=,e8v04E7qYJ6m2bWlhsvpVkiZsXY=
19,13,Ed27O4CSYImwOuKPJNTKxGuL81k=,e8v04E7qYJ6m2bWlhsvpVkiZsXY=
16,10,Ed27O4CSYImwOuKPJNTKxGuL81k=,+SFwQhW8JDq0mI8zuTYmeBNHnJE=
17,14,Ed27O4CSYImwOuKPJNTKxGuL81k=,e8v04E7qYJ6m2bWlhsvpVkiZsXY=
20,14,Ed27O4CSYImwOuKPJNTKxGuL81k=,qBHept1lL3pWDNGnyy7SE8pvhtA=
20,13,Ed27O4CSYImwOuKPJNTKxGuL81k=,qBHept1lL3pWDNGnyy7SE8pvhtA=
25,0,Ed27O4CSYImwOuKPJNTKxGuL81k=,U/LMiIETviiZE72FjZ8QEj3Xq2Q=
18,12,Ed27O4CSYImwOuKPJNTKxGuL81k=,e8v04E7qYJ6m2bWlhsvpVkiZsXY=
26,0,Ed27O4CSYImwOuKPJNTKxGuL81k=,U/LMiIETviiZE72FjZ8QEj3Xq2Q=
19,12,Ed27O4CSYImwOuKPJNTKxGuL81k=,e8v04E7qYJ6m2bWlhsvpVkiZsXY=
20,11,Ed27O4CSYImwOuKPJNTKxGuL81k=,PvmB2VAbNKsanWLfaNgOJ1bhd98=
16,13,Ed27O4CSYImwOuKPJNTKxGuL81k=,e8v04E7qYJ6m2bWlhsvpVkiZsXY=
27,0,Ed27O4CSYImwOuKPJNTKxGuL81k=,U/LMiIETviiZE72FjZ8QEj3Xq2Q=
17,13,Ed27O4CSYImwOuKPJNTKxGuL81k=,e8v04E7qYJ6m2bWlhsvpVkiZsXY=
28,0,Ed27O4CSYImwOuKPJNTKxGuL81k=,U2o7ij755vQcFOMq1RCA4iG5nvw=
18,13,Ed27O4CSYImwOuKPJNTKxGuL81k=,e8v04E7qYJ6m2bWlhsvpVkiZsXY=
29,0,Ed27O4CSYImwOuKPJNTKxGuL81k=,U2o7ij755vQcFOMq1RCA4iG5nvw=
30,0,Ed27O4CSYImwOuKPJNTKxGuL81k=,U2o7ij755vQcFOMq1RCA4iG5nvw=
31,0,Ed27O4CSYImwOuKPJNTKxGuL81k=,U2o7ij755vQcFOMq1RCA4iG5nvw=
21,4,Ed27O4CSYImwOuKPJNTKxGuL81k=,ok98wIBTXgfwsdy14P1Ws3YQtnM=
22,0,Ed27O4CSYImwOuKPJNTKxGuL81k=,7/istkUYSDbmdzZvg2u5XS9SkbU=
30,15,Ed27O4CSYImwOuKPJNTKxGuL81k=,vwmCaKAYx71NRGVYFq+tjGd3zdA=
25,15,Ed27O4CSYImwOuKPJNTKxGuL81k=,sUzyjr5ns41s2QWxxGKyQz1DnZc=
22,4,Ed27O4CSYImwOuKPJNTKxGuL81k=,ok98wIBTXgfwsdy14P1Ws3YQtnM=
31,15,Ed27O4CSYImwOuKPJNTKxGuL81k=,vwmCaKAYx71NRGVYFq+tjGd3zdA=
26,15,Ed27O4CSYImwOuKPJNTKxGuL81k=,sUzyjr5ns41s2QWxxGKyQz1DnZc=
21,0,Ed27O4CSYImwOuKPJNTKxGuL81k=,7/istkUYSDbmdzZvg2u5XS9SkbU=
28,15,Ed27O4CSYImwOuKPJNTKxGuL81k=,vwmCaKAYx71NRGVYFq+tjGd3zdA=
29,15,Ed27O4CSYImwOuKPJNTKxGuL81k=,vwmCaKAYx71NRGVYFq+tjGd3zdA=
23,0,Ed27O4CSYImwOuKPJNTKxGuL81k=,7/istkUYSDbmdzZvg2u5XS9SkbU=
27,15,Ed27O4CSYImwOuKPJNTKxGuL81k=,sUzyjr5ns41s2QWxxGKyQz1DnZc=
23,4,Ed27O4CSYImwOuKPJNTKxGuL81k=,ok98wIBTXgfwsdy14P1Ws3YQtnM=
16,15,Ed27O4CSYImwOuKPJNTKxGuL81k=,e8v04E7qYJ6m2bWlhsvpVkiZsXY=
21,1,Ed27O4CSYImwOuKPJNTKxGuL81k=,7/istkUYSDbmdzZvg2u5XS9SkbU=
19,15,Ed27O4CSYImwOuKPJNTKxGuL81k=,e8v04E7qYJ6m2bWlhsvpVkiZsXY=
24,3,Ed27O4CSYImwOuKPJNTKxGuL81k=,U/LMiIETviiZE72FjZ8QEj3Xq2Q=
23,15,Ed27O4CSYImwOuKPJNTKxGuL81k=,qBHept1lL3pWDNGnyy7SE8pvhtA=
24,15,Ed27O4CSYImwOuKPJNTKxGuL81k=,sUzyjr5ns41s2QWxxGKyQz1DnZc=
21,15,Ed27O4CSYImwOuKPJNTKxGuL81k=,qBHept1lL3pWDNGnyy7SE8pvhtA=
22,15,Ed27O4CSYImwOuKPJNTKxGuL81k=,qBHept1lL3pWDNGnyy7SE8pvhtA=
20,4,Ed27O4CSYImwOuKPJNTKxGuL81k=,ok98wIBTXgfwsdy14P1Ws3YQtnM=
22,1,Ed27O4CSYImwOuKPJNTKxGuL81k=,7/istkUYSDbmdzZvg2u5XS9SkbU=
18,4,Ed27O4CSYImwOuKPJNTKxGuL81k=,AR2HnhVRu9A2ZpJKnimHdkoKvYc=
20,15,Ed27O4CSYImwOuKPJNTKxGuL81k=,qBHept1lL3pWDNGnyy7SE8pvhtA=
17,4,Ed27O4CSYImwOuKPJNTKxGuL81k=,AR2HnhVRu9A2ZpJKnimHdkoKvYc=
24,2,Ed27O4CSYImwOuKPJNTKxGuL81k=,U/LMiIETviiZE72FjZ8QEj3Xq2Q=
16,4,Ed27O4CSYImwOuKPJNTKxGuL81k=,AR2HnhVRu9A2ZpJKnimHdkoKvYc=
23,3,Ed27O4CSYImwOuKPJNTKxGuL81k=,7/istkUYSDbmdzZvg2u5XS9SkbU=
19,4,Ed27O4CSYImwOuKPJNTKxGuL81k=,AR2HnhVRu9A2ZpJKnimHdkoKvYc=
24,4,Ed27O4CSYImwOuKPJNTKxGuL81k=,9Nv3hxxtjGTM/IjdCz3mS3XVSpI=
19,3,Ed27O4CSYImwOuKPJNTKxGuL81k=,dkO3NK79IHBUnFmga0/yNG/sxPk=
18,1,Ed27O4CSYImwOuKPJNTKxGuL81k=,dkO3NK79IHBUnFmga0/yNG/sxPk=
16,3,Ed27O4CSYImwOuKPJNTKxGuL81k=,dkO3NK79IHBUnFmga0/yNG/sxPk=
20,0,Ed27O4CSYImwOuKPJNTKxGuL81k=,7/istkUYSDbmdzZvg2u5XS9SkbU=
17,3,Ed27O4CSYImwOuKPJNTKxGuL81k=,dkO3NK79IHBUnFmga0/yNG/sxPk=
18,2,Ed27O4CSYImwOuKPJNTKxGuL81k=,dkO3NK79IHBUnFmga0/yNG/sxPk=
19,1,Ed27O4CSYImwOuKPJNTKxGuL81k=,dkO3NK79IHBUnFmga0/yNG/sxPk=
23,1,Ed27O4CSYImwOuKPJNTKxGuL81k=,7/istkUYSDbmdzZvg2u5XS9SkbU=
17,1,Ed27O4CSYImwOuKPJNTKxGuL81k=,dkO3NK79IHBUnFmga0/yNG/sxPk=
22,3,Ed27O4CSYImwOuKPJNTKxGuL81k=,7/istkUYSDbmdzZvg2u5XS9SkbU=
20,3,Ed27O4CSYImwOuKPJNTKxGuL81k=,7/istkUYSDbmdzZvg2u5XS9SkbU=
17,2,Ed27O4CSYImwOuKPJNTKxGuL81k=,dkO3NK79IHBUnFmga0/yNG/sxPk=
16,1,Ed27O4CSYImwOuKPJNTKxGuL81k=,dkO3NK79IHBUnFmga0/yNG/sxPk=
16,2,Ed27O4CSYImwOuKPJNTKxGuL81k=,dkO3NK79IHBUnFmga0/yNG/sxPk=
19,0,Ed27O4CSYImwOuKPJNTKxGuL81k=,dkO3NK79IHBUnFmga0/yNG/sxPk=
24,0,Ed27O4CSYImwOuKPJNTKxGuL81k=,U/LMiIETviiZE72FjZ8QEj3Xq2Q=
23,2,Ed27O4CSYImwOuKPJNTKxGuL81k=,7/istkUYSDbmdzZvg2u5XS9SkbU=
19,2,Ed27O4CSYImwOuKPJNTKxGuL81k=,dkO3NK79IHBUnFmga0/yNG/sxPk=
21,3,Ed27O4CSYImwOuKPJNTKxGuL81k=,7/istkUYSDbmdzZvg2u5XS9SkbU=
20,2,Ed27O4CSYImwOuKPJNTKxGuL81k=,7/istkUYSDbmdzZvg2u5XS9SkbU=
17,0,Ed27O4CSYImwOuKPJNTKxGuL81k=,dkO3NK79IHBUnFmga0/yNG/sxPk=
16,0,Ed27O4CSYImwOuKPJNTKxGuL81k=,dkO3NK79IHBUnFmga0/yNG/sxPk=
18,0,Ed27O4CSYImwOuKPJNTKxGuL81k=,dkO3NK79IHBUnFmga0/yNG/sxPk=
21,2,Ed27O4CSYImwOuKPJNTKxGuL81k=,7/istkUYSDbmdzZvg2u5XS9SkbU=
20,1,Ed27O4CSYImwOuKPJNTKxGuL81k=,7/istkUYSDbmdzZvg2u5XS9SkbU=
24,1,Ed27O4CSYImwOuKPJNTKxGuL81k=,U/LMiIETviiZE72FjZ8QEj3Xq2Q=
18,3,Ed27O4CSYImwOuKPJNTKxGuL81k=,dkO3NK79IHBUnFmga0/yNG/sxPk=
22,2,Ed27O4CSYImwOuKPJNTKxGuL81k=,7/istkUYSDbmdzZvg2u5XS9SkbU=
