18,-2,MZQ2qiyj4BrA5wqEmGZUf3EN59w=,0ijCtYG+P3y92/GDPYThPuGcgxg=
17,-2,MZQ2qiyj4BrA5wqEmGZUf3EN59w=,0ijCtYG+P3y92/GDPYThPuGcgxg=
17,-3,S2r/RTVyGu0lYSNVzbbLdlK1NMM=,0ijCtYG+P3y92/GDPYThPuGcgxg=
22,-7,GtHF+ju+Ts7KTYJMjZKJE/qgaEY=,xnWAjGHhIwqI5vyFAXToMfE/bRQ=
18,-3,GtHF+ju+Ts7KTYJMjZKJE/qgaEY=,0ijCtYG+P3y92/GDPYThPuGcgxg=
22,-6,oHv9FrvKX2z2F2feg6RSPV61eXU=,xnWAjGHhIwqI5vyFAXToMfE/bRQ=
21,-6,oHv9FrvKX2z2F2feg6RSPV61eXU=,xnWAjGHhIwqI5vyFAXToMfE/bRQ=
21,-4,oHv9FrvKX2z2F2feg6RSPV61eXU=,JRStHVUzYqRC0Wfm24ccVeZIEnI=
21,-7,oHv9FrvKX2z2F2feg6RSPV61eXU=,xnWAjGHhIwqI5vyFAXToMfE/bRQ=
22,-5,+rUON7j5WLTCcVIVmKx6lUrMUjc=,xnWAjGHhIwqI5vyFAXToMfE/bRQ=
22,-4,x149jQMwQrdhLP4i5pz1Vi8QF8s=,JRStHVUzYqRC0Wfm24ccVeZIEnI=
20,-4,x149jQMwQrdhLP4i5pz1Vi8QF8s=,JRStHVUzYqRC0Wfm24ccVeZIEnI=
18,-6,x149jQMwQrdhLP4i5pz1Vi8QF8s=,/V9oXI3nyKaBIlWtPo2Ho2klLHo=
20,-3,x149jQMwQrdhLP4i5pz1Vi8QF8s=,JRStHVUzYqRC0Wfm24ccVeZIEnI=
21,-3,x149jQMwQrdhLP4i5pz1Vi8QF8s=,JRStHVUzYqRC0Wfm24ccVeZIEnI=
22,-3,x149jQMwQrdhLP4i5pz1Vi8QF8s=,JRStHVUzYqRC0Wfm24ccVeZIEnI=
22,-2,x149jQMwQrdhLP4i5pz1Vi8QF8s=,JRStHVUzYqRC0Wfm24ccVeZIEnI=
21,-2,x149jQMwQrdhLP4i5pz1Vi8QF8s=,JRStHVUzYqRC0Wfm24ccVeZIEnI=
20,-2,x149jQMwQrdhLP4i5pz1Vi8QF8s=,JRStHVUzYqRC0Wfm24ccVeZIEnI=
19,-3,x149jQMwQrdhLP4i5pz1Vi8QF8s=,0ijCtYG+P3y92/GDPYThPuGcgxg=
19,-2,x149jQMwQrdhLP4i5pz1Vi8QF8s=,0ijCtYG+P3y92/GDPYThPuGcgxg=
20,-6,x149jQMwQrdhLP4i5pz1Vi8QF8s=,xnWAjGHhIwqI5vyFAXToMfE/bRQ=
19,-6,x149jQMwQrdhLP4i5pz1Vi8QF8s=,/V9oXI3nyKaBIlWtPo2Ho2klLHo=
21,-5,x149jQMwQrdhLP4i5pz1Vi8QF8s=,xnWAjGHhIwqI5vyFAXToMfE/bRQ=
18,-4,x149jQMwQrdhLP4i5pz1Vi8QF8s=,0ijCtYG+P3y92/GDPYThPuGcgxg=
19,-4,x149jQMwQrdhLP4i5pz1Vi8QF8s=,0ijCtYG+P3y92/GDPYThPuGcgxg=
17,-5,x149jQMwQrdhLP4i5pz1Vi8QF8s=,/V9oXI3nyKaBIlWtPo2Ho2klLHo=
18,-5,x149jQMwQrdhLP4i5pz1Vi8QF8s=,/V9oXI3nyKaBIlWtPo2Ho2klLHo=
20,-5,x149jQMwQrdhLP4i5pz1Vi8QF8s=,xnWAjGHhIwqI5vyFAXToMfE/bRQ=
19,-5,x149jQMwQrdhLP4i5pz1Vi8QF8s=,/V9oXI3nyKaBIlWtPo2Ho2klLHo=
17,-4,x149jQMwQrdhLP4i5pz1Vi8QF8s=,0ijCtYG+P3y92/GDPYThPuGcgxg=
17,-7,x149jQMwQrdhLP4i5pz1Vi8QF8s=,/V9oXI3nyKaBIlWtPo2Ho2klLHo=
18,-7,x149jQMwQrdhLP4i5pz1Vi8QF8s=,/V9oXI3nyKaBIlWtPo2Ho2klLHo=
20,-7,x149jQMwQrdhLP4i5pz1Vi8QF8s=,xnWAjGHhIwqI5vyFAXToMfE/bRQ=
19,-7,x149jQMwQrdhLP4i5pz1Vi8QF8s=,/V9oXI3nyKaBIlWtPo2Ho2klLHo=
17,-6,x149jQMwQrdhLP4i5pz1Vi8QF8s=,/V9oXI3nyKaBIlWtPo2Ho2klLHo=
26,-11,x149jQMwQrdhLP4i5pz1Vi8QF8s=,UpcIB4YLM3PYjO5ByYe+fcm0Bl0=
24,-7,x149jQMwQrdhLP4i5pz1Vi8QF8s=,eh+llfxl8T1fthYnYpWJYCTNt3A=
23,-7,x149jQMwQrdhLP4i5pz1Vi8QF8s=,xnWAjGHhIwqI5vyFAXToMfE/bRQ=
25,-10,x149jQMwQrdhLP4i5pz1Vi8QF8s=,UpcIB4YLM3PYjO5ByYe+fcm0Bl0=
25,-7,x149jQMwQrdhLP4i5pz1Vi8QF8s=,eh+llfxl8T1fthYnYpWJYCTNt3A=
23,-6,x149jQMwQrdhLP4i5pz1Vi8QF8s=,xnWAjGHhIwqI5vyFAXToMfE/bRQ=
26,-10,x149jQMwQrdhLP4i5pz1Vi8QF8s=,UpcIB4YLM3PYjO5ByYe+fcm0Bl0=
25,-8,x149jQMwQrdhLP4i5pz1Vi8QF8s=,eh+llfxl8T1fthYnYpWJYCTNt3A=
24,-6,x149jQMwQrdhLP4i5pz1Vi8QF8s=,eh+llfxl8T1fthYnYpWJYCTNt3A=
26,-8,x149jQMwQrdhLP4i5pz1Vi8QF8s=,eh+llfxl8T1fthYnYpWJYCTNt3A=
26,-6,x149jQMwQrdhLP4i5pz1Vi8QF8s=,eh+llfxl8T1fthYnYpWJYCTNt3A=
25,-6,x149jQMwQrdhLP4i5pz1Vi8QF8s=,eh+llfxl8T1fthYnYpWJYCTNt3A=
25,-9,x149jQMwQrdhLP4i5pz1Vi8QF8s=,UpcIB4YLM3PYjO5ByYe+fcm0Bl0=
26,-9,x149jQMwQrdhLP4i5pz1Vi8QF8s=,UpcIB4YLM3PYjO5ByYe+fcm0Bl0=
26,-7,x149jQMwQrdhLP4i5pz1Vi8QF8s=,eh+llfxl8T1fthYnYpWJYCTNt3A=
25,-11,x149jQMwQrdhLP4i5pz1Vi8QF8s=,UpcIB4YLM3PYjO5ByYe+fcm0Bl0=
25,-13,x149jQMwQrdhLP4i5pz1Vi8QF8s=,lireqb2lONLlCnso30dwhUUZfaM=
26,-12,x149jQMwQrdhLP4i5pz1Vi8QF8s=,UpcIB4YLM3PYjO5ByYe+fcm0Bl0=
26,-15,x149jQMwQrdhLP4i5pz1Vi8QF8s=,lireqb2lONLlCnso30dwhUUZfaM=
25,-14,x149jQMwQrdhLP4i5pz1Vi8QF8s=,lireqb2lONLlCnso30dwhUUZfaM=
26,-14,x149jQMwQrdhLP4i5pz1Vi8QF8s=,lireqb2lONLlCnso30dwhUUZfaM=
25,-15,x149jQMwQrdhLP4i5pz1Vi8QF8s=,lireqb2lONLlCnso30dwhUUZfaM=
25,-12,x149jQMwQrdhLP4i5pz1Vi8QF8s=,UpcIB4YLM3PYjO5ByYe+fcm0Bl0=
26,-13,x149jQMwQrdhLP4i5pz1Vi8QF8s=,lireqb2lONLlCnso30dwhUUZfaM=
27,-11,x149jQMwQrdhLP4i5pz1Vi8QF8s=,UpcIB4YLM3PYjO5ByYe+fcm0Bl0=
27,-10,x149jQMwQrdhLP4i5pz1Vi8QF8s=,UpcIB4YLM3PYjO5ByYe+fcm0Bl0=
28,-11,x149jQMwQrdhLP4i5pz1Vi8QF8s=,qs+VReq/3ZLh0m0sBlyDWdQHgZc=
29,-11,x149jQMwQrdhLP4i5pz1Vi8QF8s=,qs+VReq/3ZLh0m0sBlyDWdQHgZc=
30,-11,x149jQMwQrdhLP4i5pz1Vi8QF8s=,qs+VReq/3ZLh0m0sBlyDWdQHgZc=
28,-10,x149jQMwQrdhLP4i5pz1Vi8QF8s=,qs+VReq/3ZLh0m0sBlyDWdQHgZc=
31,-11,x149jQMwQrdhLP4i5pz1Vi8QF8s=,qs+VReq/3ZLh0m0sBlyDWdQHgZc=
29,-10,x149jQMwQrdhLP4i5pz1Vi8QF8s=,qs+VReq/3ZLh0m0sBlyDWdQHgZc=
30,-10,x149jQMwQrdhLP4i5pz1Vi8QF8s=,qs+VReq/3ZLh0m0sBlyDWdQHgZc=
29,-14,x149jQMwQrdhLP4i5pz1Vi8QF8s=,+Bj0LNEh/UMbmhmTmH5hAEdJVT4=
31,-10,x149jQMwQrdhLP4i5pz1Vi8QF8s=,qs+VReq/3ZLh0m0sBlyDWdQHgZc=
29,-15,x149jQMwQrdhLP4i5pz1Vi8QF8s=,+Bj0LNEh/UMbmhmTmH5hAEdJVT4=
31,-13,x149jQMwQrdhLP4i5pz1Vi8QF8s=,+Bj0LNEh/UMbmhmTmH5hAEdJVT4=
27,-8,x149jQMwQrdhLP4i5pz1Vi8QF8s=,eh+llfxl8T1fthYnYpWJYCTNt3A=
30,-15,x149jQMwQrdhLP4i5pz1Vi8QF8s=,+Bj0LNEh/UMbmhmTmH5hAEdJVT4=
29,-9,x149jQMwQrdhLP4i5pz1Vi8QF8s=,qs+VReq/3ZLh0m0sBlyDWdQHgZc=
27,-13,x149jQMwQrdhLP4i5pz1Vi8QF8s=,lireqb2lONLlCnso30dwhUUZfaM=
30,-9,x149jQMwQrdhLP4i5pz1Vi8QF8s=,qs+VReq/3ZLh0m0sBlyDWdQHgZc=
27,-12,x149jQMwQrdhLP4i5pz1Vi8QF8s=,UpcIB4YLM3PYjO5ByYe+fcm0Bl0=
31,-9,x149jQMwQrdhLP4i5pz1Vi8QF8s=,qs+VReq/3ZLh0m0sBlyDWdQHgZc=
31,-15,x149jQMwQrdhLP4i5pz1Vi8QF8s=,+Bj0LNEh/UMbmhmTmH5hAEdJVT4=
28,-8,x149jQMwQrdhLP4i5pz1Vi8QF8s=,q2BF0qVkt5uipWdEgBGgyBTCvKA=
28,-12,x149jQMwQrdhLP4i5pz1Vi8QF8s=,qs+VReq/3ZLh0m0sBlyDWdQHgZc=
29,-7,x149jQMwQrdhLP4i5pz1Vi8QF8s=,q2BF0qVkt5uipWdEgBGgyBTCvKA=
29,-12,x149jQMwQrdhLP4i5pz1Vi8QF8s=,qs+VReq/3ZLh0m0sBlyDWdQHgZc=
30,-7,x149jQMwQrdhLP4i5pz1Vi8QF8s=,q2BF0qVkt5uipWdEgBGgyBTCvKA=
27,-15,x149jQMwQrdhLP4i5pz1Vi8QF8s=,lireqb2lONLlCnso30dwhUUZfaM=
31,-7,x149jQMwQrdhLP4i5pz1Vi8QF8s=,q2BF0qVkt5uipWdEgBGgyBTCvKA=
30,-12,x149jQMwQrdhLP4i5pz1Vi8QF8s=,qs+VReq/3ZLh0m0sBlyDWdQHgZc=
28,-6,x149jQMwQrdhLP4i5pz1Vi8QF8s=,q2BF0qVkt5uipWdEgBGgyBTCvKA=
29,-6,x149jQMwQrdhLP4i5pz1Vi8QF8s=,q2BF0qVkt5uipWdEgBGgyBTCvKA=
31,-12,x149jQMwQrdhLP4i5pz1Vi8QF8s=,qs+VReq/3ZLh0m0sBlyDWdQHgZc=
28,-15,x149jQMwQrdhLP4i5pz1Vi8QF8s=,+Bj0LNEh/UMbmhmTmH5hAEdJVT4=
30,-6,x149jQMwQrdhLP4i5pz1Vi8QF8s=,q2BF0qVkt5uipWdEgBGgyBTCvKA=
29,-13,x149jQMwQrdhLP4i5pz1Vi8QF8s=,+Bj0LNEh/UMbmhmTmH5hAEdJVT4=
31,-6,x149jQMwQrdhLP4i5pz1Vi8QF8s=,q2BF0qVkt5uipWdEgBGgyBTCvKA=
22,-15,x149jQMwQrdhLP4i5pz1Vi8QF8s=,5FDFJ/iw1Ku1X31915mMHyhFKVU=
28,-14,x149jQMwQrdhLP4i5pz1Vi8QF8s=,+Bj0LNEh/UMbmhmTmH5hAEdJVT4=
27,-9,x149jQMwQrdhLP4i5pz1Vi8QF8s=,UpcIB4YLM3PYjO5ByYe+fcm0Bl0=
21,-15,x149jQMwQrdhLP4i5pz1Vi8QF8s=,5FDFJ/iw1Ku1X31915mMHyhFKVU=
23,-15,x149jQMwQrdhLP4i5pz1Vi8QF8s=,5FDFJ/iw1Ku1X31915mMHyhFKVU=
30,-14,x149jQMwQrdhLP4i5pz1Vi8QF8s=,+Bj0LNEh/UMbmhmTmH5hAEdJVT4=
27,-7,x149jQMwQrdhLP4i5pz1Vi8QF8s=,eh+llfxl8T1fthYnYpWJYCTNt3A=
21,-14,x149jQMwQrdhLP4i5pz1Vi8QF8s=,5FDFJ/iw1Ku1X31915mMHyhFKVU=
27,-14,x149jQMwQrdhLP4i5pz1Vi8QF8s=,lireqb2lONLlCnso30dwhUUZfaM=
24,-14,x149jQMwQrdhLP4i5pz1Vi8QF8s=,lireqb2lONLlCnso30dwhUUZfaM=
29,-8,x149jQMwQrdhLP4i5pz1Vi8QF8s=,q2BF0qVkt5uipWdEgBGgyBTCvKA=
30,-8,x149jQMwQrdhLP4i5pz1Vi8QF8s=,q2BF0qVkt5uipWdEgBGgyBTCvKA=
22,-14,x149jQMwQrdhLP4i5pz1Vi8QF8s=,5FDFJ/iw1Ku1X31915mMHyhFKVU=
30,-13,x149jQMwQrdhLP4i5pz1Vi8QF8s=,+Bj0LNEh/UMbmhmTmH5hAEdJVT4=
27,-6,x149jQMwQrdhLP4i5pz1Vi8QF8s=,eh+llfxl8T1fthYnYpWJYCTNt3A=
31,-14,x149jQMwQrdhLP4i5pz1Vi8QF8s=,+Bj0LNEh/UMbmhmTmH5hAEdJVT4=
24,-15,x149jQMwQrdhLP4i5pz1Vi8QF8s=,lireqb2lONLlCnso30dwhUUZfaM=
23,-14,x149jQMwQrdhLP4i5pz1Vi8QF8s=,5FDFJ/iw1Ku1X31915mMHyhFKVU=
31,-8,x149jQMwQrdhLP4i5pz1Vi8QF8s=,q2BF0qVkt5uipWdEgBGgyBTCvKA=
28,-13,x149jQMwQrdhLP4i5pz1Vi8QF8s=,+Bj0LNEh/UMbmhmTmH5hAEdJVT4=
28,-7,x149jQMwQrdhLP4i5pz1Vi8QF8s=,q2BF0qVkt5uipWdEgBGgyBTCvKA=
28,-9,x149jQMwQrdhLP4i5pz1Vi8QF8s=,qs+VReq/3ZLh0m0sBlyDWdQHgZc=
21,-16,x149jQMwQrdhLP4i5pz1Vi8QF8s=,5FDFJ/iw1Ku1X31915mMHyhFKVU=
22,-16,x149jQMwQrdhLP4i5pz1Vi8QF8s=,5FDFJ/iw1Ku1X31915mMHyhFKVU=
24,-16,x149jQMwQrdhLP4i5pz1Vi8QF8s=,lireqb2lONLlCnso30dwhUUZfaM=
22,-13,x149jQMwQrdhLP4i5pz1Vi8QF8s=,5FDFJ/iw1Ku1X31915mMHyhFKVU=
25,-16,x149jQMwQrdhLP4i5pz1Vi8QF8s=,lireqb2lONLlCnso30dwhUUZfaM=
23,-16,x149jQMwQrdhLP4i5pz1Vi8QF8s=,5FDFJ/iw1Ku1X31915mMHyhFKVU=
26,-16,x149jQMwQrdhLP4i5pz1Vi8QF8s=,lireqb2lONLlCnso30dwhUUZfaM=
21,-11,x149jQMwQrdhLP4i5pz1Vi8QF8s=,J37uSfextJlUiDobT2Ua/tMswxU=
22,-9,x149jQMwQrdhLP4i5pz1Vi8QF8s=,J37uSfextJlUiDobT2Ua/tMswxU=
23,-9,x149jQMwQrdhLP4i5pz1Vi8QF8s=,J37uSfextJlUiDobT2Ua/tMswxU=
23,-8,x149jQMwQrdhLP4i5pz1Vi8QF8s=,xnWAjGHhIwqI5vyFAXToMfE/bRQ=
23,-13,x149jQMwQrdhLP4i5pz1Vi8QF8s=,5FDFJ/iw1Ku1X31915mMHyhFKVU=
16,-6,x149jQMwQrdhLP4i5pz1Vi8QF8s=,/V9oXI3nyKaBIlWtPo2Ho2klLHo=
23,-12,x149jQMwQrdhLP4i5pz1Vi8QF8s=,J37uSfextJlUiDobT2Ua/tMswxU=
24,-13,x149jQMwQrdhLP4i5pz1Vi8QF8s=,lireqb2lONLlCnso30dwhUUZfaM=
21,-9,x149jQMwQrdhLP4i5pz1Vi8QF8s=,J37uSfextJlUiDobT2Ua/tMswxU=
21,-13,x149jQMwQrdhLP4i5pz1Vi8QF8s=,5FDFJ/iw1Ku1X31915mMHyhFKVU=
22,-12,x149jQMwQrdhLP4i5pz1Vi8QF8s=,J37uSfextJlUiDobT2Ua/tMswxU=
16,-7,x149jQMwQrdhLP4i5pz1Vi8QF8s=,/V9oXI3nyKaBIlWtPo2Ho2klLHo=
23,-10,x149jQMwQrdhLP4i5pz1Vi8QF8s=,J37uSfextJlUiDobT2Ua/tMswxU=
24,-11,x149jQMwQrdhLP4i5pz1Vi8QF8s=,UpcIB4YLM3PYjO5ByYe+fcm0Bl0=
22,-10,x149jQMwQrdhLP4i5pz1Vi8QF8s=,J37uSfextJlUiDobT2Ua/tMswxU=
16,-3,x149jQMwQrdhLP4i5pz1Vi8QF8s=,0ijCtYG+P3y92/GDPYThPuGcgxg=
16,-4,x149jQMwQrdhLP4i5pz1Vi8QF8s=,0ijCtYG+P3y92/GDPYThPuGcgxg=
21,-12,x149jQMwQrdhLP4i5pz1Vi8QF8s=,J37uSfextJlUiDobT2Ua/tMswxU=
16,-5,x149jQMwQrdhLP4i5pz1Vi8QF8s=,/V9oXI3nyKaBIlWtPo2Ho2klLHo=
24,-9,x149jQMwQrdhLP4i5pz1Vi8QF8s=,UpcIB4YLM3PYjO5ByYe+fcm0Bl0=
21,-10,x149jQMwQrdhLP4i5pz1Vi8QF8s=,J37uSfextJlUiDobT2Ua/tMswxU=
24,-12,x149jQMwQrdhLP4i5pz1Vi8QF8s=,UpcIB4YLM3PYjO5ByYe+fcm0Bl0=
22,-8,x149jQMwQrdhLP4i5pz1Vi8QF8s=,xnWAjGHhIwqI5vyFAXToMfE/bRQ=
23,-11,x149jQMwQrdhLP4i5pz1Vi8QF8s=,J37uSfextJlUiDobT2Ua/tMswxU=
21,-8,x149jQMwQrdhLP4i5pz1Vi8QF8s=,xnWAjGHhIwqI5vyFAXToMfE/bRQ=
22,-11,x149jQMwQrdhLP4i5pz1Vi8QF8s=,J37uSfextJlUiDobT2Ua/tMswxU=
24,-10,x149jQMwQrdhLP4i5pz1Vi8QF8s=,UpcIB4YLM3PYjO5ByYe+fcm0Bl0=
24,-8,x149jQMwQrdhLP4i5pz1Vi8QF8s=,eh+llfxl8T1fthYnYpWJYCTNt3A=
16,-2,x149jQMwQrdhLP4i5pz1Vi8QF8s=,0ijCtYG+P3y92/GDPYThPuGcgxg=
17,-1,x149jQMwQrdhLP4i5pz1Vi8QF8s=,0ijCtYG+P3y92/GDPYThPuGcgxg=
18,-1,x149jQMwQrdhLP4i5pz1Vi8QF8s=,0ijCtYG+P3y92/GDPYThPuGcgxg=
22,-1,x149jQMwQrdhLP4i5pz1Vi8QF8s=,JRStHVUzYqRC0Wfm24ccVeZIEnI=
20,-1,x149jQMwQrdhLP4i5pz1Vi8QF8s=,JRStHVUzYqRC0Wfm24ccVeZIEnI=
19,-1,x149jQMwQrdhLP4i5pz1Vi8QF8s=,0ijCtYG+P3y92/GDPYThPuGcgxg=
21,-1,x149jQMwQrdhLP4i5pz1Vi8QF8s=,JRStHVUzYqRC0Wfm24ccVeZIEnI=
18,-15,x149jQMwQrdhLP4i5pz1Vi8QF8s=,ltE/848C514uUgHJi/Ko731HFjU=
19,-15,x149jQMwQrdhLP4i5pz1Vi8QF8s=,ltE/848C514uUgHJi/Ko731HFjU=
16,-14,x149jQMwQrdhLP4i5pz1Vi8QF8s=,ltE/848C514uUgHJi/Ko731HFjU=
17,-14,x149jQMwQrdhLP4i5pz1Vi8QF8s=,ltE/848C514uUgHJi/Ko731HFjU=
20,-14,x149jQMwQrdhLP4i5pz1Vi8QF8s=,5FDFJ/iw1Ku1X31915mMHyhFKVU=
18,-14,x149jQMwQrdhLP4i5pz1Vi8QF8s=,ltE/848C514uUgHJi/Ko731HFjU=
19,-14,x149jQMwQrdhLP4i5pz1Vi8QF8s=,ltE/848C514uUgHJi/Ko731HFjU=
17,-16,x149jQMwQrdhLP4i5pz1Vi8QF8s=,ltE/848C514uUgHJi/Ko731HFjU=
20,-16,x149jQMwQrdhLP4i5pz1Vi8QF8s=,5FDFJ/iw1Ku1X31915mMHyhFKVU=
18,-16,x149jQMwQrdhLP4i5pz1Vi8QF8s=,ltE/848C514uUgHJi/Ko731HFjU=
20,-8,x149jQMwQrdhLP4i5pz1Vi8QF8s=,xnWAjGHhIwqI5vyFAXToMfE/bRQ=
19,-16,x149jQMwQrdhLP4i5pz1Vi8QF8s=,ltE/848C514uUgHJi/Ko731HFjU=
18,-11,x149jQMwQrdhLP4i5pz1Vi8QF8s=,ynuBdJORxkg5AnOcy20jVn94RvI=
18,-13,x149jQMwQrdhLP4i5pz1Vi8QF8s=,ltE/848C514uUgHJi/Ko731HFjU=
20,-15,x149jQMwQrdhLP4i5pz1Vi8QF8s=,5FDFJ/iw1Ku1X31915mMHyhFKVU=
19,-13,x149jQMwQrdhLP4i5pz1Vi8QF8s=,ltE/848C514uUgHJi/Ko731HFjU=
16,-15,x149jQMwQrdhLP4i5pz1Vi8QF8s=,ltE/848C514uUgHJi/Ko731HFjU=
19,-11,x149jQMwQrdhLP4i5pz1Vi8QF8s=,ynuBdJORxkg5AnOcy20jVn94RvI=
17,-15,x149jQMwQrdhLP4i5pz1Vi8QF8s=,ltE/848C514uUgHJi/Ko731HFjU=
16,-10,x149jQMwQrdhLP4i5pz1Vi8QF8s=,ynuBdJORxkg5AnOcy20jVn94RvI=
30,-4,x149jQMwQrdhLP4i5pz1Vi8QF8s=,zMn4YJycm/KD9z9SRFEisxcpDI8=
16,-12,x149jQMwQrdhLP4i5pz1Vi8QF8s=,ynuBdJORxkg5AnOcy20jVn94RvI=
31,-1,x149jQMwQrdhLP4i5pz1Vi8QF8s=,zMn4YJycm/KD9z9SRFEisxcpDI8=
17,-10,x149jQMwQrdhLP4i5pz1Vi8QF8s=,ynuBdJORxkg5AnOcy20jVn94RvI=
31,-4,x149jQMwQrdhLP4i5pz1Vi8QF8s=,zMn4YJycm/KD9z9SRFEisxcpDI8=
29,-1,x149jQMwQrdhLP4i5pz1Vi8QF8s=,zMn4YJycm/KD9z9SRFEisxcpDI8=
31,-2,x149jQMwQrdhLP4i5pz1Vi8QF8s=,zMn4YJycm/KD9z9SRFEisxcpDI8=
17,-12,x149jQMwQrdhLP4i5pz1Vi8QF8s=,ynuBdJORxkg5AnOcy20jVn94RvI=
29,-4,x149jQMwQrdhLP4i5pz1Vi8QF8s=,zMn4YJycm/KD9z9SRFEisxcpDI8=
30,-1,x149jQMwQrdhLP4i5pz1Vi8QF8s=,zMn4YJycm/KD9z9SRFEisxcpDI8=
16,-13,x149jQMwQrdhLP4i5pz1Vi8QF8s=,ltE/848C514uUgHJi/Ko731HFjU=
16,-16,x149jQMwQrdhLP4i5pz1Vi8QF8s=,ltE/848C514uUgHJi/Ko731HFjU=
31,-3,x149jQMwQrdhLP4i5pz1Vi8QF8s=,zMn4YJycm/KD9z9SRFEisxcpDI8=
16,-1,x149jQMwQrdhLP4i5pz1Vi8QF8s=,0ijCtYG+P3y92/GDPYThPuGcgxg=
17,-13,x149jQMwQrdhLP4i5pz1Vi8QF8s=,ltE/848C514uUgHJi/Ko731HFjU=
29,-3,x149jQMwQrdhLP4i5pz1Vi8QF8s=,zMn4YJycm/KD9z9SRFEisxcpDI8=
18,-10,x149jQMwQrdhLP4i5pz1Vi8QF8s=,ynuBdJORxkg5AnOcy20jVn94RvI=
19,-8,x149jQMwQrdhLP4i5pz1Vi8QF8s=,/V9oXI3nyKaBIlWtPo2Ho2klLHo=
28,-16,x149jQMwQrdhLP4i5pz1Vi8QF8s=,+Bj0LNEh/UMbmhmTmH5hAEdJVT4=
29,-2,x149jQMwQrdhLP4i5pz1Vi8QF8s=,zMn4YJycm/KD9z9SRFEisxcpDI8=
29,-16,x149jQMwQrdhLP4i5pz1Vi8QF8s=,+Bj0LNEh/UMbmhmTmH5hAEdJVT4=
18,-12,x149jQMwQrdhLP4i5pz1Vi8QF8s=,ynuBdJORxkg5AnOcy20jVn94RvI=
18,-8,x149jQMwQrdhLP4i5pz1Vi8QF8s=,/V9oXI3nyKaBIlWtPo2Ho2klLHo=
17,-8,x149jQMwQrdhLP4i5pz1Vi8QF8s=,/V9oXI3nyKaBIlWtPo2Ho2klLHo=
29,-5,x149jQMwQrdhLP4i5pz1Vi8QF8s=,q2BF0qVkt5uipWdEgBGgyBTCvKA=
20,-10,x149jQMwQrdhLP4i5pz1Vi8QF8s=,J37uSfextJlUiDobT2Ua/tMswxU=
27,-16,x149jQMwQrdhLP4i5pz1Vi8QF8s=,lireqb2lONLlCnso30dwhUUZfaM=
20,-11,x149jQMwQrdhLP4i5pz1Vi8QF8s=,J37uSfextJlUiDobT2Ua/tMswxU=
30,-5,x149jQMwQrdhLP4i5pz1Vi8QF8s=,q2BF0qVkt5uipWdEgBGgyBTCvKA=
19,-12,x149jQMwQrdhLP4i5pz1Vi8QF8s=,ynuBdJORxkg5AnOcy20jVn94RvI=
30,-16,x149jQMwQrdhLP4i5pz1Vi8QF8s=,+Bj0LNEh/UMbmhmTmH5hAEdJVT4=
31,-5,x149jQMwQrdhLP4i5pz1Vi8QF8s=,q2BF0qVkt5uipWdEgBGgyBTCvKA=
31,-16,x149jQMwQrdhLP4i5pz1Vi8QF8s=,+Bj0LNEh/UMbmhmTmH5hAEdJVT4=
19,-10,x149jQMwQrdhLP4i5pz1Vi8QF8s=,ynuBdJORxkg5AnOcy20jVn94RvI=
30,-3,x149jQMwQrdhLP4i5pz1Vi8QF8s=,zMn4YJycm/KD9z9SRFEisxcpDI8=
30,-2,x149jQMwQrdhLP4i5pz1Vi8QF8s=,zMn4YJycm/KD9z9SRFEisxcpDI8=
16,-8,x149jQMwQrdhLP4i5pz1Vi8QF8s=,/V9oXI3nyKaBIlWtPo2Ho2klLHo=
20,-9,x149jQMwQrdhLP4i5pz1Vi8QF8s=,J37uSfextJlUiDobT2Ua/tMswxU=
20,-12,x149jQMwQrdhLP4i5pz1Vi8QF8s=,J37uSfextJlUiDobT2Ua/tMswxU=
19,-9,x149jQMwQrdhLP4i5pz1Vi8QF8s=,ynuBdJORxkg5AnOcy20jVn94RvI=
20,-13,x149jQMwQrdhLP4i5pz1Vi8QF8s=,5FDFJ/iw1Ku1X31915mMHyhFKVU=
18,-9,x149jQMwQrdhLP4i5pz1Vi8QF8s=,ynuBdJORxkg5AnOcy20jVn94RvI=
16,-11,x149jQMwQrdhLP4i5pz1Vi8QF8s=,ynuBdJORxkg5AnOcy20jVn94RvI=
17,-9,x149jQMwQrdhLP4i5pz1Vi8QF8s=,ynuBdJORxkg5AnOcy20jVn94RvI=
17,-11,x149jQMwQrdhLP4i5pz1Vi8QF8s=,ynuBdJORxkg5AnOcy20jVn94RvI=
16,-9,x149jQMwQrdhLP4i5pz1Vi8QF8s=,ynuBdJORxkg5AnOcy20jVn94RvI=
25,-5,x149jQMwQrdhLP4i5pz1Vi8QF8s=,eh+llfxl8T1fthYnYpWJYCTNt3A=
24,-5,x149jQMwQrdhLP4i5pz1Vi8QF8s=,eh+llfxl8T1fthYnYpWJYCTNt3A=
26,-5,x149jQMwQrdhLP4i5pz1Vi8QF8s=,eh+llfxl8T1fthYnYpWJYCTNt3A=
28,-4,x149jQMwQrdhLP4i5pz1Vi8QF8s=,zMn4YJycm/KD9z9SRFEisxcpDI8=
27,-1,x149jQMwQrdhLP4i5pz1Vi8QF8s=,QpypNbzETN09HCiLSK5EkyiHzq8=
23,-2,x149jQMwQrdhLP4i5pz1Vi8QF8s=,JRStHVUzYqRC0Wfm24ccVeZIEnI=
28,-1,x149jQMwQrdhLP4i5pz1Vi8QF8s=,zMn4YJycm/KD9z9SRFEisxcpDI8=
26,-1,x149jQMwQrdhLP4i5pz1Vi8QF8s=,QpypNbzETN09HCiLSK5EkyiHzq8=
28,-5,x149jQMwQrdhLP4i5pz1Vi8QF8s=,q2BF0qVkt5uipWdEgBGgyBTCvKA=
23,-1,x149jQMwQrdhLP4i5pz1Vi8QF8s=,JRStHVUzYqRC0Wfm24ccVeZIEnI=
25,-1,x149jQMwQrdhLP4i5pz1Vi8QF8s=,QpypNbzETN09HCiLSK5EkyiHzq8=
28,-2,x149jQMwQrdhLP4i5pz1Vi8QF8s=,zMn4YJycm/KD9z9SRFEisxcpDI8=
23,-5,x149jQMwQrdhLP4i5pz1Vi8QF8s=,xnWAjGHhIwqI5vyFAXToMfE/bRQ=
27,-2,x149jQMwQrdhLP4i5pz1Vi8QF8s=,QpypNbzETN09HCiLSK5EkyiHzq8=
26,-2,x149jQMwQrdhLP4i5pz1Vi8QF8s=,QpypNbzETN09HCiLSK5EkyiHzq8=
25,-2,x149jQMwQrdhLP4i5pz1Vi8QF8s=,QpypNbzETN09HCiLSK5EkyiHzq8=
24,-2,x149jQMwQrdhLP4i5pz1Vi8QF8s=,QpypNbzETN09HCiLSK5EkyiHzq8=
27,-5,x149jQMwQrdhLP4i5pz1Vi8QF8s=,eh+llfxl8T1fthYnYpWJYCTNt3A=
27,-3,x149jQMwQrdhLP4i5pz1Vi8QF8s=,QpypNbzETN09HCiLSK5EkyiHzq8=
23,-3,x149jQMwQrdhLP4i5pz1Vi8QF8s=,JRStHVUzYqRC0Wfm24ccVeZIEnI=
26,-3,x149jQMwQrdhLP4i5pz1Vi8QF8s=,QpypNbzETN09HCiLSK5EkyiHzq8=
25,-3,x149jQMwQrdhLP4i5pz1Vi8QF8s=,QpypNbzETN09HCiLSK5EkyiHzq8=
24,-3,x149jQMwQrdhLP4i5pz1Vi8QF8s=,QpypNbzETN09HCiLSK5EkyiHzq8=
27,-4,x149jQMwQrdhLP4i5pz1Vi8QF8s=,QpypNbzETN09HCiLSK5EkyiHzq8=
24,-1,x149jQMwQrdhLP4i5pz1Vi8QF8s=,QpypNbzETN09HCiLSK5EkyiHzq8=
26,-4,x149jQMwQrdhLP4i5pz1Vi8QF8s=,QpypNbzETN09HCiLSK5EkyiHzq8=
23,-4,x149jQMwQrdhLP4i5pz1Vi8QF8s=,JRStHVUzYqRC0Wfm24ccVeZIEnI=
24,-4,x149jQMwQrdhLP4i5pz1Vi8QF8s=,QpypNbzETN09HCiLSK5EkyiHzq8=
28,-3,x149jQMwQrdhLP4i5pz1Vi8QF8s=,zMn4YJycm/KD9z9SRFEisxcpDI8=
25,-4,x149jQMwQrdhLP4i5pz1Vi8QF8s=,QpypNbzETN09HCiLSK5EkyiHzq8=
17,-23,LbVO56MyhXOJqyJrrasTALCQj0g=,Xl31eYh+rJ94GuqivHyijSA8P5U=
18,-22,CtugwcHujh8jN+dDnEKdHJbj3xg=,Xl31eYh+rJ94GuqivHyijSA8P5U=
17,-22,1hJs1Mh8tuuFeljGtWuAZhh8LPQ=,Xl31eYh+rJ94GuqivHyijSA8P5U=
18,-23,1hJs1Mh8tuuFeljGtWuAZhh8LPQ=,Xl31eYh+rJ94GuqivHyijSA8P5U=
17,-21,1hJs1Mh8tuuFeljGtWuAZhh8LPQ=,Xl31eYh+rJ94GuqivHyijSA8P5U=
22,-22,16IYYinG/jZfSGJgRfo+dGPVryM=,Ey75rdVE283OKcodTslwGbOfDBQ=
18,-21,16IYYinG/jZfSGJgRfo+dGPVryM=,Xl31eYh+rJ94GuqivHyijSA8P5U=
19,-23,q0yLfzqOPCx1/SJtLrofKE4wyIw=,Xl31eYh+rJ94GuqivHyijSA8P5U=
17,-19,q0yLfzqOPCx1/SJtLrofKE4wyIw=,CietWhcun1uyy5qDZqNB5Zr1ITQ=
19,-22,q0yLfzqOPCx1/SJtLrofKE4wyIw=,Xl31eYh+rJ94GuqivHyijSA8P5U=
18,-20,q0yLfzqOPCx1/SJtLrofKE4wyIw=,CietWhcun1uyy5qDZqNB5Zr1ITQ=
17,-20,q0yLfzqOPCx1/SJtLrofKE4wyIw=,CietWhcun1uyy5qDZqNB5Zr1ITQ=
20,-22,q0yLfzqOPCx1/SJtLrofKE4wyIw=,Ey75rdVE283OKcodTslwGbOfDBQ=
18,-18,uQBJJJdLbB3vaclKHE93PSLNPl0=,CietWhcun1uyy5qDZqNB5Zr1ITQ=
17,-18,uQBJJJdLbB3vaclKHE93PSLNPl0=,CietWhcun1uyy5qDZqNB5Zr1ITQ=
21,-23,uQBJJJdLbB3vaclKHE93PSLNPl0=,Ey75rdVE283OKcodTslwGbOfDBQ=
22,-23,uQBJJJdLbB3vaclKHE93PSLNPl0=,Ey75rdVE283OKcodTslwGbOfDBQ=
21,-22,uQBJJJdLbB3vaclKHE93PSLNPl0=,Ey75rdVE283OKcodTslwGbOfDBQ=
20,-23,uQBJJJdLbB3vaclKHE93PSLNPl0=,Ey75rdVE283OKcodTslwGbOfDBQ=
22,-19,uQBJJJdLbB3vaclKHE93PSLNPl0=,+vgy61STXSzswvQWGFKFTjoi9ao=
18,-19,uQBJJJdLbB3vaclKHE93PSLNPl0=,CietWhcun1uyy5qDZqNB5Zr1ITQ=
21,-19,uQBJJJdLbB3vaclKHE93PSLNPl0=,+vgy61STXSzswvQWGFKFTjoi9ao=
20,-19,uQBJJJdLbB3vaclKHE93PSLNPl0=,+vgy61STXSzswvQWGFKFTjoi9ao=
20,-18,uQBJJJdLbB3vaclKHE93PSLNPl0=,+vgy61STXSzswvQWGFKFTjoi9ao=
19,-20,uQBJJJdLbB3vaclKHE93PSLNPl0=,CietWhcun1uyy5qDZqNB5Zr1ITQ=
22,-20,uQBJJJdLbB3vaclKHE93PSLNPl0=,+vgy61STXSzswvQWGFKFTjoi9ao=
19,-18,uQBJJJdLbB3vaclKHE93PSLNPl0=,CietWhcun1uyy5qDZqNB5Zr1ITQ=
21,-20,uQBJJJdLbB3vaclKHE93PSLNPl0=,+vgy61STXSzswvQWGFKFTjoi9ao=
21,-18,uQBJJJdLbB3vaclKHE93PSLNPl0=,+vgy61STXSzswvQWGFKFTjoi9ao=
21,-21,uQBJJJdLbB3vaclKHE93PSLNPl0=,Ey75rdVE283OKcodTslwGbOfDBQ=
22,-18,uQBJJJdLbB3vaclKHE93PSLNPl0=,+vgy61STXSzswvQWGFKFTjoi9ao=
20,-20,uQBJJJdLbB3vaclKHE93PSLNPl0=,+vgy61STXSzswvQWGFKFTjoi9ao=
20,-21,uQBJJJdLbB3vaclKHE93PSLNPl0=,Ey75rdVE283OKcodTslwGbOfDBQ=
22,-21,uQBJJJdLbB3vaclKHE93PSLNPl0=,Ey75rdVE283OKcodTslwGbOfDBQ=
19,-19,uQBJJJdLbB3vaclKHE93PSLNPl0=,CietWhcun1uyy5qDZqNB5Zr1ITQ=
19,-21,uQBJJJdLbB3vaclKHE93PSLNPl0=,Xl31eYh+rJ94GuqivHyijSA8P5U=
23,-22,uQBJJJdLbB3vaclKHE93PSLNPl0=,Ey75rdVE283OKcodTslwGbOfDBQ=
24,-23,uQBJJJdLbB3vaclKHE93PSLNPl0=,00tAZ9Oc6cD5PAAzPXk1/ETBX6Q=
26,-22,uQBJJJdLbB3vaclKHE93PSLNPl0=,00tAZ9Oc6cD5PAAzPXk1/ETBX6Q=
26,-23,uQBJJJdLbB3vaclKHE93PSLNPl0=,00tAZ9Oc6cD5PAAzPXk1/ETBX6Q=
24,-22,uQBJJJdLbB3vaclKHE93PSLNPl0=,00tAZ9Oc6cD5PAAzPXk1/ETBX6Q=
23,-23,uQBJJJdLbB3vaclKHE93PSLNPl0=,Ey75rdVE283OKcodTslwGbOfDBQ=
25,-22,uQBJJJdLbB3vaclKHE93PSLNPl0=,00tAZ9Oc6cD5PAAzPXk1/ETBX6Q=
25,-23,uQBJJJdLbB3vaclKHE93PSLNPl0=,00tAZ9Oc6cD5PAAzPXk1/ETBX6Q=
26,-20,uQBJJJdLbB3vaclKHE93PSLNPl0=,0cEuuFX2lnGVzQbnwTD3LulPYV0=
28,-23,uQBJJJdLbB3vaclKHE93PSLNPl0=,4V56AdhG7ucveZIrLlpv9bx5Gwk=
29,-23,uQBJJJdLbB3vaclKHE93PSLNPl0=,4V56AdhG7ucveZIrLlpv9bx5Gwk=
31,-19,uQBJJJdLbB3vaclKHE93PSLNPl0=,YlNlP+RF2go6UY/26JE9TIyul1k=
27,-22,uQBJJJdLbB3vaclKHE93PSLNPl0=,00tAZ9Oc6cD5PAAzPXk1/ETBX6Q=
30,-23,uQBJJJdLbB3vaclKHE93PSLNPl0=,4V56AdhG7ucveZIrLlpv9bx5Gwk=
27,-20,uQBJJJdLbB3vaclKHE93PSLNPl0=,0cEuuFX2lnGVzQbnwTD3LulPYV0=
23,-19,uQBJJJdLbB3vaclKHE93PSLNPl0=,+vgy61STXSzswvQWGFKFTjoi9ao=
27,-23,uQBJJJdLbB3vaclKHE93PSLNPl0=,00tAZ9Oc6cD5PAAzPXk1/ETBX6Q=
24,-19,uQBJJJdLbB3vaclKHE93PSLNPl0=,0cEuuFX2lnGVzQbnwTD3LulPYV0=
31,-23,uQBJJJdLbB3vaclKHE93PSLNPl0=,4V56AdhG7ucveZIrLlpv9bx5Gwk=
31,-22,uQBJJJdLbB3vaclKHE93PSLNPl0=,4V56AdhG7ucveZIrLlpv9bx5Gwk=
27,-19,uQBJJJdLbB3vaclKHE93PSLNPl0=,0cEuuFX2lnGVzQbnwTD3LulPYV0=
25,-19,uQBJJJdLbB3vaclKHE93PSLNPl0=,0cEuuFX2lnGVzQbnwTD3LulPYV0=
27,-21,uQBJJJdLbB3vaclKHE93PSLNPl0=,00tAZ9Oc6cD5PAAzPXk1/ETBX6Q=
28,-22,uQBJJJdLbB3vaclKHE93PSLNPl0=,4V56AdhG7ucveZIrLlpv9bx5Gwk=
23,-20,uQBJJJdLbB3vaclKHE93PSLNPl0=,+vgy61STXSzswvQWGFKFTjoi9ao=
24,-20,uQBJJJdLbB3vaclKHE93PSLNPl0=,0cEuuFX2lnGVzQbnwTD3LulPYV0=
28,-20,uQBJJJdLbB3vaclKHE93PSLNPl0=,YlNlP+RF2go6UY/26JE9TIyul1k=
29,-22,uQBJJJdLbB3vaclKHE93PSLNPl0=,4V56AdhG7ucveZIrLlpv9bx5Gwk=
27,-18,uQBJJJdLbB3vaclKHE93PSLNPl0=,0cEuuFX2lnGVzQbnwTD3LulPYV0=
24,-21,uQBJJJdLbB3vaclKHE93PSLNPl0=,00tAZ9Oc6cD5PAAzPXk1/ETBX6Q=
30,-22,uQBJJJdLbB3vaclKHE93PSLNPl0=,4V56AdhG7ucveZIrLlpv9bx5Gwk=
28,-21,uQBJJJdLbB3vaclKHE93PSLNPl0=,4V56AdhG7ucveZIrLlpv9bx5Gwk=
25,-21,uQBJJJdLbB3vaclKHE93PSLNPl0=,00tAZ9Oc6cD5PAAzPXk1/ETBX6Q=
26,-19,uQBJJJdLbB3vaclKHE93PSLNPl0=,0cEuuFX2lnGVzQbnwTD3LulPYV0=
24,-18,uQBJJJdLbB3vaclKHE93PSLNPl0=,0cEuuFX2lnGVzQbnwTD3LulPYV0=
29,-21,uQBJJJdLbB3vaclKHE93PSLNPl0=,4V56AdhG7ucveZIrLlpv9bx5Gwk=
31,-18,uQBJJJdLbB3vaclKHE93PSLNPl0=,YlNlP+RF2go6UY/26JE9TIyul1k=
30,-19,uQBJJJdLbB3vaclKHE93PSLNPl0=,YlNlP+RF2go6UY/26JE9TIyul1k=
25,-18,uQBJJJdLbB3vaclKHE93PSLNPl0=,0cEuuFX2lnGVzQbnwTD3LulPYV0=
28,-18,uQBJJJdLbB3vaclKHE93PSLNPl0=,YlNlP+RF2go6UY/26JE9TIyul1k=
23,-21,uQBJJJdLbB3vaclKHE93PSLNPl0=,Ey75rdVE283OKcodTslwGbOfDBQ=
29,-18,uQBJJJdLbB3vaclKHE93PSLNPl0=,YlNlP+RF2go6UY/26JE9TIyul1k=
23,-18,uQBJJJdLbB3vaclKHE93PSLNPl0=,+vgy61STXSzswvQWGFKFTjoi9ao=
28,-19,uQBJJJdLbB3vaclKHE93PSLNPl0=,YlNlP+RF2go6UY/26JE9TIyul1k=
26,-18,uQBJJJdLbB3vaclKHE93PSLNPl0=,0cEuuFX2lnGVzQbnwTD3LulPYV0=
25,-20,uQBJJJdLbB3vaclKHE93PSLNPl0=,0cEuuFX2lnGVzQbnwTD3LulPYV0=
31,-20,uQBJJJdLbB3vaclKHE93PSLNPl0=,YlNlP+RF2go6UY/26JE9TIyul1k=
29,-20,uQBJJJdLbB3vaclKHE93PSLNPl0=,YlNlP+RF2go6UY/26JE9TIyul1k=
30,-18,uQBJJJdLbB3vaclKHE93PSLNPl0=,YlNlP+RF2go6UY/26JE9TIyul1k=
31,-21,uQBJJJdLbB3vaclKHE93PSLNPl0=,4V56AdhG7ucveZIrLlpv9bx5Gwk=
30,-20,uQBJJJdLbB3vaclKHE93PSLNPl0=,YlNlP+RF2go6UY/26JE9TIyul1k=
30,-21,uQBJJJdLbB3vaclKHE93PSLNPl0=,4V56AdhG7ucveZIrLlpv9bx5Gwk=
29,-19,uQBJJJdLbB3vaclKHE93PSLNPl0=,YlNlP+RF2go6UY/26JE9TIyul1k=
25,-27,uQBJJJdLbB3vaclKHE93PSLNPl0=,a+KxyDWXCHcq+9IxCdNHbTuNOYg=
26,-21,uQBJJJdLbB3vaclKHE93PSLNPl0=,00tAZ9Oc6cD5PAAzPXk1/ETBX6Q=
26,-27,uQBJJJdLbB3vaclKHE93PSLNPl0=,a+KxyDWXCHcq+9IxCdNHbTuNOYg=
28,-27,uQBJJJdLbB3vaclKHE93PSLNPl0=,iLIelz3Idc969tGDS5l5hI6dVEA=
25,-26,uQBJJJdLbB3vaclKHE93PSLNPl0=,a+KxyDWXCHcq+9IxCdNHbTuNOYg=
26,-26,uQBJJJdLbB3vaclKHE93PSLNPl0=,a+KxyDWXCHcq+9IxCdNHbTuNOYg=
26,-24,uQBJJJdLbB3vaclKHE93PSLNPl0=,00tAZ9Oc6cD5PAAzPXk1/ETBX6Q=
28,-24,uQBJJJdLbB3vaclKHE93PSLNPl0=,4V56AdhG7ucveZIrLlpv9bx5Gwk=
30,-30,uQBJJJdLbB3vaclKHE93PSLNPl0=,TAvWL+1JEwOE5C2oS69d0dcz1cQ=
26,-25,uQBJJJdLbB3vaclKHE93PSLNPl0=,a+KxyDWXCHcq+9IxCdNHbTuNOYg=
25,-24,uQBJJJdLbB3vaclKHE93PSLNPl0=,00tAZ9Oc6cD5PAAzPXk1/ETBX6Q=
25,-25,uQBJJJdLbB3vaclKHE93PSLNPl0=,a+KxyDWXCHcq+9IxCdNHbTuNOYg=
29,-24,uQBJJJdLbB3vaclKHE93PSLNPl0=,4V56AdhG7ucveZIrLlpv9bx5Gwk=
31,-30,uQBJJJdLbB3vaclKHE93PSLNPl0=,TAvWL+1JEwOE5C2oS69d0dcz1cQ=
31,-28,uQBJJJdLbB3vaclKHE93PSLNPl0=,iLIelz3Idc969tGDS5l5hI6dVEA=
30,-24,uQBJJJdLbB3vaclKHE93PSLNPl0=,4V56AdhG7ucveZIrLlpv9bx5Gwk=
31,-32,uQBJJJdLbB3vaclKHE93PSLNPl0=,TAvWL+1JEwOE5C2oS69d0dcz1cQ=
29,-31,uQBJJJdLbB3vaclKHE93PSLNPl0=,TAvWL+1JEwOE5C2oS69d0dcz1cQ=
28,-31,uQBJJJdLbB3vaclKHE93PSLNPl0=,TAvWL+1JEwOE5C2oS69d0dcz1cQ=
27,-25,uQBJJJdLbB3vaclKHE93PSLNPl0=,a+KxyDWXCHcq+9IxCdNHbTuNOYg=
29,-27,uQBJJJdLbB3vaclKHE93PSLNPl0=,iLIelz3Idc969tGDS5l5hI6dVEA=
31,-31,uQBJJJdLbB3vaclKHE93PSLNPl0=,TAvWL+1JEwOE5C2oS69d0dcz1cQ=
30,-29,uQBJJJdLbB3vaclKHE93PSLNPl0=,TAvWL+1JEwOE5C2oS69d0dcz1cQ=
26,-28,uQBJJJdLbB3vaclKHE93PSLNPl0=,a+KxyDWXCHcq+9IxCdNHbTuNOYg=
30,-27,uQBJJJdLbB3vaclKHE93PSLNPl0=,iLIelz3Idc969tGDS5l5hI6dVEA=
30,-32,uQBJJJdLbB3vaclKHE93PSLNPl0=,TAvWL+1JEwOE5C2oS69d0dcz1cQ=
29,-28,uQBJJJdLbB3vaclKHE93PSLNPl0=,iLIelz3Idc969tGDS5l5hI6dVEA=
31,-24,uQBJJJdLbB3vaclKHE93PSLNPl0=,4V56AdhG7ucveZIrLlpv9bx5Gwk=
27,-28,uQBJJJdLbB3vaclKHE93PSLNPl0=,a+KxyDWXCHcq+9IxCdNHbTuNOYg=
29,-32,uQBJJJdLbB3vaclKHE93PSLNPl0=,TAvWL+1JEwOE5C2oS69d0dcz1cQ=
26,-32,uQBJJJdLbB3vaclKHE93PSLNPl0=,adij19ZmE+yREN2vyE7fiPA1FWs=
28,-26,uQBJJJdLbB3vaclKHE93PSLNPl0=,iLIelz3Idc969tGDS5l5hI6dVEA=
27,-32,uQBJJJdLbB3vaclKHE93PSLNPl0=,adij19ZmE+yREN2vyE7fiPA1FWs=
31,-27,uQBJJJdLbB3vaclKHE93PSLNPl0=,iLIelz3Idc969tGDS5l5hI6dVEA=
30,-31,uQBJJJdLbB3vaclKHE93PSLNPl0=,TAvWL+1JEwOE5C2oS69d0dcz1cQ=
25,-31,uQBJJJdLbB3vaclKHE93PSLNPl0=,adij19ZmE+yREN2vyE7fiPA1FWs=
27,-27,uQBJJJdLbB3vaclKHE93PSLNPl0=,a+KxyDWXCHcq+9IxCdNHbTuNOYg=
25,-32,uQBJJJdLbB3vaclKHE93PSLNPl0=,adij19ZmE+yREN2vyE7fiPA1FWs=
29,-29,uQBJJJdLbB3vaclKHE93PSLNPl0=,TAvWL+1JEwOE5C2oS69d0dcz1cQ=
25,-28,uQBJJJdLbB3vaclKHE93PSLNPl0=,a+KxyDWXCHcq+9IxCdNHbTuNOYg=
26,-31,uQBJJJdLbB3vaclKHE93PSLNPl0=,adij19ZmE+yREN2vyE7fiPA1FWs=
31,-29,uQBJJJdLbB3vaclKHE93PSLNPl0=,TAvWL+1JEwOE5C2oS69d0dcz1cQ=
29,-26,uQBJJJdLbB3vaclKHE93PSLNPl0=,iLIelz3Idc969tGDS5l5hI6dVEA=
27,-31,uQBJJJdLbB3vaclKHE93PSLNPl0=,adij19ZmE+yREN2vyE7fiPA1FWs=
30,-28,uQBJJJdLbB3vaclKHE93PSLNPl0=,iLIelz3Idc969tGDS5l5hI6dVEA=
29,-30,uQBJJJdLbB3vaclKHE93PSLNPl0=,TAvWL+1JEwOE5C2oS69d0dcz1cQ=
28,-32,uQBJJJdLbB3vaclKHE93PSLNPl0=,TAvWL+1JEwOE5C2oS69d0dcz1cQ=
27,-29,uQBJJJdLbB3vaclKHE93PSLNPl0=,adij19ZmE+yREN2vyE7fiPA1FWs=
27,-26,uQBJJJdLbB3vaclKHE93PSLNPl0=,a+KxyDWXCHcq+9IxCdNHbTuNOYg=
30,-26,uQBJJJdLbB3vaclKHE93PSLNPl0=,iLIelz3Idc969tGDS5l5hI6dVEA=
25,-30,uQBJJJdLbB3vaclKHE93PSLNPl0=,adij19ZmE+yREN2vyE7fiPA1FWs=
27,-24,uQBJJJdLbB3vaclKHE93PSLNPl0=,00tAZ9Oc6cD5PAAzPXk1/ETBX6Q=
31,-26,uQBJJJdLbB3vaclKHE93PSLNPl0=,iLIelz3Idc969tGDS5l5hI6dVEA=
28,-25,uQBJJJdLbB3vaclKHE93PSLNPl0=,iLIelz3Idc969tGDS5l5hI6dVEA=
29,-25,uQBJJJdLbB3vaclKHE93PSLNPl0=,iLIelz3Idc969tGDS5l5hI6dVEA=
26,-29,uQBJJJdLbB3vaclKHE93PSLNPl0=,adij19ZmE+yREN2vyE7fiPA1FWs=
30,-25,uQBJJJdLbB3vaclKHE93PSLNPl0=,iLIelz3Idc969tGDS5l5hI6dVEA=
31,-25,uQBJJJdLbB3vaclKHE93PSLNPl0=,iLIelz3Idc969tGDS5l5hI6dVEA=
25,-29,uQBJJJdLbB3vaclKHE93PSLNPl0=,adij19ZmE+yREN2vyE7fiPA1FWs=
27,-30,uQBJJJdLbB3vaclKHE93PSLNPl0=,adij19ZmE+yREN2vyE7fiPA1FWs=
28,-28,uQBJJJdLbB3vaclKHE93PSLNPl0=,iLIelz3Idc969tGDS5l5hI6dVEA=
28,-29,uQBJJJdLbB3vaclKHE93PSLNPl0=,TAvWL+1JEwOE5C2oS69d0dcz1cQ=
26,-30,uQBJJJdLbB3vaclKHE93PSLNPl0=,adij19ZmE+yREN2vyE7fiPA1FWs=
28,-30,uQBJJJdLbB3vaclKHE93PSLNPl0=,TAvWL+1JEwOE5C2oS69d0dcz1cQ=
24,-27,uQBJJJdLbB3vaclKHE93PSLNPl0=,a+KxyDWXCHcq+9IxCdNHbTuNOYg=
22,-26,uQBJJJdLbB3vaclKHE93PSLNPl0=,fnLQaUXvvuBmjvFUb+lmbYtyOwo=
23,-26,uQBJJJdLbB3vaclKHE93PSLNPl0=,fnLQaUXvvuBmjvFUb+lmbYtyOwo=
24,-26,uQBJJJdLbB3vaclKHE93PSLNPl0=,a+KxyDWXCHcq+9IxCdNHbTuNOYg=
21,-25,uQBJJJdLbB3vaclKHE93PSLNPl0=,fnLQaUXvvuBmjvFUb+lmbYtyOwo=
21,-24,uQBJJJdLbB3vaclKHE93PSLNPl0=,Ey75rdVE283OKcodTslwGbOfDBQ=
22,-25,uQBJJJdLbB3vaclKHE93PSLNPl0=,fnLQaUXvvuBmjvFUb+lmbYtyOwo=
22,-32,uQBJJJdLbB3vaclKHE93PSLNPl0=,2RjmokyMNHaxCqTH8Te5W6nBhWc=
23,-25,uQBJJJdLbB3vaclKHE93PSLNPl0=,fnLQaUXvvuBmjvFUb+lmbYtyOwo=
23,-32,uQBJJJdLbB3vaclKHE93PSLNPl0=,2RjmokyMNHaxCqTH8Te5W6nBhWc=
24,-31,uQBJJJdLbB3vaclKHE93PSLNPl0=,adij19ZmE+yREN2vyE7fiPA1FWs=
24,-25,uQBJJJdLbB3vaclKHE93PSLNPl0=,a+KxyDWXCHcq+9IxCdNHbTuNOYg=
22,-24,uQBJJJdLbB3vaclKHE93PSLNPl0=,Ey75rdVE283OKcodTslwGbOfDBQ=
21,-31,uQBJJJdLbB3vaclKHE93PSLNPl0=,2RjmokyMNHaxCqTH8Te5W6nBhWc=
23,-24,uQBJJJdLbB3vaclKHE93PSLNPl0=,Ey75rdVE283OKcodTslwGbOfDBQ=
22,-31,uQBJJJdLbB3vaclKHE93PSLNPl0=,2RjmokyMNHaxCqTH8Te5W6nBhWc=
21,-27,uQBJJJdLbB3vaclKHE93PSLNPl0=,fnLQaUXvvuBmjvFUb+lmbYtyOwo=
23,-31,uQBJJJdLbB3vaclKHE93PSLNPl0=,2RjmokyMNHaxCqTH8Te5W6nBhWc=
24,-30,uQBJJJdLbB3vaclKHE93PSLNPl0=,adij19ZmE+yREN2vyE7fiPA1FWs=
22,-27,uQBJJJdLbB3vaclKHE93PSLNPl0=,fnLQaUXvvuBmjvFUb+lmbYtyOwo=
21,-26,uQBJJJdLbB3vaclKHE93PSLNPl0=,fnLQaUXvvuBmjvFUb+lmbYtyOwo=
24,-24,uQBJJJdLbB3vaclKHE93PSLNPl0=,00tAZ9Oc6cD5PAAzPXk1/ETBX6Q=
20,-31,uQBJJJdLbB3vaclKHE93PSLNPl0=,2RjmokyMNHaxCqTH8Te5W6nBhWc=
23,-27,uQBJJJdLbB3vaclKHE93PSLNPl0=,fnLQaUXvvuBmjvFUb+lmbYtyOwo=
17,-25,uQBJJJdLbB3vaclKHE93PSLNPl0=,DoasPaBrd8yVgOmqKI+0Nu5YwOA=
19,-32,uQBJJJdLbB3vaclKHE93PSLNPl0=,f/kQGrUEH2TsNh93d/ya+hugfD4=
18,-32,uQBJJJdLbB3vaclKHE93PSLNPl0=,f/kQGrUEH2TsNh93d/ya+hugfD4=
21,-30,uQBJJJdLbB3vaclKHE93PSLNPl0=,2RjmokyMNHaxCqTH8Te5W6nBhWc=
20,-32,uQBJJJdLbB3vaclKHE93PSLNPl0=,2RjmokyMNHaxCqTH8Te5W6nBhWc=
16,-27,uQBJJJdLbB3vaclKHE93PSLNPl0=,DoasPaBrd8yVgOmqKI+0Nu5YwOA=
17,-32,uQBJJJdLbB3vaclKHE93PSLNPl0=,f/kQGrUEH2TsNh93d/ya+hugfD4=
19,-30,uQBJJJdLbB3vaclKHE93PSLNPl0=,f/kQGrUEH2TsNh93d/ya+hugfD4=
17,-31,uQBJJJdLbB3vaclKHE93PSLNPl0=,f/kQGrUEH2TsNh93d/ya+hugfD4=
17,-27,uQBJJJdLbB3vaclKHE93PSLNPl0=,DoasPaBrd8yVgOmqKI+0Nu5YwOA=
18,-30,uQBJJJdLbB3vaclKHE93PSLNPl0=,f/kQGrUEH2TsNh93d/ya+hugfD4=
22,-30,uQBJJJdLbB3vaclKHE93PSLNPl0=,2RjmokyMNHaxCqTH8Te5W6nBhWc=
17,-30,uQBJJJdLbB3vaclKHE93PSLNPl0=,f/kQGrUEH2TsNh93d/ya+hugfD4=
19,-28,uQBJJJdLbB3vaclKHE93PSLNPl0=,DoasPaBrd8yVgOmqKI+0Nu5YwOA=
18,-27,uQBJJJdLbB3vaclKHE93PSLNPl0=,DoasPaBrd8yVgOmqKI+0Nu5YwOA=
16,-26,uQBJJJdLbB3vaclKHE93PSLNPl0=,DoasPaBrd8yVgOmqKI+0Nu5YwOA=
18,-31,uQBJJJdLbB3vaclKHE93PSLNPl0=,f/kQGrUEH2TsNh93d/ya+hugfD4=
23,-30,uQBJJJdLbB3vaclKHE93PSLNPl0=,2RjmokyMNHaxCqTH8Te5W6nBhWc=
20,-30,uQBJJJdLbB3vaclKHE93PSLNPl0=,2RjmokyMNHaxCqTH8Te5W6nBhWc=
16,-29,uQBJJJdLbB3vaclKHE93PSLNPl0=,f/kQGrUEH2TsNh93d/ya+hugfD4=
19,-31,uQBJJJdLbB3vaclKHE93PSLNPl0=,f/kQGrUEH2TsNh93d/ya+hugfD4=
18,-25,uQBJJJdLbB3vaclKHE93PSLNPl0=,DoasPaBrd8yVgOmqKI+0Nu5YwOA=
16,-32,uQBJJJdLbB3vaclKHE93PSLNPl0=,f/kQGrUEH2TsNh93d/ya+hugfD4=
21,-32,uQBJJJdLbB3vaclKHE93PSLNPl0=,2RjmokyMNHaxCqTH8Te5W6nBhWc=
21,-29,uQBJJJdLbB3vaclKHE93PSLNPl0=,2RjmokyMNHaxCqTH8Te5W6nBhWc=
19,-26,uQBJJJdLbB3vaclKHE93PSLNPl0=,DoasPaBrd8yVgOmqKI+0Nu5YwOA=
16,-31,uQBJJJdLbB3vaclKHE93PSLNPl0=,f/kQGrUEH2TsNh93d/ya+hugfD4=
16,-30,uQBJJJdLbB3vaclKHE93PSLNPl0=,f/kQGrUEH2TsNh93d/ya+hugfD4=
17,-17,uQBJJJdLbB3vaclKHE93PSLNPl0=,CietWhcun1uyy5qDZqNB5Zr1ITQ=
19,-25,uQBJJJdLbB3vaclKHE93PSLNPl0=,DoasPaBrd8yVgOmqKI+0Nu5YwOA=
16,-28,uQBJJJdLbB3vaclKHE93PSLNPl0=,DoasPaBrd8yVgOmqKI+0Nu5YwOA=
22,-29,uQBJJJdLbB3vaclKHE93PSLNPl0=,2RjmokyMNHaxCqTH8Te5W6nBhWc=
18,-17,uQBJJJdLbB3vaclKHE93PSLNPl0=,CietWhcun1uyy5qDZqNB5Zr1ITQ=
17,-29,uQBJJJdLbB3vaclKHE93PSLNPl0=,f/kQGrUEH2TsNh93d/ya+hugfD4=
24,-32,uQBJJJdLbB3vaclKHE93PSLNPl0=,adij19ZmE+yREN2vyE7fiPA1FWs=
20,-26,uQBJJJdLbB3vaclKHE93PSLNPl0=,fnLQaUXvvuBmjvFUb+lmbYtyOwo=
20,-17,uQBJJJdLbB3vaclKHE93PSLNPl0=,+vgy61STXSzswvQWGFKFTjoi9ao=
24,-29,uQBJJJdLbB3vaclKHE93PSLNPl0=,adij19ZmE+yREN2vyE7fiPA1FWs=
24,-28,uQBJJJdLbB3vaclKHE93PSLNPl0=,a+KxyDWXCHcq+9IxCdNHbTuNOYg=
19,-17,uQBJJJdLbB3vaclKHE93PSLNPl0=,CietWhcun1uyy5qDZqNB5Zr1ITQ=
23,-17,uQBJJJdLbB3vaclKHE93PSLNPl0=,+vgy61STXSzswvQWGFKFTjoi9ao=
22,-17,uQBJJJdLbB3vaclKHE93PSLNPl0=,+vgy61STXSzswvQWGFKFTjoi9ao=
21,-17,uQBJJJdLbB3vaclKHE93PSLNPl0=,+vgy61STXSzswvQWGFKFTjoi9ao=
18,-29,uQBJJJdLbB3vaclKHE93PSLNPl0=,f/kQGrUEH2TsNh93d/ya+hugfD4=
23,-29,uQBJJJdLbB3vaclKHE93PSLNPl0=,2RjmokyMNHaxCqTH8Te5W6nBhWc=
24,-17,uQBJJJdLbB3vaclKHE93PSLNPl0=,0cEuuFX2lnGVzQbnwTD3LulPYV0=
18,-26,uQBJJJdLbB3vaclKHE93PSLNPl0=,DoasPaBrd8yVgOmqKI+0Nu5YwOA=
23,-28,uQBJJJdLbB3vaclKHE93PSLNPl0=,fnLQaUXvvuBmjvFUb+lmbYtyOwo=
17,-26,uQBJJJdLbB3vaclKHE93PSLNPl0=,DoasPaBrd8yVgOmqKI+0Nu5YwOA=
28,-17,uQBJJJdLbB3vaclKHE93PSLNPl0=,YlNlP+RF2go6UY/26JE9TIyul1k=
27,-17,uQBJJJdLbB3vaclKHE93PSLNPl0=,0cEuuFX2lnGVzQbnwTD3LulPYV0=
17,-24,uQBJJJdLbB3vaclKHE93PSLNPl0=,Xl31eYh+rJ94GuqivHyijSA8P5U=
21,-28,uQBJJJdLbB3vaclKHE93PSLNPl0=,fnLQaUXvvuBmjvFUb+lmbYtyOwo=
31,-17,uQBJJJdLbB3vaclKHE93PSLNPl0=,YlNlP+RF2go6UY/26JE9TIyul1k=
25,-17,uQBJJJdLbB3vaclKHE93PSLNPl0=,0cEuuFX2lnGVzQbnwTD3LulPYV0=
30,-17,uQBJJJdLbB3vaclKHE93PSLNPl0=,YlNlP+RF2go6UY/26JE9TIyul1k=
29,-17,uQBJJJdLbB3vaclKHE93PSLNPl0=,YlNlP+RF2go6UY/26JE9TIyul1k=
18,-24,uQBJJJdLbB3vaclKHE93PSLNPl0=,Xl31eYh+rJ94GuqivHyijSA8P5U=
22,-28,uQBJJJdLbB3vaclKHE93PSLNPl0=,fnLQaUXvvuBmjvFUb+lmbYtyOwo=
26,-17,uQBJJJdLbB3vaclKHE93PSLNPl0=,0cEuuFX2lnGVzQbnwTD3LulPYV0=
20,-27,uQBJJJdLbB3vaclKHE93PSLNPl0=,fnLQaUXvvuBmjvFUb+lmbYtyOwo=
16,-17,uQBJJJdLbB3vaclKHE93PSLNPl0=,CietWhcun1uyy5qDZqNB5Zr1ITQ=
20,-25,uQBJJJdLbB3vaclKHE93PSLNPl0=,fnLQaUXvvuBmjvFUb+lmbYtyOwo=
20,-28,uQBJJJdLbB3vaclKHE93PSLNPl0=,fnLQaUXvvuBmjvFUb+lmbYtyOwo=
20,-29,uQBJJJdLbB3vaclKHE93PSLNPl0=,2RjmokyMNHaxCqTH8Te5W6nBhWc=
16,-21,uQBJJJdLbB3vaclKHE93PSLNPl0=,Xl31eYh+rJ94GuqivHyijSA8P5U=
16,-18,uQBJJJdLbB3vaclKHE93PSLNPl0=,CietWhcun1uyy5qDZqNB5Zr1ITQ=
18,-28,uQBJJJdLbB3vaclKHE93PSLNPl0=,DoasPaBrd8yVgOmqKI+0Nu5YwOA=
17,-28,uQBJJJdLbB3vaclKHE93PSLNPl0=,DoasPaBrd8yVgOmqKI+0Nu5YwOA=
16,-19,uQBJJJdLbB3vaclKHE93PSLNPl0=,CietWhcun1uyy5qDZqNB5Zr1ITQ=
19,-24,uQBJJJdLbB3vaclKHE93PSLNPl0=,Xl31eYh+rJ94GuqivHyijSA8P5U=
16,-22,uQBJJJdLbB3vaclKHE93PSLNPl0=,Xl31eYh+rJ94GuqivHyijSA8P5U=
19,-27,uQBJJJdLbB3vaclKHE93PSLNPl0=,DoasPaBrd8yVgOmqKI+0Nu5YwOA=
16,-25,uQBJJJdLbB3vaclKHE93PSLNPl0=,DoasPaBrd8yVgOmqKI+0Nu5YwOA=
20,-24,uQBJJJdLbB3vaclKHE93PSLNPl0=,Ey75rdVE283OKcodTslwGbOfDBQ=
16,-20,uQBJJJdLbB3vaclKHE93PSLNPl0=,CietWhcun1uyy5qDZqNB5Zr1ITQ=
16,-23,uQBJJJdLbB3vaclKHE93PSLNPl0=,Xl31eYh+rJ94GuqivHyijSA8P5U=
19,-29,uQBJJJdLbB3vaclKHE93PSLNPl0=,f/kQGrUEH2TsNh93d/ya+hugfD4=
16,-24,uQBJJJdLbB3vaclKHE93PSLNPl0=,Xl31eYh+rJ94GuqivHyijSA8P5U=
14,-18,3TamGbV7WcJ/fLNJW9UTtg6FKWE=,VLa8tQ3QK66qwSr5qaNvnEYZAgk=
13,-18,3TamGbV7WcJ/fLNJW9UTtg6FKWE=,VLa8tQ3QK66qwSr5qaNvnEYZAgk=
14,-19,3TamGbV7WcJ/fLNJW9UTtg6FKWE=,VLa8tQ3QK66qwSr5qaNvnEYZAgk=
14,-21,3TamGbV7WcJ/fLNJW9UTtg6FKWE=,Njdf4nJmn3l0W2LRdk2E+9bekPM=
13,-19,3TamGbV7WcJ/fLNJW9UTtg6FKWE=,VLa8tQ3QK66qwSr5qaNvnEYZAgk=
12,-22,3TamGbV7WcJ/fLNJW9UTtg6FKWE=,Njdf4nJmn3l0W2LRdk2E+9bekPM=
14,-22,3TamGbV7WcJ/fLNJW9UTtg6FKWE=,Njdf4nJmn3l0W2LRdk2E+9bekPM=
12,-23,Vv64mwXeBTddYfSTP8YOz4cS9Ws=,Njdf4nJmn3l0W2LRdk2E+9bekPM=
13,-23,Vv64mwXeBTddYfSTP8YOz4cS9Ws=,Njdf4nJmn3l0W2LRdk2E+9bekPM=
9,-23,Vv64mwXeBTddYfSTP8YOz4cS9Ws=,gWdJSXpvbhBzxM2Zdx5UZADpxWU=
10,-23,Vv64mwXeBTddYfSTP8YOz4cS9Ws=,gWdJSXpvbhBzxM2Zdx5UZADpxWU=
14,-23,Vv64mwXeBTddYfSTP8YOz4cS9Ws=,Njdf4nJmn3l0W2LRdk2E+9bekPM=
13,-21,Vv64mwXeBTddYfSTP8YOz4cS9Ws=,Njdf4nJmn3l0W2LRdk2E+9bekPM=
11,-22,Vv64mwXeBTddYfSTP8YOz4cS9Ws=,gWdJSXpvbhBzxM2Zdx5UZADpxWU=
11,-23,TIw5bBIOf/d9xPU7UvnWJB0aSOc=,gWdJSXpvbhBzxM2Zdx5UZADpxWU=
10,-22,TIw5bBIOf/d9xPU7UvnWJB0aSOc=,gWdJSXpvbhBzxM2Zdx5UZADpxWU=
9,-22,Lq7o67aE7Q1ezKOygA7aCzxguTQ=,gWdJSXpvbhBzxM2Zdx5UZADpxWU=
13,-20,Lq7o67aE7Q1ezKOygA7aCzxguTQ=,VLa8tQ3QK66qwSr5qaNvnEYZAgk=
13,-22,Lq7o67aE7Q1ezKOygA7aCzxguTQ=,Njdf4nJmn3l0W2LRdk2E+9bekPM=
14,-20,/2x4uKe/E4Xg1VHJ7+rfHtCdTGs=,VLa8tQ3QK66qwSr5qaNvnEYZAgk=
11,-18,/2x4uKe/E4Xg1VHJ7+rfHtCdTGs=,hl+nUVIhaU5dF3+ZlZHBOv6bTro=
9,-21,/2x4uKe/E4Xg1VHJ7+rfHtCdTGs=,gWdJSXpvbhBzxM2Zdx5UZADpxWU=
10,-21,/2x4uKe/E4Xg1VHJ7+rfHtCdTGs=,gWdJSXpvbhBzxM2Zdx5UZADpxWU=
10,-18,/2x4uKe/E4Xg1VHJ7+rfHtCdTGs=,hl+nUVIhaU5dF3+ZlZHBOv6bTro=
12,-18,hXaInnGTGRCxGgiWvKi2Nb71b1Q=,VLa8tQ3QK66qwSr5qaNvnEYZAgk=
11,-21,hXaInnGTGRCxGgiWvKi2Nb71b1Q=,gWdJSXpvbhBzxM2Zdx5UZADpxWU=
12,-19,bqfJwBTU9Q3+TiZXADE5VWj3mvQ=,VLa8tQ3QK66qwSr5qaNvnEYZAgk=
9,-18,bqfJwBTU9Q3+TiZXADE5VWj3mvQ=,hl+nUVIhaU5dF3+ZlZHBOv6bTro=
9,-20,bqfJwBTU9Q3+TiZXADE5VWj3mvQ=,hl+nUVIhaU5dF3+ZlZHBOv6bTro=
10,-20,bqfJwBTU9Q3+TiZXADE5VWj3mvQ=,hl+nUVIhaU5dF3+ZlZHBOv6bTro=
11,-19,bqfJwBTU9Q3+TiZXADE5VWj3mvQ=,hl+nUVIhaU5dF3+ZlZHBOv6bTro=
10,-19,bqfJwBTU9Q3+TiZXADE5VWj3mvQ=,hl+nUVIhaU5dF3+ZlZHBOv6bTro=
9,-19,bqfJwBTU9Q3+TiZXADE5VWj3mvQ=,hl+nUVIhaU5dF3+ZlZHBOv6bTro=
12,-21,bqfJwBTU9Q3+TiZXADE5VWj3mvQ=,Njdf4nJmn3l0W2LRdk2E+9bekPM=
12,-20,bqfJwBTU9Q3+TiZXADE5VWj3mvQ=,VLa8tQ3QK66qwSr5qaNvnEYZAgk=
11,-20,bqfJwBTU9Q3+TiZXADE5VWj3mvQ=,hl+nUVIhaU5dF3+ZlZHBOv6bTro=
9,-27,bqfJwBTU9Q3+TiZXADE5VWj3mvQ=,reJGlbYz5hiMJPBYksEUKGvRc5c=
9,-24,bqfJwBTU9Q3+TiZXADE5VWj3mvQ=,gWdJSXpvbhBzxM2Zdx5UZADpxWU=
10,-24,bqfJwBTU9Q3+TiZXADE5VWj3mvQ=,gWdJSXpvbhBzxM2Zdx5UZADpxWU=
10,-26,bqfJwBTU9Q3+TiZXADE5VWj3mvQ=,reJGlbYz5hiMJPBYksEUKGvRc5c=
10,-27,bqfJwBTU9Q3+TiZXADE5VWj3mvQ=,reJGlbYz5hiMJPBYksEUKGvRc5c=
9,-25,bqfJwBTU9Q3+TiZXADE5VWj3mvQ=,reJGlbYz5hiMJPBYksEUKGvRc5c=
9,-26,bqfJwBTU9Q3+TiZXADE5VWj3mvQ=,reJGlbYz5hiMJPBYksEUKGvRc5c=
10,-25,bqfJwBTU9Q3+TiZXADE5VWj3mvQ=,reJGlbYz5hiMJPBYksEUKGvRc5c=
5,-22,bqfJwBTU9Q3+TiZXADE5VWj3mvQ=,sOSDjB8YGVnLgS3sudXHM1iVfak=
5,-23,bqfJwBTU9Q3+TiZXADE5VWj3mvQ=,sOSDjB8YGVnLgS3sudXHM1iVfak=
7,-22,bqfJwBTU9Q3+TiZXADE5VWj3mvQ=,sOSDjB8YGVnLgS3sudXHM1iVfak=
6,-22,bqfJwBTU9Q3+TiZXADE5VWj3mvQ=,sOSDjB8YGVnLgS3sudXHM1iVfak=
8,-22,bqfJwBTU9Q3+TiZXADE5VWj3mvQ=,gWdJSXpvbhBzxM2Zdx5UZADpxWU=
6,-23,bqfJwBTU9Q3+TiZXADE5VWj3mvQ=,sOSDjB8YGVnLgS3sudXHM1iVfak=
8,-23,bqfJwBTU9Q3+TiZXADE5VWj3mvQ=,gWdJSXpvbhBzxM2Zdx5UZADpxWU=
7,-23,bqfJwBTU9Q3+TiZXADE5VWj3mvQ=,sOSDjB8YGVnLgS3sudXHM1iVfak=
5,-24,bqfJwBTU9Q3+TiZXADE5VWj3mvQ=,sOSDjB8YGVnLgS3sudXHM1iVfak=
7,-26,bqfJwBTU9Q3+TiZXADE5VWj3mvQ=,xhSRqb5Y/T0ZeOC63BZ7NHLyYuU=
8,-27,bqfJwBTU9Q3+TiZXADE5VWj3mvQ=,reJGlbYz5hiMJPBYksEUKGvRc5c=
8,-25,bqfJwBTU9Q3+TiZXADE5VWj3mvQ=,reJGlbYz5hiMJPBYksEUKGvRc5c=
6,-26,bqfJwBTU9Q3+TiZXADE5VWj3mvQ=,xhSRqb5Y/T0ZeOC63BZ7NHLyYuU=
5,-26,bqfJwBTU9Q3+TiZXADE5VWj3mvQ=,xhSRqb5Y/T0ZeOC63BZ7NHLyYuU=
7,-27,bqfJwBTU9Q3+TiZXADE5VWj3mvQ=,xhSRqb5Y/T0ZeOC63BZ7NHLyYuU=
5,-27,bqfJwBTU9Q3+TiZXADE5VWj3mvQ=,xhSRqb5Y/T0ZeOC63BZ7NHLyYuU=
8,-26,bqfJwBTU9Q3+TiZXADE5VWj3mvQ=,reJGlbYz5hiMJPBYksEUKGvRc5c=
8,-24,bqfJwBTU9Q3+TiZXADE5VWj3mvQ=,gWdJSXpvbhBzxM2Zdx5UZADpxWU=
7,-24,bqfJwBTU9Q3+TiZXADE5VWj3mvQ=,sOSDjB8YGVnLgS3sudXHM1iVfak=
6,-27,bqfJwBTU9Q3+TiZXADE5VWj3mvQ=,xhSRqb5Y/T0ZeOC63BZ7NHLyYuU=
7,-25,bqfJwBTU9Q3+TiZXADE5VWj3mvQ=,xhSRqb5Y/T0ZeOC63BZ7NHLyYuU=
6,-25,bqfJwBTU9Q3+TiZXADE5VWj3mvQ=,xhSRqb5Y/T0ZeOC63BZ7NHLyYuU=
5,-25,bqfJwBTU9Q3+TiZXADE5VWj3mvQ=,xhSRqb5Y/T0ZeOC63BZ7NHLyYuU=
14,-26,bqfJwBTU9Q3+TiZXADE5VWj3mvQ=,k7+oEh6Sq3HVLihnFbyLtqRVu4A=
13,-27,bqfJwBTU9Q3+TiZXADE5VWj3mvQ=,k7+oEh6Sq3HVLihnFbyLtqRVu4A=
11,-26,bqfJwBTU9Q3+TiZXADE5VWj3mvQ=,reJGlbYz5hiMJPBYksEUKGvRc5c=
14,-27,bqfJwBTU9Q3+TiZXADE5VWj3mvQ=,k7+oEh6Sq3HVLihnFbyLtqRVu4A=
12,-27,bqfJwBTU9Q3+TiZXADE5VWj3mvQ=,k7+oEh6Sq3HVLihnFbyLtqRVu4A=
14,-25,bqfJwBTU9Q3+TiZXADE5VWj3mvQ=,k7+oEh6Sq3HVLihnFbyLtqRVu4A=
11,-24,bqfJwBTU9Q3+TiZXADE5VWj3mvQ=,gWdJSXpvbhBzxM2Zdx5UZADpxWU=
6,-24,bqfJwBTU9Q3+TiZXADE5VWj3mvQ=,sOSDjB8YGVnLgS3sudXHM1iVfak=
12,-25,bqfJwBTU9Q3+TiZXADE5VWj3mvQ=,k7+oEh6Sq3HVLihnFbyLtqRVu4A=
11,-27,bqfJwBTU9Q3+TiZXADE5VWj3mvQ=,reJGlbYz5hiMJPBYksEUKGvRc5c=
11,-25,bqfJwBTU9Q3+TiZXADE5VWj3mvQ=,reJGlbYz5hiMJPBYksEUKGvRc5c=
12,-24,bqfJwBTU9Q3+TiZXADE5VWj3mvQ=,Njdf4nJmn3l0W2LRdk2E+9bekPM=
13,-24,bqfJwBTU9Q3+TiZXADE5VWj3mvQ=,Njdf4nJmn3l0W2LRdk2E+9bekPM=
12,-26,bqfJwBTU9Q3+TiZXADE5VWj3mvQ=,k7+oEh6Sq3HVLihnFbyLtqRVu4A=
13,-26,bqfJwBTU9Q3+TiZXADE5VWj3mvQ=,k7+oEh6Sq3HVLihnFbyLtqRVu4A=
14,-24,bqfJwBTU9Q3+TiZXADE5VWj3mvQ=,Njdf4nJmn3l0W2LRdk2E+9bekPM=
13,-25,bqfJwBTU9Q3+TiZXADE5VWj3mvQ=,k7+oEh6Sq3HVLihnFbyLtqRVu4A=
1,-27,bqfJwBTU9Q3+TiZXADE5VWj3mvQ=,KnnJ9dzrqlhls4QXriA/wFD5nQg=
4,-26,bqfJwBTU9Q3+TiZXADE5VWj3mvQ=,xhSRqb5Y/T0ZeOC63BZ7NHLyYuU=
2,-27,bqfJwBTU9Q3+TiZXADE5VWj3mvQ=,KnnJ9dzrqlhls4QXriA/wFD5nQg=
3,-26,bqfJwBTU9Q3+TiZXADE5VWj3mvQ=,KnnJ9dzrqlhls4QXriA/wFD5nQg=
3,-27,bqfJwBTU9Q3+TiZXADE5VWj3mvQ=,KnnJ9dzrqlhls4QXriA/wFD5nQg=
1,-26,bqfJwBTU9Q3+TiZXADE5VWj3mvQ=,KnnJ9dzrqlhls4QXriA/wFD5nQg=
4,-27,bqfJwBTU9Q3+TiZXADE5VWj3mvQ=,xhSRqb5Y/T0ZeOC63BZ7NHLyYuU=
2,-26,bqfJwBTU9Q3+TiZXADE5VWj3mvQ=,KnnJ9dzrqlhls4QXriA/wFD5nQg=
4,-25,bqfJwBTU9Q3+TiZXADE5VWj3mvQ=,xhSRqb5Y/T0ZeOC63BZ7NHLyYuU=
1,-25,bqfJwBTU9Q3+TiZXADE5VWj3mvQ=,KnnJ9dzrqlhls4QXriA/wFD5nQg=
3,-22,bqfJwBTU9Q3+TiZXADE5VWj3mvQ=,UQt5KjkG+/S7R6e2bDb1AIzn5Qk=
1,-22,bqfJwBTU9Q3+TiZXADE5VWj3mvQ=,UQt5KjkG+/S7R6e2bDb1AIzn5Qk=
4,-24,bqfJwBTU9Q3+TiZXADE5VWj3mvQ=,sOSDjB8YGVnLgS3sudXHM1iVfak=
3,-23,bqfJwBTU9Q3+TiZXADE5VWj3mvQ=,UQt5KjkG+/S7R6e2bDb1AIzn5Qk=
2,-22,bqfJwBTU9Q3+TiZXADE5VWj3mvQ=,UQt5KjkG+/S7R6e2bDb1AIzn5Qk=
2,-25,bqfJwBTU9Q3+TiZXADE5VWj3mvQ=,KnnJ9dzrqlhls4QXriA/wFD5nQg=
1,-23,bqfJwBTU9Q3+TiZXADE5VWj3mvQ=,UQt5KjkG+/S7R6e2bDb1AIzn5Qk=
2,-23,bqfJwBTU9Q3+TiZXADE5VWj3mvQ=,UQt5KjkG+/S7R6e2bDb1AIzn5Qk=
3,-24,bqfJwBTU9Q3+TiZXADE5VWj3mvQ=,UQt5KjkG+/S7R6e2bDb1AIzn5Qk=
3,-25,bqfJwBTU9Q3+TiZXADE5VWj3mvQ=,KnnJ9dzrqlhls4QXriA/wFD5nQg=
2,-24,bqfJwBTU9Q3+TiZXADE5VWj3mvQ=,UQt5KjkG+/S7R6e2bDb1AIzn5Qk=
4,-23,bqfJwBTU9Q3+TiZXADE5VWj3mvQ=,sOSDjB8YGVnLgS3sudXHM1iVfak=
4,-22,bqfJwBTU9Q3+TiZXADE5VWj3mvQ=,sOSDjB8YGVnLgS3sudXHM1iVfak=
1,-24,bqfJwBTU9Q3+TiZXADE5VWj3mvQ=,UQt5KjkG+/S7R6e2bDb1AIzn5Qk=
1,-28,bqfJwBTU9Q3+TiZXADE5VWj3mvQ=,KnnJ9dzrqlhls4QXriA/wFD5nQg=
2,-29,bqfJwBTU9Q3+TiZXADE5VWj3mvQ=,dkKF0I2dFyN9wvJZLTVYGtb4Toc=
1,-31,bqfJwBTU9Q3+TiZXADE5VWj3mvQ=,dkKF0I2dFyN9wvJZLTVYGtb4Toc=
2,-28,bqfJwBTU9Q3+TiZXADE5VWj3mvQ=,KnnJ9dzrqlhls4QXriA/wFD5nQg=
1,-29,bqfJwBTU9Q3+TiZXADE5VWj3mvQ=,dkKF0I2dFyN9wvJZLTVYGtb4Toc=
2,-32,bqfJwBTU9Q3+TiZXADE5VWj3mvQ=,dkKF0I2dFyN9wvJZLTVYGtb4Toc=
1,-32,bqfJwBTU9Q3+TiZXADE5VWj3mvQ=,dkKF0I2dFyN9wvJZLTVYGtb4Toc=
2,-31,bqfJwBTU9Q3+TiZXADE5VWj3mvQ=,dkKF0I2dFyN9wvJZLTVYGtb4Toc=
1,-30,bqfJwBTU9Q3+TiZXADE5VWj3mvQ=,dkKF0I2dFyN9wvJZLTVYGtb4Toc=
2,-30,bqfJwBTU9Q3+TiZXADE5VWj3mvQ=,dkKF0I2dFyN9wvJZLTVYGtb4Toc=
6,-32,bqfJwBTU9Q3+TiZXADE5VWj3mvQ=,Tp14mcag+49Vb7qj7sMD/HMHaGA=
3,-29,bqfJwBTU9Q3+TiZXADE5VWj3mvQ=,dkKF0I2dFyN9wvJZLTVYGtb4Toc=
4,-31,bqfJwBTU9Q3+TiZXADE5VWj3mvQ=,Tp14mcag+49Vb7qj7sMD/HMHaGA=
3,-28,bqfJwBTU9Q3+TiZXADE5VWj3mvQ=,KnnJ9dzrqlhls4QXriA/wFD5nQg=
5,-32,bqfJwBTU9Q3+TiZXADE5VWj3mvQ=,Tp14mcag+49Vb7qj7sMD/HMHaGA=
5,-31,bqfJwBTU9Q3+TiZXADE5VWj3mvQ=,Tp14mcag+49Vb7qj7sMD/HMHaGA=
3,-31,bqfJwBTU9Q3+TiZXADE5VWj3mvQ=,dkKF0I2dFyN9wvJZLTVYGtb4Toc=
4,-32,bqfJwBTU9Q3+TiZXADE5VWj3mvQ=,Tp14mcag+49Vb7qj7sMD/HMHaGA=
6,-29,bqfJwBTU9Q3+TiZXADE5VWj3mvQ=,Tp14mcag+49Vb7qj7sMD/HMHaGA=
6,-28,bqfJwBTU9Q3+TiZXADE5VWj3mvQ=,xhSRqb5Y/T0ZeOC63BZ7NHLyYuU=
5,-28,bqfJwBTU9Q3+TiZXADE5VWj3mvQ=,xhSRqb5Y/T0ZeOC63BZ7NHLyYuU=
6,-31,bqfJwBTU9Q3+TiZXADE5VWj3mvQ=,Tp14mcag+49Vb7qj7sMD/HMHaGA=
5,-29,bqfJwBTU9Q3+TiZXADE5VWj3mvQ=,Tp14mcag+49Vb7qj7sMD/HMHaGA=
4,-28,bqfJwBTU9Q3+TiZXADE5VWj3mvQ=,xhSRqb5Y/T0ZeOC63BZ7NHLyYuU=
4,-29,bqfJwBTU9Q3+TiZXADE5VWj3mvQ=,Tp14mcag+49Vb7qj7sMD/HMHaGA=
3,-30,bqfJwBTU9Q3+TiZXADE5VWj3mvQ=,dkKF0I2dFyN9wvJZLTVYGtb4Toc=
3,-32,bqfJwBTU9Q3+TiZXADE5VWj3mvQ=,dkKF0I2dFyN9wvJZLTVYGtb4Toc=
6,-30,bqfJwBTU9Q3+TiZXADE5VWj3mvQ=,Tp14mcag+49Vb7qj7sMD/HMHaGA=
0,-31,bqfJwBTU9Q3+TiZXADE5VWj3mvQ=,dkKF0I2dFyN9wvJZLTVYGtb4Toc=
0,-30,bqfJwBTU9Q3+TiZXADE5VWj3mvQ=,dkKF0I2dFyN9wvJZLTVYGtb4Toc=
5,-30,bqfJwBTU9Q3+TiZXADE5VWj3mvQ=,Tp14mcag+49Vb7qj7sMD/HMHaGA=
0,-32,bqfJwBTU9Q3+TiZXADE5VWj3mvQ=,dkKF0I2dFyN9wvJZLTVYGtb4Toc=
15,-27,bqfJwBTU9Q3+TiZXADE5VWj3mvQ=,k7+oEh6Sq3HVLihnFbyLtqRVu4A=
4,-30,bqfJwBTU9Q3+TiZXADE5VWj3mvQ=,Tp14mcag+49Vb7qj7sMD/HMHaGA=
15,-23,bqfJwBTU9Q3+TiZXADE5VWj3mvQ=,Njdf4nJmn3l0W2LRdk2E+9bekPM=
15,-26,bqfJwBTU9Q3+TiZXADE5VWj3mvQ=,k7+oEh6Sq3HVLihnFbyLtqRVu4A=
15,-24,bqfJwBTU9Q3+TiZXADE5VWj3mvQ=,Njdf4nJmn3l0W2LRdk2E+9bekPM=
15,-22,bqfJwBTU9Q3+TiZXADE5VWj3mvQ=,Njdf4nJmn3l0W2LRdk2E+9bekPM=
15,-25,bqfJwBTU9Q3+TiZXADE5VWj3mvQ=,k7+oEh6Sq3HVLihnFbyLtqRVu4A=
15,-18,bqfJwBTU9Q3+TiZXADE5VWj3mvQ=,VLa8tQ3QK66qwSr5qaNvnEYZAgk=
13,-17,bqfJwBTU9Q3+TiZXADE5VWj3mvQ=,VLa8tQ3QK66qwSr5qaNvnEYZAgk=
15,-20,bqfJwBTU9Q3+TiZXADE5VWj3mvQ=,VLa8tQ3QK66qwSr5qaNvnEYZAgk=
15,-19,bqfJwBTU9Q3+TiZXADE5VWj3mvQ=,VLa8tQ3QK66qwSr5qaNvnEYZAgk=
14,-17,bqfJwBTU9Q3+TiZXADE5VWj3mvQ=,VLa8tQ3QK66qwSr5qaNvnEYZAgk=
15,-21,bqfJwBTU9Q3+TiZXADE5VWj3mvQ=,Njdf4nJmn3l0W2LRdk2E+9bekPM=
9,-17,bqfJwBTU9Q3+TiZXADE5VWj3mvQ=,hl+nUVIhaU5dF3+ZlZHBOv6bTro=
10,-17,bqfJwBTU9Q3+TiZXADE5VWj3mvQ=,hl+nUVIhaU5dF3+ZlZHBOv6bTro=
12,-17,bqfJwBTU9Q3+TiZXADE5VWj3mvQ=,VLa8tQ3QK66qwSr5qaNvnEYZAgk=
11,-17,bqfJwBTU9Q3+TiZXADE5VWj3mvQ=,hl+nUVIhaU5dF3+ZlZHBOv6bTro=
9,-29,bqfJwBTU9Q3+TiZXADE5VWj3mvQ=,s1U/P2GkqIxlW9SLIuGc6wdSUNE=
8,-29,bqfJwBTU9Q3+TiZXADE5VWj3mvQ=,s1U/P2GkqIxlW9SLIuGc6wdSUNE=
10,-29,bqfJwBTU9Q3+TiZXADE5VWj3mvQ=,s1U/P2GkqIxlW9SLIuGc6wdSUNE=
8,-28,bqfJwBTU9Q3+TiZXADE5VWj3mvQ=,reJGlbYz5hiMJPBYksEUKGvRc5c=
9,-28,bqfJwBTU9Q3+TiZXADE5VWj3mvQ=,reJGlbYz5hiMJPBYksEUKGvRc5c=
10,-28,bqfJwBTU9Q3+TiZXADE5VWj3mvQ=,reJGlbYz5hiMJPBYksEUKGvRc5c=
7,-31,bqfJwBTU9Q3+TiZXADE5VWj3mvQ=,Tp14mcag+49Vb7qj7sMD/HMHaGA=
8,-32,bqfJwBTU9Q3+TiZXADE5VWj3mvQ=,s1U/P2GkqIxlW9SLIuGc6wdSUNE=
9,-32,bqfJwBTU9Q3+TiZXADE5VWj3mvQ=,s1U/P2GkqIxlW9SLIuGc6wdSUNE=
10,-32,bqfJwBTU9Q3+TiZXADE5VWj3mvQ=,s1U/P2GkqIxlW9SLIuGc6wdSUNE=
7,-30,bqfJwBTU9Q3+TiZXADE5VWj3mvQ=,Tp14mcag+49Vb7qj7sMD/HMHaGA=
12,-30,bqfJwBTU9Q3+TiZXADE5VWj3mvQ=,MDE++pcRs0XkGjgvIaqVtCiNKBk=
12,-32,bqfJwBTU9Q3+TiZXADE5VWj3mvQ=,MDE++pcRs0XkGjgvIaqVtCiNKBk=
8,-31,bqfJwBTU9Q3+TiZXADE5VWj3mvQ=,s1U/P2GkqIxlW9SLIuGc6wdSUNE=
12,-29,bqfJwBTU9Q3+TiZXADE5VWj3mvQ=,MDE++pcRs0XkGjgvIaqVtCiNKBk=
13,-32,bqfJwBTU9Q3+TiZXADE5VWj3mvQ=,MDE++pcRs0XkGjgvIaqVtCiNKBk=
9,-31,bqfJwBTU9Q3+TiZXADE5VWj3mvQ=,s1U/P2GkqIxlW9SLIuGc6wdSUNE=
11,-29,bqfJwBTU9Q3+TiZXADE5VWj3mvQ=,s1U/P2GkqIxlW9SLIuGc6wdSUNE=
10,-31,bqfJwBTU9Q3+TiZXADE5VWj3mvQ=,s1U/P2GkqIxlW9SLIuGc6wdSUNE=
8,-30,bqfJwBTU9Q3+TiZXADE5VWj3mvQ=,s1U/P2GkqIxlW9SLIuGc6wdSUNE=
7,-29,bqfJwBTU9Q3+TiZXADE5VWj3mvQ=,Tp14mcag+49Vb7qj7sMD/HMHaGA=
7,-32,bqfJwBTU9Q3+TiZXADE5VWj3mvQ=,Tp14mcag+49Vb7qj7sMD/HMHaGA=
11,-28,bqfJwBTU9Q3+TiZXADE5VWj3mvQ=,reJGlbYz5hiMJPBYksEUKGvRc5c=
9,-30,bqfJwBTU9Q3+TiZXADE5VWj3mvQ=,s1U/P2GkqIxlW9SLIuGc6wdSUNE=
10,-30,bqfJwBTU9Q3+TiZXADE5VWj3mvQ=,s1U/P2GkqIxlW9SLIuGc6wdSUNE=
7,-28,bqfJwBTU9Q3+TiZXADE5VWj3mvQ=,xhSRqb5Y/T0ZeOC63BZ7NHLyYuU=
13,-29,bqfJwBTU9Q3+TiZXADE5VWj3mvQ=,MDE++pcRs0XkGjgvIaqVtCiNKBk=
14,-32,bqfJwBTU9Q3+TiZXADE5VWj3mvQ=,MDE++pcRs0XkGjgvIaqVtCiNKBk=
14,-29,bqfJwBTU9Q3+TiZXADE5VWj3mvQ=,MDE++pcRs0XkGjgvIaqVtCiNKBk=
15,-29,bqfJwBTU9Q3+TiZXADE5VWj3mvQ=,MDE++pcRs0XkGjgvIaqVtCiNKBk=
11,-32,bqfJwBTU9Q3+TiZXADE5VWj3mvQ=,s1U/P2GkqIxlW9SLIuGc6wdSUNE=
14,-28,bqfJwBTU9Q3+TiZXADE5VWj3mvQ=,k7+oEh6Sq3HVLihnFbyLtqRVu4A=
15,-32,bqfJwBTU9Q3+TiZXADE5VWj3mvQ=,MDE++pcRs0XkGjgvIaqVtCiNKBk=
12,-31,bqfJwBTU9Q3+TiZXADE5VWj3mvQ=,MDE++pcRs0XkGjgvIaqVtCiNKBk=
12,-28,bqfJwBTU9Q3+TiZXADE5VWj3mvQ=,k7+oEh6Sq3HVLihnFbyLtqRVu4A=
11,-31,bqfJwBTU9Q3+TiZXADE5VWj3mvQ=,s1U/P2GkqIxlW9SLIuGc6wdSUNE=
14,-30,bqfJwBTU9Q3+TiZXADE5VWj3mvQ=,MDE++pcRs0XkGjgvIaqVtCiNKBk=
13,-31,bqfJwBTU9Q3+TiZXADE5VWj3mvQ=,MDE++pcRs0XkGjgvIaqVtCiNKBk=
13,-30,bqfJwBTU9Q3+TiZXADE5VWj3mvQ=,MDE++pcRs0XkGjgvIaqVtCiNKBk=
11,-30,bqfJwBTU9Q3+TiZXADE5VWj3mvQ=,s1U/P2GkqIxlW9SLIuGc6wdSUNE=
15,-30,bqfJwBTU9Q3+TiZXADE5VWj3mvQ=,MDE++pcRs0XkGjgvIaqVtCiNKBk=
15,-31,bqfJwBTU9Q3+TiZXADE5VWj3mvQ=,MDE++pcRs0XkGjgvIaqVtCiNKBk=
13,-28,bqfJwBTU9Q3+TiZXADE5VWj3mvQ=,k7+oEh6Sq3HVLihnFbyLtqRVu4A=
14,-31,bqfJwBTU9Q3+TiZXADE5VWj3mvQ=,MDE++pcRs0XkGjgvIaqVtCiNKBk=
15,-28,bqfJwBTU9Q3+TiZXADE5VWj3mvQ=,k7+oEh6Sq3HVLihnFbyLtqRVu4A=
0,-23,bqfJwBTU9Q3+TiZXADE5VWj3mvQ=,UQt5KjkG+/S7R6e2bDb1AIzn5Qk=
0,-22,bqfJwBTU9Q3+TiZXADE5VWj3mvQ=,UQt5KjkG+/S7R6e2bDb1AIzn5Qk=
15,-17,bqfJwBTU9Q3+TiZXADE5VWj3mvQ=,VLa8tQ3QK66qwSr5qaNvnEYZAgk=
0,-28,bqfJwBTU9Q3+TiZXADE5VWj3mvQ=,KnnJ9dzrqlhls4QXriA/wFD5nQg=
0,-25,bqfJwBTU9Q3+TiZXADE5VWj3mvQ=,KnnJ9dzrqlhls4QXriA/wFD5nQg=
0,-29,bqfJwBTU9Q3+TiZXADE5VWj3mvQ=,dkKF0I2dFyN9wvJZLTVYGtb4Toc=
0,-26,bqfJwBTU9Q3+TiZXADE5VWj3mvQ=,KnnJ9dzrqlhls4QXriA/wFD5nQg=
0,-24,bqfJwBTU9Q3+TiZXADE5VWj3mvQ=,UQt5KjkG+/S7R6e2bDb1AIzn5Qk=
0,-27,bqfJwBTU9Q3+TiZXADE5VWj3mvQ=,KnnJ9dzrqlhls4QXriA/wFD5nQg=
8,-17,bqfJwBTU9Q3+TiZXADE5VWj3mvQ=,hl+nUVIhaU5dF3+ZlZHBOv6bTro=
7,-18,bqfJwBTU9Q3+TiZXADE5VWj3mvQ=,88afY0UwsxC/W0Uq7Jo5jRnJ9fc=
7,-20,bqfJwBTU9Q3+TiZXADE5VWj3mvQ=,88afY0UwsxC/W0Uq7Jo5jRnJ9fc=
8,-21,bqfJwBTU9Q3+TiZXADE5VWj3mvQ=,gWdJSXpvbhBzxM2Zdx5UZADpxWU=
6,-18,bqfJwBTU9Q3+TiZXADE5VWj3mvQ=,88afY0UwsxC/W0Uq7Jo5jRnJ9fc=
5,-17,bqfJwBTU9Q3+TiZXADE5VWj3mvQ=,88afY0UwsxC/W0Uq7Jo5jRnJ9fc=
5,-20,bqfJwBTU9Q3+TiZXADE5VWj3mvQ=,88afY0UwsxC/W0Uq7Jo5jRnJ9fc=
6,-20,bqfJwBTU9Q3+TiZXADE5VWj3mvQ=,88afY0UwsxC/W0Uq7Jo5jRnJ9fc=
5,-18,bqfJwBTU9Q3+TiZXADE5VWj3mvQ=,88afY0UwsxC/W0Uq7Jo5jRnJ9fc=
8,-18,bqfJwBTU9Q3+TiZXADE5VWj3mvQ=,hl+nUVIhaU5dF3+ZlZHBOv6bTro=
7,-19,bqfJwBTU9Q3+TiZXADE5VWj3mvQ=,88afY0UwsxC/W0Uq7Jo5jRnJ9fc=
6,-19,bqfJwBTU9Q3+TiZXADE5VWj3mvQ=,88afY0UwsxC/W0Uq7Jo5jRnJ9fc=
7,-21,bqfJwBTU9Q3+TiZXADE5VWj3mvQ=,sOSDjB8YGVnLgS3sudXHM1iVfak=
6,-17,bqfJwBTU9Q3+TiZXADE5VWj3mvQ=,88afY0UwsxC/W0Uq7Jo5jRnJ9fc=
6,-21,bqfJwBTU9Q3+TiZXADE5VWj3mvQ=,sOSDjB8YGVnLgS3sudXHM1iVfak=
5,-21,bqfJwBTU9Q3+TiZXADE5VWj3mvQ=,sOSDjB8YGVnLgS3sudXHM1iVfak=
7,-17,bqfJwBTU9Q3+TiZXADE5VWj3mvQ=,88afY0UwsxC/W0Uq7Jo5jRnJ9fc=
8,-20,bqfJwBTU9Q3+TiZXADE5VWj3mvQ=,hl+nUVIhaU5dF3+ZlZHBOv6bTro=
3,-20,bqfJwBTU9Q3+TiZXADE5VWj3mvQ=,DcWjEbUrFf8SdErrR7dVPRE3n6M=
0,-21,bqfJwBTU9Q3+TiZXADE5VWj3mvQ=,UQt5KjkG+/S7R6e2bDb1AIzn5Qk=
2,-20,bqfJwBTU9Q3+TiZXADE5VWj3mvQ=,DcWjEbUrFf8SdErrR7dVPRE3n6M=
1,-20,bqfJwBTU9Q3+TiZXADE5VWj3mvQ=,DcWjEbUrFf8SdErrR7dVPRE3n6M=
2,-18,bqfJwBTU9Q3+TiZXADE5VWj3mvQ=,DcWjEbUrFf8SdErrR7dVPRE3n6M=
3,-18,bqfJwBTU9Q3+TiZXADE5VWj3mvQ=,DcWjEbUrFf8SdErrR7dVPRE3n6M=
0,-20,bqfJwBTU9Q3+TiZXADE5VWj3mvQ=,DcWjEbUrFf8SdErrR7dVPRE3n6M=
4,-21,bqfJwBTU9Q3+TiZXADE5VWj3mvQ=,sOSDjB8YGVnLgS3sudXHM1iVfak=
4,-20,bqfJwBTU9Q3+TiZXADE5VWj3mvQ=,88afY0UwsxC/W0Uq7Jo5jRnJ9fc=
3,-21,bqfJwBTU9Q3+TiZXADE5VWj3mvQ=,UQt5KjkG+/S7R6e2bDb1AIzn5Qk=
8,-19,bqfJwBTU9Q3+TiZXADE5VWj3mvQ=,hl+nUVIhaU5dF3+ZlZHBOv6bTro=
0,-18,bqfJwBTU9Q3+TiZXADE5VWj3mvQ=,DcWjEbUrFf8SdErrR7dVPRE3n6M=
3,-17,bqfJwBTU9Q3+TiZXADE5VWj3mvQ=,DcWjEbUrFf8SdErrR7dVPRE3n6M=
4,-18,bqfJwBTU9Q3+TiZXADE5VWj3mvQ=,88afY0UwsxC/W0Uq7Jo5jRnJ9fc=
2,-21,bqfJwBTU9Q3+TiZXADE5VWj3mvQ=,UQt5KjkG+/S7R6e2bDb1AIzn5Qk=
3,-19,bqfJwBTU9Q3+TiZXADE5VWj3mvQ=,DcWjEbUrFf8SdErrR7dVPRE3n6M=
4,-17,bqfJwBTU9Q3+TiZXADE5VWj3mvQ=,88afY0UwsxC/W0Uq7Jo5jRnJ9fc=
5,-19,bqfJwBTU9Q3+TiZXADE5VWj3mvQ=,88afY0UwsxC/W0Uq7Jo5jRnJ9fc=
2,-19,bqfJwBTU9Q3+TiZXADE5VWj3mvQ=,DcWjEbUrFf8SdErrR7dVPRE3n6M=
1,-18,bqfJwBTU9Q3+TiZXADE5VWj3mvQ=,DcWjEbUrFf8SdErrR7dVPRE3n6M=
1,-21,bqfJwBTU9Q3+TiZXADE5VWj3mvQ=,UQt5KjkG+/S7R6e2bDb1AIzn5Qk=
1,-17,bqfJwBTU9Q3+TiZXADE5VWj3mvQ=,DcWjEbUrFf8SdErrR7dVPRE3n6M=
1,-19,bqfJwBTU9Q3+TiZXADE5VWj3mvQ=,DcWjEbUrFf8SdErrR7dVPRE3n6M=
0,-17,bqfJwBTU9Q3+TiZXADE5VWj3mvQ=,DcWjEbUrFf8SdErrR7dVPRE3n6M=
4,-19,bqfJwBTU9Q3+TiZXADE5VWj3mvQ=,88afY0UwsxC/W0Uq7Jo5jRnJ9fc=
0,-19,bqfJwBTU9Q3+TiZXADE5VWj3mvQ=,DcWjEbUrFf8SdErrR7dVPRE3n6M=
2,-17,bqfJwBTU9Q3+TiZXADE5VWj3mvQ=,DcWjEbUrFf8SdErrR7dVPRE3n6M=
1,-3,lBAGzuJkk2lBLTz5anhAx7sRMfY=,3RWF/+DI+emN7TjX+8a1KFrhZ0k=
5,-3,lBAGzuJkk2lBLTz5anhAx7sRMfY=,+ceLBsdAGPpDRLypQcrTacGr/e4=
4,-2,lBAGzuJkk2lBLTz5anhAx7sRMfY=,+ceLBsdAGPpDRLypQcrTacGr/e4=
3,-2,lBAGzuJkk2lBLTz5anhAx7sRMfY=,3RWF/+DI+emN7TjX+8a1KFrhZ0k=
5,-5,lBAGzuJkk2lBLTz5anhAx7sRMfY=,x+/OEStLiYlANQPxUZLRDijmOyU=
2,-2,lBAGzuJkk2lBLTz5anhAx7sRMfY=,3RWF/+DI+emN7TjX+8a1KFrhZ0k=
4,-5,7X4JObrt0MYO5/gWfpjG6VYQlTk=,x+/OEStLiYlANQPxUZLRDijmOyU=
1,-2,7X4JObrt0MYO5/gWfpjG6VYQlTk=,3RWF/+DI+emN7TjX+8a1KFrhZ0k=
2,-3,7X4JObrt0MYO5/gWfpjG6VYQlTk=,3RWF/+DI+emN7TjX+8a1KFrhZ0k=
6,-4,7X4JObrt0MYO5/gWfpjG6VYQlTk=,+ceLBsdAGPpDRLypQcrTacGr/e4=
4,-3,7X4JObrt0MYO5/gWfpjG6VYQlTk=,+ceLBsdAGPpDRLypQcrTacGr/e4=
3,-3,7X4JObrt0MYO5/gWfpjG6VYQlTk=,3RWF/+DI+emN7TjX+8a1KFrhZ0k=
1,-5,7X4JObrt0MYO5/gWfpjG6VYQlTk=,sI+5xN/dqF7/9Y1JWbWdhLt436o=
5,-7,7X4JObrt0MYO5/gWfpjG6VYQlTk=,x+/OEStLiYlANQPxUZLRDijmOyU=
6,-5,7X4JObrt0MYO5/gWfpjG6VYQlTk=,x+/OEStLiYlANQPxUZLRDijmOyU=
2,-5,49VF0+W/rbqIWGH6fZd0brBF0ws=,sI+5xN/dqF7/9Y1JWbWdhLt436o=
6,-7,6574y37R85r/5bhbG6IP8yweeAw=,x+/OEStLiYlANQPxUZLRDijmOyU=
6,-6,6574y37R85r/5bhbG6IP8yweeAw=,x+/OEStLiYlANQPxUZLRDijmOyU=
3,-5,Vu4ibWctv1b5GmH/9zyLOJ2TWGE=,sI+5xN/dqF7/9Y1JWbWdhLt436o=
5,-4,Vu4ibWctv1b5GmH/9zyLOJ2TWGE=,+ceLBsdAGPpDRLypQcrTacGr/e4=
3,-6,Vu4ibWctv1b5GmH/9zyLOJ2TWGE=,sI+5xN/dqF7/9Y1JWbWdhLt436o=
4,-4,Vu4ibWctv1b5GmH/9zyLOJ2TWGE=,+ceLBsdAGPpDRLypQcrTacGr/e4=
6,-2,Vu4ibWctv1b5GmH/9zyLOJ2TWGE=,+ceLBsdAGPpDRLypQcrTacGr/e4=
4,-7,Vu4ibWctv1b5GmH/9zyLOJ2TWGE=,x+/OEStLiYlANQPxUZLRDijmOyU=
5,-6,Vu4ibWctv1b5GmH/9zyLOJ2TWGE=,x+/OEStLiYlANQPxUZLRDijmOyU=
4,-6,Vu4ibWctv1b5GmH/9zyLOJ2TWGE=,x+/OEStLiYlANQPxUZLRDijmOyU=
1,-4,Vu4ibWctv1b5GmH/9zyLOJ2TWGE=,3RWF/+DI+emN7TjX+8a1KFrhZ0k=
1,-7,Vu4ibWctv1b5GmH/9zyLOJ2TWGE=,sI+5xN/dqF7/9Y1JWbWdhLt436o=
2,-4,Vu4ibWctv1b5GmH/9zyLOJ2TWGE=,3RWF/+DI+emN7TjX+8a1KFrhZ0k=
2,-7,Vu4ibWctv1b5GmH/9zyLOJ2TWGE=,sI+5xN/dqF7/9Y1JWbWdhLt436o=
3,-7,Vu4ibWctv1b5GmH/9zyLOJ2TWGE=,sI+5xN/dqF7/9Y1JWbWdhLt436o=
3,-4,Vu4ibWctv1b5GmH/9zyLOJ2TWGE=,3RWF/+DI+emN7TjX+8a1KFrhZ0k=
5,-2,Vu4ibWctv1b5GmH/9zyLOJ2TWGE=,+ceLBsdAGPpDRLypQcrTacGr/e4=
2,-6,Vu4ibWctv1b5GmH/9zyLOJ2TWGE=,sI+5xN/dqF7/9Y1JWbWdhLt436o=
1,-6,Vu4ibWctv1b5GmH/9zyLOJ2TWGE=,sI+5xN/dqF7/9Y1JWbWdhLt436o=
6,-3,Vu4ibWctv1b5GmH/9zyLOJ2TWGE=,+ceLBsdAGPpDRLypQcrTacGr/e4=
6,-10,Vu4ibWctv1b5GmH/9zyLOJ2TWGE=,0hJ1XkzX8Mh+TfpOoCPjS8dvUoM=
5,-9,Vu4ibWctv1b5GmH/9zyLOJ2TWGE=,0hJ1XkzX8Mh+TfpOoCPjS8dvUoM=
5,-8,Vu4ibWctv1b5GmH/9zyLOJ2TWGE=,x+/OEStLiYlANQPxUZLRDijmOyU=
5,-11,Vu4ibWctv1b5GmH/9zyLOJ2TWGE=,0hJ1XkzX8Mh+TfpOoCPjS8dvUoM=
5,-10,Vu4ibWctv1b5GmH/9zyLOJ2TWGE=,0hJ1XkzX8Mh+TfpOoCPjS8dvUoM=
6,-11,Vu4ibWctv1b5GmH/9zyLOJ2TWGE=,0hJ1XkzX8Mh+TfpOoCPjS8dvUoM=
6,-9,Vu4ibWctv1b5GmH/9zyLOJ2TWGE=,0hJ1XkzX8Mh+TfpOoCPjS8dvUoM=
6,-8,Vu4ibWctv1b5GmH/9zyLOJ2TWGE=,x+/OEStLiYlANQPxUZLRDijmOyU=
5,-15,Vu4ibWctv1b5GmH/9zyLOJ2TWGE=,Y43epPz30E1OtdjRchw6BOZ++Sk=
5,-14,Vu4ibWctv1b5GmH/9zyLOJ2TWGE=,Y43epPz30E1OtdjRchw6BOZ++Sk=
6,-15,Vu4ibWctv1b5GmH/9zyLOJ2TWGE=,Y43epPz30E1OtdjRchw6BOZ++Sk=
6,-12,Vu4ibWctv1b5GmH/9zyLOJ2TWGE=,0hJ1XkzX8Mh+TfpOoCPjS8dvUoM=
5,-12,Vu4ibWctv1b5GmH/9zyLOJ2TWGE=,0hJ1XkzX8Mh+TfpOoCPjS8dvUoM=
6,-14,Vu4ibWctv1b5GmH/9zyLOJ2TWGE=,Y43epPz30E1OtdjRchw6BOZ++Sk=
5,-13,Vu4ibWctv1b5GmH/9zyLOJ2TWGE=,Y43epPz30E1OtdjRchw6BOZ++Sk=
6,-13,Vu4ibWctv1b5GmH/9zyLOJ2TWGE=,Y43epPz30E1OtdjRchw6BOZ++Sk=
7,-14,Vu4ibWctv1b5GmH/9zyLOJ2TWGE=,Y43epPz30E1OtdjRchw6BOZ++Sk=
10,-14,Vu4ibWctv1b5GmH/9zyLOJ2TWGE=,n0MdHyUOPqtxShSr88MdExQRVdg=
8,-14,Vu4ibWctv1b5GmH/9zyLOJ2TWGE=,n0MdHyUOPqtxShSr88MdExQRVdg=
9,-14,Vu4ibWctv1b5GmH/9zyLOJ2TWGE=,n0MdHyUOPqtxShSr88MdExQRVdg=
7,-15,Vu4ibWctv1b5GmH/9zyLOJ2TWGE=,Y43epPz30E1OtdjRchw6BOZ++Sk=
9,-15,Vu4ibWctv1b5GmH/9zyLOJ2TWGE=,n0MdHyUOPqtxShSr88MdExQRVdg=
8,-15,Vu4ibWctv1b5GmH/9zyLOJ2TWGE=,n0MdHyUOPqtxShSr88MdExQRVdg=
10,-11,Vu4ibWctv1b5GmH/9zyLOJ2TWGE=,0etFAmePUZNjGWX/LMBh4ZlAyA0=
8,-10,Vu4ibWctv1b5GmH/9zyLOJ2TWGE=,0etFAmePUZNjGWX/LMBh4ZlAyA0=
10,-15,Vu4ibWctv1b5GmH/9zyLOJ2TWGE=,n0MdHyUOPqtxShSr88MdExQRVdg=
9,-11,Vu4ibWctv1b5GmH/9zyLOJ2TWGE=,0etFAmePUZNjGWX/LMBh4ZlAyA0=
8,-11,Vu4ibWctv1b5GmH/9zyLOJ2TWGE=,0etFAmePUZNjGWX/LMBh4ZlAyA0=
9,-10,Vu4ibWctv1b5GmH/9zyLOJ2TWGE=,0etFAmePUZNjGWX/LMBh4ZlAyA0=
7,-11,Vu4ibWctv1b5GmH/9zyLOJ2TWGE=,0hJ1XkzX8Mh+TfpOoCPjS8dvUoM=
7,-10,Vu4ibWctv1b5GmH/9zyLOJ2TWGE=,0hJ1XkzX8Mh+TfpOoCPjS8dvUoM=
10,-12,Vu4ibWctv1b5GmH/9zyLOJ2TWGE=,0etFAmePUZNjGWX/LMBh4ZlAyA0=
9,-12,Vu4ibWctv1b5GmH/9zyLOJ2TWGE=,0etFAmePUZNjGWX/LMBh4ZlAyA0=
10,-10,Vu4ibWctv1b5GmH/9zyLOJ2TWGE=,0etFAmePUZNjGWX/LMBh4ZlAyA0=
8,-12,Vu4ibWctv1b5GmH/9zyLOJ2TWGE=,0etFAmePUZNjGWX/LMBh4ZlAyA0=
10,-13,Vu4ibWctv1b5GmH/9zyLOJ2TWGE=,n0MdHyUOPqtxShSr88MdExQRVdg=
7,-12,Vu4ibWctv1b5GmH/9zyLOJ2TWGE=,0hJ1XkzX8Mh+TfpOoCPjS8dvUoM=
8,-13,Vu4ibWctv1b5GmH/9zyLOJ2TWGE=,n0MdHyUOPqtxShSr88MdExQRVdg=
9,-13,Vu4ibWctv1b5GmH/9zyLOJ2TWGE=,n0MdHyUOPqtxShSr88MdExQRVdg=
7,-13,Vu4ibWctv1b5GmH/9zyLOJ2TWGE=,Y43epPz30E1OtdjRchw6BOZ++Sk=
14,-11,Vu4ibWctv1b5GmH/9zyLOJ2TWGE=,aFtfzNIBTWzuUyuHa6DX8xZ2C/M=
14,-15,Vu4ibWctv1b5GmH/9zyLOJ2TWGE=,SLNxbRIlkV9iNaXoSJaJWUn6Gbg=
11,-11,Vu4ibWctv1b5GmH/9zyLOJ2TWGE=,0etFAmePUZNjGWX/LMBh4ZlAyA0=
11,-15,Vu4ibWctv1b5GmH/9zyLOJ2TWGE=,n0MdHyUOPqtxShSr88MdExQRVdg=
12,-10,Vu4ibWctv1b5GmH/9zyLOJ2TWGE=,aFtfzNIBTWzuUyuHa6DX8xZ2C/M=
12,-14,Vu4ibWctv1b5GmH/9zyLOJ2TWGE=,SLNxbRIlkV9iNaXoSJaJWUn6Gbg=
13,-10,Vu4ibWctv1b5GmH/9zyLOJ2TWGE=,aFtfzNIBTWzuUyuHa6DX8xZ2C/M=
12,-13,Vu4ibWctv1b5GmH/9zyLOJ2TWGE=,SLNxbRIlkV9iNaXoSJaJWUn6Gbg=
14,-10,Vu4ibWctv1b5GmH/9zyLOJ2TWGE=,aFtfzNIBTWzuUyuHa6DX8xZ2C/M=
11,-14,Vu4ibWctv1b5GmH/9zyLOJ2TWGE=,n0MdHyUOPqtxShSr88MdExQRVdg=
11,-10,Vu4ibWctv1b5GmH/9zyLOJ2TWGE=,0etFAmePUZNjGWX/LMBh4ZlAyA0=
12,-11,Vu4ibWctv1b5GmH/9zyLOJ2TWGE=,aFtfzNIBTWzuUyuHa6DX8xZ2C/M=
13,-13,Vu4ibWctv1b5GmH/9zyLOJ2TWGE=,SLNxbRIlkV9iNaXoSJaJWUn6Gbg=
14,-13,Vu4ibWctv1b5GmH/9zyLOJ2TWGE=,SLNxbRIlkV9iNaXoSJaJWUn6Gbg=
13,-11,Vu4ibWctv1b5GmH/9zyLOJ2TWGE=,aFtfzNIBTWzuUyuHa6DX8xZ2C/M=
11,-13,Vu4ibWctv1b5GmH/9zyLOJ2TWGE=,n0MdHyUOPqtxShSr88MdExQRVdg=
13,-14,Vu4ibWctv1b5GmH/9zyLOJ2TWGE=,SLNxbRIlkV9iNaXoSJaJWUn6Gbg=
14,-14,Vu4ibWctv1b5GmH/9zyLOJ2TWGE=,SLNxbRIlkV9iNaXoSJaJWUn6Gbg=
12,-12,Vu4ibWctv1b5GmH/9zyLOJ2TWGE=,aFtfzNIBTWzuUyuHa6DX8xZ2C/M=
12,-15,Vu4ibWctv1b5GmH/9zyLOJ2TWGE=,SLNxbRIlkV9iNaXoSJaJWUn6Gbg=
13,-12,Vu4ibWctv1b5GmH/9zyLOJ2TWGE=,aFtfzNIBTWzuUyuHa6DX8xZ2C/M=
14,-12,Vu4ibWctv1b5GmH/9zyLOJ2TWGE=,aFtfzNIBTWzuUyuHa6DX8xZ2C/M=
13,-15,Vu4ibWctv1b5GmH/9zyLOJ2TWGE=,SLNxbRIlkV9iNaXoSJaJWUn6Gbg=
11,-12,Vu4ibWctv1b5GmH/9zyLOJ2TWGE=,0etFAmePUZNjGWX/LMBh4ZlAyA0=
14,-8,Vu4ibWctv1b5GmH/9zyLOJ2TWGE=,JSlRONae3+UZ0Elay6V0DVs1PMY=
14,-7,Vu4ibWctv1b5GmH/9zyLOJ2TWGE=,JSlRONae3+UZ0Elay6V0DVs1PMY=
13,-7,Vu4ibWctv1b5GmH/9zyLOJ2TWGE=,JSlRONae3+UZ0Elay6V0DVs1PMY=
8,-8,Vu4ibWctv1b5GmH/9zyLOJ2TWGE=,KPM98u7oxxXUb61dQmSrD7cZhFA=
13,-8,Vu4ibWctv1b5GmH/9zyLOJ2TWGE=,JSlRONae3+UZ0Elay6V0DVs1PMY=
13,-6,Vu4ibWctv1b5GmH/9zyLOJ2TWGE=,JSlRONae3+UZ0Elay6V0DVs1PMY=
12,-8,Vu4ibWctv1b5GmH/9zyLOJ2TWGE=,JSlRONae3+UZ0Elay6V0DVs1PMY=
13,-9,Vu4ibWctv1b5GmH/9zyLOJ2TWGE=,aFtfzNIBTWzuUyuHa6DX8xZ2C/M=
12,-7,Vu4ibWctv1b5GmH/9zyLOJ2TWGE=,JSlRONae3+UZ0Elay6V0DVs1PMY=
14,-9,Vu4ibWctv1b5GmH/9zyLOJ2TWGE=,aFtfzNIBTWzuUyuHa6DX8xZ2C/M=
11,-6,Vu4ibWctv1b5GmH/9zyLOJ2TWGE=,KPM98u7oxxXUb61dQmSrD7cZhFA=
14,-6,Vu4ibWctv1b5GmH/9zyLOJ2TWGE=,JSlRONae3+UZ0Elay6V0DVs1PMY=
9,-8,Vu4ibWctv1b5GmH/9zyLOJ2TWGE=,KPM98u7oxxXUb61dQmSrD7cZhFA=
12,-6,Vu4ibWctv1b5GmH/9zyLOJ2TWGE=,JSlRONae3+UZ0Elay6V0DVs1PMY=
8,-9,Vu4ibWctv1b5GmH/9zyLOJ2TWGE=,0etFAmePUZNjGWX/LMBh4ZlAyA0=
12,-9,Vu4ibWctv1b5GmH/9zyLOJ2TWGE=,aFtfzNIBTWzuUyuHa6DX8xZ2C/M=
9,-9,Vu4ibWctv1b5GmH/9zyLOJ2TWGE=,0etFAmePUZNjGWX/LMBh4ZlAyA0=
8,-7,Vu4ibWctv1b5GmH/9zyLOJ2TWGE=,KPM98u7oxxXUb61dQmSrD7cZhFA=
10,-9,Vu4ibWctv1b5GmH/9zyLOJ2TWGE=,0etFAmePUZNjGWX/LMBh4ZlAyA0=
10,-8,Vu4ibWctv1b5GmH/9zyLOJ2TWGE=,KPM98u7oxxXUb61dQmSrD7cZhFA=
11,-9,Vu4ibWctv1b5GmH/9zyLOJ2TWGE=,0etFAmePUZNjGWX/LMBh4ZlAyA0=
7,-6,Vu4ibWctv1b5GmH/9zyLOJ2TWGE=,x+/OEStLiYlANQPxUZLRDijmOyU=
11,-7,Vu4ibWctv1b5GmH/9zyLOJ2TWGE=,KPM98u7oxxXUb61dQmSrD7cZhFA=
8,-6,Vu4ibWctv1b5GmH/9zyLOJ2TWGE=,KPM98u7oxxXUb61dQmSrD7cZhFA=
7,-8,Vu4ibWctv1b5GmH/9zyLOJ2TWGE=,x+/OEStLiYlANQPxUZLRDijmOyU=
10,-7,Vu4ibWctv1b5GmH/9zyLOJ2TWGE=,KPM98u7oxxXUb61dQmSrD7cZhFA=
9,-7,Vu4ibWctv1b5GmH/9zyLOJ2TWGE=,KPM98u7oxxXUb61dQmSrD7cZhFA=
10,-6,Vu4ibWctv1b5GmH/9zyLOJ2TWGE=,KPM98u7oxxXUb61dQmSrD7cZhFA=
9,-6,Vu4ibWctv1b5GmH/9zyLOJ2TWGE=,KPM98u7oxxXUb61dQmSrD7cZhFA=
11,-8,Vu4ibWctv1b5GmH/9zyLOJ2TWGE=,KPM98u7oxxXUb61dQmSrD7cZhFA=
7,-9,Vu4ibWctv1b5GmH/9zyLOJ2TWGE=,0hJ1XkzX8Mh+TfpOoCPjS8dvUoM=
15,-7,Vu4ibWctv1b5GmH/9zyLOJ2TWGE=,JSlRONae3+UZ0Elay6V0DVs1PMY=
7,-7,Vu4ibWctv1b5GmH/9zyLOJ2TWGE=,x+/OEStLiYlANQPxUZLRDijmOyU=
15,-6,Vu4ibWctv1b5GmH/9zyLOJ2TWGE=,JSlRONae3+UZ0Elay6V0DVs1PMY=
15,-8,Vu4ibWctv1b5GmH/9zyLOJ2TWGE=,JSlRONae3+UZ0Elay6V0DVs1PMY=
15,-15,Vu4ibWctv1b5GmH/9zyLOJ2TWGE=,SLNxbRIlkV9iNaXoSJaJWUn6Gbg=
15,-9,Vu4ibWctv1b5GmH/9zyLOJ2TWGE=,aFtfzNIBTWzuUyuHa6DX8xZ2C/M=
15,-11,Vu4ibWctv1b5GmH/9zyLOJ2TWGE=,aFtfzNIBTWzuUyuHa6DX8xZ2C/M=
15,-14,Vu4ibWctv1b5GmH/9zyLOJ2TWGE=,SLNxbRIlkV9iNaXoSJaJWUn6Gbg=
15,-10,Vu4ibWctv1b5GmH/9zyLOJ2TWGE=,aFtfzNIBTWzuUyuHa6DX8xZ2C/M=
15,-13,Vu4ibWctv1b5GmH/9zyLOJ2TWGE=,SLNxbRIlkV9iNaXoSJaJWUn6Gbg=
15,-12,Vu4ibWctv1b5GmH/9zyLOJ2TWGE=,aFtfzNIBTWzuUyuHa6DX8xZ2C/M=
5,-1,Vu4ibWctv1b5GmH/9zyLOJ2TWGE=,+ceLBsdAGPpDRLypQcrTacGr/e4=
6,-1,Vu4ibWctv1b5GmH/9zyLOJ2TWGE=,+ceLBsdAGPpDRLypQcrTacGr/e4=
4,-1,Vu4ibWctv1b5GmH/9zyLOJ2TWGE=,+ceLBsdAGPpDRLypQcrTacGr/e4=
1,-1,Vu4ibWctv1b5GmH/9zyLOJ2TWGE=,3RWF/+DI+emN7TjX+8a1KFrhZ0k=
2,-1,Vu4ibWctv1b5GmH/9zyLOJ2TWGE=,3RWF/+DI+emN7TjX+8a1KFrhZ0k=
0,-3,Vu4ibWctv1b5GmH/9zyLOJ2TWGE=,3RWF/+DI+emN7TjX+8a1KFrhZ0k=
0,-2,Vu4ibWctv1b5GmH/9zyLOJ2TWGE=,3RWF/+DI+emN7TjX+8a1KFrhZ0k=
3,-1,Vu4ibWctv1b5GmH/9zyLOJ2TWGE=,3RWF/+DI+emN7TjX+8a1KFrhZ0k=
0,-5,Vu4ibWctv1b5GmH/9zyLOJ2TWGE=,sI+5xN/dqF7/9Y1JWbWdhLt436o=
0,-4,Vu4ibWctv1b5GmH/9zyLOJ2TWGE=,3RWF/+DI+emN7TjX+8a1KFrhZ0k=
0,-7,Vu4ibWctv1b5GmH/9zyLOJ2TWGE=,sI+5xN/dqF7/9Y1JWbWdhLt436o=
0,-6,Vu4ibWctv1b5GmH/9zyLOJ2TWGE=,sI+5xN/dqF7/9Y1JWbWdhLt436o=
10,-5,Vu4ibWctv1b5GmH/9zyLOJ2TWGE=,KPM98u7oxxXUb61dQmSrD7cZhFA=
8,-4,Vu4ibWctv1b5GmH/9zyLOJ2TWGE=,pBXbcd0eltKQfDR41WNaiWBRDOo=
9,-4,Vu4ibWctv1b5GmH/9zyLOJ2TWGE=,pBXbcd0eltKQfDR41WNaiWBRDOo=
10,-4,Vu4ibWctv1b5GmH/9zyLOJ2TWGE=,pBXbcd0eltKQfDR41WNaiWBRDOo=
8,-3,Vu4ibWctv1b5GmH/9zyLOJ2TWGE=,pBXbcd0eltKQfDR41WNaiWBRDOo=
8,-5,Vu4ibWctv1b5GmH/9zyLOJ2TWGE=,KPM98u7oxxXUb61dQmSrD7cZhFA=
9,-3,Vu4ibWctv1b5GmH/9zyLOJ2TWGE=,pBXbcd0eltKQfDR41WNaiWBRDOo=
10,-3,Vu4ibWctv1b5GmH/9zyLOJ2TWGE=,pBXbcd0eltKQfDR41WNaiWBRDOo=
9,-5,Vu4ibWctv1b5GmH/9zyLOJ2TWGE=,KPM98u7oxxXUb61dQmSrD7cZhFA=
7,-1,Vu4ibWctv1b5GmH/9zyLOJ2TWGE=,+ceLBsdAGPpDRLypQcrTacGr/e4=
8,-2,Vu4ibWctv1b5GmH/9zyLOJ2TWGE=,pBXbcd0eltKQfDR41WNaiWBRDOo=
9,-2,Vu4ibWctv1b5GmH/9zyLOJ2TWGE=,pBXbcd0eltKQfDR41WNaiWBRDOo=
10,-2,Vu4ibWctv1b5GmH/9zyLOJ2TWGE=,pBXbcd0eltKQfDR41WNaiWBRDOo=
8,-1,Vu4ibWctv1b5GmH/9zyLOJ2TWGE=,pBXbcd0eltKQfDR41WNaiWBRDOo=
7,-2,Vu4ibWctv1b5GmH/9zyLOJ2TWGE=,+ceLBsdAGPpDRLypQcrTacGr/e4=
9,-1,Vu4ibWctv1b5GmH/9zyLOJ2TWGE=,pBXbcd0eltKQfDR41WNaiWBRDOo=
7,-4,Vu4ibWctv1b5GmH/9zyLOJ2TWGE=,+ceLBsdAGPpDRLypQcrTacGr/e4=
12,-2,Vu4ibWctv1b5GmH/9zyLOJ2TWGE=,C9z5yiUdnEBI6WTrwhXNeNYbaLY=
12,-1,Vu4ibWctv1b5GmH/9zyLOJ2TWGE=,C9z5yiUdnEBI6WTrwhXNeNYbaLY=
11,-5,Vu4ibWctv1b5GmH/9zyLOJ2TWGE=,KPM98u7oxxXUb61dQmSrD7cZhFA=
14,-4,Vu4ibWctv1b5GmH/9zyLOJ2TWGE=,C9z5yiUdnEBI6WTrwhXNeNYbaLY=
10,-1,Vu4ibWctv1b5GmH/9zyLOJ2TWGE=,pBXbcd0eltKQfDR41WNaiWBRDOo=
12,-4,Vu4ibWctv1b5GmH/9zyLOJ2TWGE=,C9z5yiUdnEBI6WTrwhXNeNYbaLY=
7,-3,Vu4ibWctv1b5GmH/9zyLOJ2TWGE=,+ceLBsdAGPpDRLypQcrTacGr/e4=
15,-3,Vu4ibWctv1b5GmH/9zyLOJ2TWGE=,C9z5yiUdnEBI6WTrwhXNeNYbaLY=
7,-5,Vu4ibWctv1b5GmH/9zyLOJ2TWGE=,x+/OEStLiYlANQPxUZLRDijmOyU=
15,-2,Vu4ibWctv1b5GmH/9zyLOJ2TWGE=,C9z5yiUdnEBI6WTrwhXNeNYbaLY=
14,-2,Vu4ibWctv1b5GmH/9zyLOJ2TWGE=,C9z5yiUdnEBI6WTrwhXNeNYbaLY=
15,-5,Vu4ibWctv1b5GmH/9zyLOJ2TWGE=,JSlRONae3+UZ0Elay6V0DVs1PMY=
13,-2,Vu4ibWctv1b5GmH/9zyLOJ2TWGE=,C9z5yiUdnEBI6WTrwhXNeNYbaLY=
14,-5,Vu4ibWctv1b5GmH/9zyLOJ2TWGE=,JSlRONae3+UZ0Elay6V0DVs1PMY=
13,-4,Vu4ibWctv1b5GmH/9zyLOJ2TWGE=,C9z5yiUdnEBI6WTrwhXNeNYbaLY=
11,-4,Vu4ibWctv1b5GmH/9zyLOJ2TWGE=,pBXbcd0eltKQfDR41WNaiWBRDOo=
14,-3,Vu4ibWctv1b5GmH/9zyLOJ2TWGE=,C9z5yiUdnEBI6WTrwhXNeNYbaLY=
13,-1,Vu4ibWctv1b5GmH/9zyLOJ2TWGE=,C9z5yiUdnEBI6WTrwhXNeNYbaLY=
15,-4,Vu4ibWctv1b5GmH/9zyLOJ2TWGE=,C9z5yiUdnEBI6WTrwhXNeNYbaLY=
11,-1,Vu4ibWctv1b5GmH/9zyLOJ2TWGE=,pBXbcd0eltKQfDR41WNaiWBRDOo=
11,-3,Vu4ibWctv1b5GmH/9zyLOJ2TWGE=,pBXbcd0eltKQfDR41WNaiWBRDOo=
13,-5,Vu4ibWctv1b5GmH/9zyLOJ2TWGE=,JSlRONae3+UZ0Elay6V0DVs1PMY=
14,-1,Vu4ibWctv1b5GmH/9zyLOJ2TWGE=,C9z5yiUdnEBI6WTrwhXNeNYbaLY=
13,-3,Vu4ibWctv1b5GmH/9zyLOJ2TWGE=,C9z5yiUdnEBI6WTrwhXNeNYbaLY=
12,-5,Vu4ibWctv1b5GmH/9zyLOJ2TWGE=,JSlRONae3+UZ0Elay6V0DVs1PMY=
5,-16,Vu4ibWctv1b5GmH/9zyLOJ2TWGE=,Y43epPz30E1OtdjRchw6BOZ++Sk=
11,-2,Vu4ibWctv1b5GmH/9zyLOJ2TWGE=,pBXbcd0eltKQfDR41WNaiWBRDOo=
12,-3,Vu4ibWctv1b5GmH/9zyLOJ2TWGE=,C9z5yiUdnEBI6WTrwhXNeNYbaLY=
6,-16,Vu4ibWctv1b5GmH/9zyLOJ2TWGE=,Y43epPz30E1OtdjRchw6BOZ++Sk=
10,-16,Vu4ibWctv1b5GmH/9zyLOJ2TWGE=,n0MdHyUOPqtxShSr88MdExQRVdg=
11,-16,Vu4ibWctv1b5GmH/9zyLOJ2TWGE=,n0MdHyUOPqtxShSr88MdExQRVdg=
7,-16,Vu4ibWctv1b5GmH/9zyLOJ2TWGE=,Y43epPz30E1OtdjRchw6BOZ++Sk=
12,-16,Vu4ibWctv1b5GmH/9zyLOJ2TWGE=,SLNxbRIlkV9iNaXoSJaJWUn6Gbg=
8,-16,Vu4ibWctv1b5GmH/9zyLOJ2TWGE=,n0MdHyUOPqtxShSr88MdExQRVdg=
13,-16,Vu4ibWctv1b5GmH/9zyLOJ2TWGE=,SLNxbRIlkV9iNaXoSJaJWUn6Gbg=
9,-16,Vu4ibWctv1b5GmH/9zyLOJ2TWGE=,n0MdHyUOPqtxShSr88MdExQRVdg=
14,-16,Vu4ibWctv1b5GmH/9zyLOJ2TWGE=,SLNxbRIlkV9iNaXoSJaJWUn6Gbg=
15,-16,Vu4ibWctv1b5GmH/9zyLOJ2TWGE=,SLNxbRIlkV9iNaXoSJaJWUn6Gbg=
15,-1,Vu4ibWctv1b5GmH/9zyLOJ2TWGE=,C9z5yiUdnEBI6WTrwhXNeNYbaLY=
0,-1,Vu4ibWctv1b5GmH/9zyLOJ2TWGE=,3RWF/+DI+emN7TjX+8a1KFrhZ0k=
4,-10,Vu4ibWctv1b5GmH/9zyLOJ2TWGE=,0hJ1XkzX8Mh+TfpOoCPjS8dvUoM=
0,-9,Vu4ibWctv1b5GmH/9zyLOJ2TWGE=,nF3tL+G7gfPX08lqBP0cZTlkQ2A=
3,-8,Vu4ibWctv1b5GmH/9zyLOJ2TWGE=,sI+5xN/dqF7/9Y1JWbWdhLt436o=
4,-11,Vu4ibWctv1b5GmH/9zyLOJ2TWGE=,0hJ1XkzX8Mh+TfpOoCPjS8dvUoM=
3,-10,Vu4ibWctv1b5GmH/9zyLOJ2TWGE=,nF3tL+G7gfPX08lqBP0cZTlkQ2A=
2,-10,Vu4ibWctv1b5GmH/9zyLOJ2TWGE=,nF3tL+G7gfPX08lqBP0cZTlkQ2A=
2,-8,Vu4ibWctv1b5GmH/9zyLOJ2TWGE=,sI+5xN/dqF7/9Y1JWbWdhLt436o=
1,-8,Vu4ibWctv1b5GmH/9zyLOJ2TWGE=,sI+5xN/dqF7/9Y1JWbWdhLt436o=
1,-9,Vu4ibWctv1b5GmH/9zyLOJ2TWGE=,nF3tL+G7gfPX08lqBP0cZTlkQ2A=
0,-10,Vu4ibWctv1b5GmH/9zyLOJ2TWGE=,nF3tL+G7gfPX08lqBP0cZTlkQ2A=
0,-8,Vu4ibWctv1b5GmH/9zyLOJ2TWGE=,sI+5xN/dqF7/9Y1JWbWdhLt436o=
1,-10,Vu4ibWctv1b5GmH/9zyLOJ2TWGE=,nF3tL+G7gfPX08lqBP0cZTlkQ2A=
3,-9,Vu4ibWctv1b5GmH/9zyLOJ2TWGE=,nF3tL+G7gfPX08lqBP0cZTlkQ2A=
3,-11,Vu4ibWctv1b5GmH/9zyLOJ2TWGE=,nF3tL+G7gfPX08lqBP0cZTlkQ2A=
4,-9,Vu4ibWctv1b5GmH/9zyLOJ2TWGE=,0hJ1XkzX8Mh+TfpOoCPjS8dvUoM=
4,-8,Vu4ibWctv1b5GmH/9zyLOJ2TWGE=,x+/OEStLiYlANQPxUZLRDijmOyU=
0,-11,Vu4ibWctv1b5GmH/9zyLOJ2TWGE=,nF3tL+G7gfPX08lqBP0cZTlkQ2A=
2,-9,Vu4ibWctv1b5GmH/9zyLOJ2TWGE=,nF3tL+G7gfPX08lqBP0cZTlkQ2A=
1,-11,Vu4ibWctv1b5GmH/9zyLOJ2TWGE=,nF3tL+G7gfPX08lqBP0cZTlkQ2A=
2,-11,Vu4ibWctv1b5GmH/9zyLOJ2TWGE=,nF3tL+G7gfPX08lqBP0cZTlkQ2A=
3,-16,Vu4ibWctv1b5GmH/9zyLOJ2TWGE=,/zUgHHRmgNiBFzy/DVVWIjAJ1Cc=
0,-15,Vu4ibWctv1b5GmH/9zyLOJ2TWGE=,/zUgHHRmgNiBFzy/DVVWIjAJ1Cc=
2,-16,Vu4ibWctv1b5GmH/9zyLOJ2TWGE=,/zUgHHRmgNiBFzy/DVVWIjAJ1Cc=
3,-12,Vu4ibWctv1b5GmH/9zyLOJ2TWGE=,nF3tL+G7gfPX08lqBP0cZTlkQ2A=
1,-16,Vu4ibWctv1b5GmH/9zyLOJ2TWGE=,/zUgHHRmgNiBFzy/DVVWIjAJ1Cc=
2,-12,Vu4ibWctv1b5GmH/9zyLOJ2TWGE=,nF3tL+G7gfPX08lqBP0cZTlkQ2A=
1,-12,Vu4ibWctv1b5GmH/9zyLOJ2TWGE=,nF3tL+G7gfPX08lqBP0cZTlkQ2A=
0,-16,Vu4ibWctv1b5GmH/9zyLOJ2TWGE=,/zUgHHRmgNiBFzy/DVVWIjAJ1Cc=
0,-12,Vu4ibWctv1b5GmH/9zyLOJ2TWGE=,nF3tL+G7gfPX08lqBP0cZTlkQ2A=
1,-15,Vu4ibWctv1b5GmH/9zyLOJ2TWGE=,/zUgHHRmgNiBFzy/DVVWIjAJ1Cc=
3,-13,Vu4ibWctv1b5GmH/9zyLOJ2TWGE=,/zUgHHRmgNiBFzy/DVVWIjAJ1Cc=
2,-13,Vu4ibWctv1b5GmH/9zyLOJ2TWGE=,/zUgHHRmgNiBFzy/DVVWIjAJ1Cc=
4,-16,Vu4ibWctv1b5GmH/9zyLOJ2TWGE=,Y43epPz30E1OtdjRchw6BOZ++Sk=
1,-13,Vu4ibWctv1b5GmH/9zyLOJ2TWGE=,/zUgHHRmgNiBFzy/DVVWIjAJ1Cc=
0,-13,Vu4ibWctv1b5GmH/9zyLOJ2TWGE=,/zUgHHRmgNiBFzy/DVVWIjAJ1Cc=
3,-14,Vu4ibWctv1b5GmH/9zyLOJ2TWGE=,/zUgHHRmgNiBFzy/DVVWIjAJ1Cc=
4,-13,Vu4ibWctv1b5GmH/9zyLOJ2TWGE=,Y43epPz30E1OtdjRchw6BOZ++Sk=
4,-12,Vu4ibWctv1b5GmH/9zyLOJ2TWGE=,0hJ1XkzX8Mh+TfpOoCPjS8dvUoM=
2,-15,Vu4ibWctv1b5GmH/9zyLOJ2TWGE=,/zUgHHRmgNiBFzy/DVVWIjAJ1Cc=
2,-14,Vu4ibWctv1b5GmH/9zyLOJ2TWGE=,/zUgHHRmgNiBFzy/DVVWIjAJ1Cc=
1,-14,Vu4ibWctv1b5GmH/9zyLOJ2TWGE=,/zUgHHRmgNiBFzy/DVVWIjAJ1Cc=
0,-14,Vu4ibWctv1b5GmH/9zyLOJ2TWGE=,/zUgHHRmgNiBFzy/DVVWIjAJ1Cc=
3,-15,Vu4ibWctv1b5GmH/9zyLOJ2TWGE=,/zUgHHRmgNiBFzy/DVVWIjAJ1Cc=
4,-14,Vu4ibWctv1b5GmH/9zyLOJ2TWGE=,Y43epPz30E1OtdjRchw6BOZ++Sk=
4,-15,Vu4ibWctv1b5GmH/9zyLOJ2TWGE=,Y43epPz30E1OtdjRchw6BOZ++Sk=
