5,-6,4MlQ/p7aoOnalIOblL/OB+IY8lw=,qJ9hBK++l33TcBG//pwXEVpSZJE=
6,-6,4MlQ/p7aoOnalIOblL/OB+IY8lw=,NJBjd46/fqbNPp61aDaVinJLjx0=
6,-7,/RA1bL+4r+zzkyM89haaDnlLtqM=,b28Vm0BSKCQB7/79laf9vVPgHTo=
5,-7,yOjhcwjFyU/np6dQ7cDfBm0GiJA=,ZZ9xF+4H4kjOTUVSr9pIcTdSPGs=
6,-5,sgjGQLp8wqTz1vEjSqdfaTtqBOc=,NJBjd46/fqbNPp61aDaVinJLjx0=
5,-5,sgjGQLp8wqTz1vEjSqdfaTtqBOc=,qJ9hBK++l33TcBG//pwXEVpSZJE=
5,-4,yOjhcwjFyU/np6dQ7cDfBm0GiJA=,aTRUVWcjCzdiZ6mEyh33+hEk+j0=
6,-4,yOjhcwjFyU/np6dQ7cDfBm0GiJA=,jTnsOMfMWxma9pzkxxQc3tvhSp4=
5,-3,wqUHbRu2ZyyvDImsbPaIu9U5yDU=,aTRUVWcjCzdiZ6mEyh33+hEk+j0=
5,-2,wqUHbRu2ZyyvDImsbPaIu9U5yDU=,K3jI38yBmgYiPBhF0L/TxjX099A=
6,-2,wqUHbRu2ZyyvDImsbPaIu9U5yDU=,tp7vxy7QubNZSfy+mbcPeKg9VwM=
6,-3,wqUHbRu2ZyyvDImsbPaIu9U5yDU=,jTnsOMfMWxma9pzkxxQc3tvhSp4=
4,-3,wqUHbRu2ZyyvDImsbPaIu9U5yDU=,aTRUVWcjCzdiZ6mEyh33+hEk+j0=
4,-2,wqUHbRu2ZyyvDImsbPaIu9U5yDU=,K3jI38yBmgYiPBhF0L/TxjX099A=
3,-3,wqUHbRu2ZyyvDImsbPaIu9U5yDU=,SdE0Vc4LqIDG2kVCb7ssG1LVhu0=
3,-2,sgjGQLp8wqTz1vEjSqdfaTtqBOc=,/8px5TZg2beiwByr+tO6cYMe6G4=
1,-2,wqUHbRu2ZyyvDImsbPaIu9U5yDU=,8nUhqzIEovMvgcsgRm6fqyQpuw0=
2,-2,sgjGQLp8wqTz1vEjSqdfaTtqBOc=,/8px5TZg2beiwByr+tO6cYMe6G4=
1,-3,wqUHbRu2ZyyvDImsbPaIu9U5yDU=,2vsSE6kFj8sx7bVYn882Duw6irg=
2,-3,wqUHbRu2ZyyvDImsbPaIu9U5yDU=,SdE0Vc4LqIDG2kVCb7ssG1LVhu0=
3,-4,yOjhcwjFyU/np6dQ7cDfBm0GiJA=,SdE0Vc4LqIDG2kVCb7ssG1LVhu0=
4,-4,yOjhcwjFyU/np6dQ7cDfBm0GiJA=,aTRUVWcjCzdiZ6mEyh33+hEk+j0=
3,-5,sgjGQLp8wqTz1vEjSqdfaTtqBOc=,7zngt0HnByhZIOWn5qcyT7OrK0k=
4,-5,sgjGQLp8wqTz1vEjSqdfaTtqBOc=,qJ9hBK++l33TcBG//pwXEVpSZJE=
4,-7,4/Gc9HiiMiL3ppgy8Su9dQJaycw=,ZZ9xF+4H4kjOTUVSr9pIcTdSPGs=
3,-7,KvC7hjKDT2mP/Ckt3fL5IMALV+Y=,N/78c4GS8tkbsLrcSR/gZahDdfI=
3,-6,JwD4MD8Gz2WlsQ85HPgCM22xoXU=,7zngt0HnByhZIOWn5qcyT7OrK0k=
4,-6,JwD4MD8Gz2WlsQ85HPgCM22xoXU=,qJ9hBK++l33TcBG//pwXEVpSZJE=
1,-7,cDiLq9Gqc6WGNL9sdOYLLgk9XRA=,Qpd4y7vww+ZHIAfnLyyiS70GRms=
1,-5,wqUHbRu2ZyyvDImsbPaIu9U5yDU=,Ea38gJaDxCvvB6TK+uzKG+ux4Bo=
2,-4,wqUHbRu2ZyyvDImsbPaIu9U5yDU=,SdE0Vc4LqIDG2kVCb7ssG1LVhu0=
2,-6,CPgQNQAJAc2y90Bi+iF4WIUCbFo=,7zngt0HnByhZIOWn5qcyT7OrK0k=
2,-7,k1LLDpDiKJF9alwWHQiu2kouQL0=,N/78c4GS8tkbsLrcSR/gZahDdfI=
1,-6,4/Gc9HiiMiL3ppgy8Su9dQJaycw=,Ea38gJaDxCvvB6TK+uzKG+ux4Bo=
1,-4,wqUHbRu2ZyyvDImsbPaIu9U5yDU=,2vsSE6kFj8sx7bVYn882Duw6irg=
2,-5,sgjGQLp8wqTz1vEjSqdfaTtqBOc=,7zngt0HnByhZIOWn5qcyT7OrK0k=
2,-8,CPgQNQAJAc2y90Bi+iF4WIUCbFo=,N/78c4GS8tkbsLrcSR/gZahDdfI=
1,-9,9L0yy/aaS1FsWZ8aC3I6aI8rnsE=,ME38EV0MdLvHp3SLpqIAWJvFxo8=
2,-9,4/Gc9HiiMiL3ppgy8Su9dQJaycw=,gqtG3iAX+ACYz2igLz3gaIBUhwA=
1,-8,9L0yy/aaS1FsWZ8aC3I6aI8rnsE=,Qpd4y7vww+ZHIAfnLyyiS70GRms=
2,-10,4/Gc9HiiMiL3ppgy8Su9dQJaycw=,gqtG3iAX+ACYz2igLz3gaIBUhwA=
1,-11,D+48iM0aIiSQpjDztqE+6suZFpM=,BjQkRETUlA5THqG9pr8yKK9v+6k=
2,-11,4/Gc9HiiMiL3ppgy8Su9dQJaycw=,JDquP/MSRWG3IoD3asLYMoJY2Ws=
1,-10,tk0l19F3t2nXN75eDa8B64p9rNQ=,ME38EV0MdLvHp3SLpqIAWJvFxo8=
2,-12,+okvDfiJMmbBZ/D6ttb3/sSFhxs=,JDquP/MSRWG3IoD3asLYMoJY2Ws=
1,-13,+okvDfiJMmbBZ/D6ttb3/sSFhxs=,avdqd9VXrXBfP3DffUb6RHfgdeg=
2,-13,+okvDfiJMmbBZ/D6ttb3/sSFhxs=,Ssro7pyK2h98X0bCRYNmoZUBaJM=
1,-12,sgjGQLp8wqTz1vEjSqdfaTtqBOc=,BjQkRETUlA5THqG9pr8yKK9v+6k=
3,-16,4/Gc9HiiMiL3ppgy8Su9dQJaycw=,WCSuPa3CvOwhh/J7/xtzzM9YbK4=
3,-15,4/Gc9HiiMiL3ppgy8Su9dQJaycw=,WCSuPa3CvOwhh/J7/xtzzM9YbK4=
3,-14,4/Gc9HiiMiL3ppgy8Su9dQJaycw=,Ssro7pyK2h98X0bCRYNmoZUBaJM=
4,-15,sgjGQLp8wqTz1vEjSqdfaTtqBOc=,JdSFrPL1HWaiPSLEUqSTzaTXDuI=
4,-14,sgjGQLp8wqTz1vEjSqdfaTtqBOc=,HONdu5Of30PNVtBxXzAiXyi2uGo=
4,-16,sgjGQLp8wqTz1vEjSqdfaTtqBOc=,JdSFrPL1HWaiPSLEUqSTzaTXDuI=
5,-16,sgjGQLp8wqTz1vEjSqdfaTtqBOc=,JdSFrPL1HWaiPSLEUqSTzaTXDuI=
6,-16,sgjGQLp8wqTz1vEjSqdfaTtqBOc=,f1c7IXumYUalTSsbN/CYXfDVYJ8=
5,-15,sgjGQLp8wqTz1vEjSqdfaTtqBOc=,JdSFrPL1HWaiPSLEUqSTzaTXDuI=
6,-14,4/Gc9HiiMiL3ppgy8Su9dQJaycw=,NI/JjdN2KMP1xWMKT6edlGI2Cmg=
5,-14,sgjGQLp8wqTz1vEjSqdfaTtqBOc=,HONdu5Of30PNVtBxXzAiXyi2uGo=
6,-15,sgjGQLp8wqTz1vEjSqdfaTtqBOc=,f1c7IXumYUalTSsbN/CYXfDVYJ8=
7,-16,sgjGQLp8wqTz1vEjSqdfaTtqBOc=,f1c7IXumYUalTSsbN/CYXfDVYJ8=
8,-16,sgjGQLp8wqTz1vEjSqdfaTtqBOc=,d1T2mu0eYpO47V9+bCl11xEM0wM=
8,-15,sgjGQLp8wqTz1vEjSqdfaTtqBOc=,d1T2mu0eYpO47V9+bCl11xEM0wM=
7,-15,sgjGQLp8wqTz1vEjSqdfaTtqBOc=,f1c7IXumYUalTSsbN/CYXfDVYJ8=
7,-14,i/+orUQFCgqo+drzV5p5cnrdad4=,NI/JjdN2KMP1xWMKT6edlGI2Cmg=
8,-14,i/+orUQFCgqo+drzV5p5cnrdad4=,iStgVg2SB3huUbUXKAwM0She8TE=
7,-12,YL3UBRulNKRR6+OP92ijV6fZLCA=,awFGgjgoNE0Go+lk+XFWws47gTI=
8,-13,YL3UBRulNKRR6+OP92ijV6fZLCA=,iStgVg2SB3huUbUXKAwM0She8TE=
7,-13,YL3UBRulNKRR6+OP92ijV6fZLCA=,NI/JjdN2KMP1xWMKT6edlGI2Cmg=
8,-12,YL3UBRulNKRR6+OP92ijV6fZLCA=,IddWf4bC3TM9sQsZS0KjpPE/usY=
7,-10,YL3UBRulNKRR6+OP92ijV6fZLCA=,oiItPBSxR0RwCIFwxJEG550LSAE=
7,-11,YL3UBRulNKRR6+OP92ijV6fZLCA=,awFGgjgoNE0Go+lk+XFWws47gTI=
8,-10,YL3UBRulNKRR6+OP92ijV6fZLCA=,DlSP1D21GMlEjr2YdEY8aIreS+Q=
8,-11,YL3UBRulNKRR6+OP92ijV6fZLCA=,IddWf4bC3TM9sQsZS0KjpPE/usY=
7,-8,i/+orUQFCgqo+drzV5p5cnrdad4=,b28Vm0BSKCQB7/79laf9vVPgHTo=
8,-9,i/+orUQFCgqo+drzV5p5cnrdad4=,DlSP1D21GMlEjr2YdEY8aIreS+Q=
7,-9,i/+orUQFCgqo+drzV5p5cnrdad4=,oiItPBSxR0RwCIFwxJEG550LSAE=
8,-8,sgjGQLp8wqTz1vEjSqdfaTtqBOc=,n6YXxB/8ioxnTcDin2qjQp9Pg6Q=
7,-6,sgjGQLp8wqTz1vEjSqdfaTtqBOc=,NJBjd46/fqbNPp61aDaVinJLjx0=
8,-6,sgjGQLp8wqTz1vEjSqdfaTtqBOc=,jljIwnyqbe9OPGL93DA7pbJSPyU=
8,-7,sgjGQLp8wqTz1vEjSqdfaTtqBOc=,n6YXxB/8ioxnTcDin2qjQp9Pg6Q=
7,-7,i/+orUQFCgqo+drzV5p5cnrdad4=,b28Vm0BSKCQB7/79laf9vVPgHTo=
7,-5,sgjGQLp8wqTz1vEjSqdfaTtqBOc=,NJBjd46/fqbNPp61aDaVinJLjx0=
7,-4,yOjhcwjFyU/np6dQ7cDfBm0GiJA=,jTnsOMfMWxma9pzkxxQc3tvhSp4=
8,-5,sgjGQLp8wqTz1vEjSqdfaTtqBOc=,jljIwnyqbe9OPGL93DA7pbJSPyU=
8,-4,yOjhcwjFyU/np6dQ7cDfBm0GiJA=,i5/YBHh6sMuqW/q/c5+E0CyUZ1Y=
7,-3,Y7BhgeB6KGqwqE+QXM4rfXnlXT0=,jTnsOMfMWxma9pzkxxQc3tvhSp4=
8,-3,Y7BhgeB6KGqwqE+QXM4rfXnlXT0=,i5/YBHh6sMuqW/q/c5+E0CyUZ1Y=
7,-2,Y7BhgeB6KGqwqE+QXM4rfXnlXT0=,tp7vxy7QubNZSfy+mbcPeKg9VwM=
8,-2,Y7BhgeB6KGqwqE+QXM4rfXnlXT0=,mx4X93HC7gkvpJdYhqPhgBd2uP4=
10,-4,yOjhcwjFyU/np6dQ7cDfBm0GiJA=,WFmRErwOOkbzhgUdnA4qQ9IPJJ4=
9,-4,yOjhcwjFyU/np6dQ7cDfBm0GiJA=,i5/YBHh6sMuqW/q/c5+E0CyUZ1Y=
9,-5,sgjGQLp8wqTz1vEjSqdfaTtqBOc=,jljIwnyqbe9OPGL93DA7pbJSPyU=
10,-5,yOjhcwjFyU/np6dQ7cDfBm0GiJA=,F3oerXJUQOHBejOIsY6LqsBoOIE=
10,-2,Y7BhgeB6KGqwqE+QXM4rfXnlXT0=,3jR9H22d1V+5wjT6JSKpmbPsD0E=
9,-3,Y7BhgeB6KGqwqE+QXM4rfXnlXT0=,i5/YBHh6sMuqW/q/c5+E0CyUZ1Y=
9,-2,Y7BhgeB6KGqwqE+QXM4rfXnlXT0=,mx4X93HC7gkvpJdYhqPhgBd2uP4=
10,-3,Y7BhgeB6KGqwqE+QXM4rfXnlXT0=,WFmRErwOOkbzhgUdnA4qQ9IPJJ4=
10,-6,i/+orUQFCgqo+drzV5p5cnrdad4=,F3oerXJUQOHBejOIsY6LqsBoOIE=
10,-7,sgjGQLp8wqTz1vEjSqdfaTtqBOc=,ZJSHeh4e6S7uX1G4BBHqIrsNFYM=
9,-6,sgjGQLp8wqTz1vEjSqdfaTtqBOc=,jljIwnyqbe9OPGL93DA7pbJSPyU=
9,-7,sgjGQLp8wqTz1vEjSqdfaTtqBOc=,n6YXxB/8ioxnTcDin2qjQp9Pg6Q=
12,-7,sgjGQLp8wqTz1vEjSqdfaTtqBOc=,UY2AsvmDOEOa92sz7cl9GpyrZug=
11,-7,sgjGQLp8wqTz1vEjSqdfaTtqBOc=,ZJSHeh4e6S7uX1G4BBHqIrsNFYM=
12,-6,4/Gc9HiiMiL3ppgy8Su9dQJaycw=,r0itIfRcUMUX4folzfCMyxcfdAA=
11,-6,4/Gc9HiiMiL3ppgy8Su9dQJaycw=,F3oerXJUQOHBejOIsY6LqsBoOIE=
12,-4,hqTfsf/JhqzLbxB69T6lCRX+znE=,VCw7ZFDfhROqHOe1ZCcJExmPBxc=
11,-4,hqTfsf/JhqzLbxB69T6lCRX+znE=,WFmRErwOOkbzhgUdnA4qQ9IPJJ4=
11,-5,hqTfsf/JhqzLbxB69T6lCRX+znE=,F3oerXJUQOHBejOIsY6LqsBoOIE=
12,-5,hqTfsf/JhqzLbxB69T6lCRX+znE=,r0itIfRcUMUX4folzfCMyxcfdAA=
15,-6,sgjGQLp8wqTz1vEjSqdfaTtqBOc=,TOGhroOISrNn0c8LMr0B3uvH8tg=
14,-7,sgjGQLp8wqTz1vEjSqdfaTtqBOc=,VBm7pdMy1or5BWKDyZrVzuWRA6o=
15,-7,sgjGQLp8wqTz1vEjSqdfaTtqBOc=,VBm7pdMy1or5BWKDyZrVzuWRA6o=
13,-7,sgjGQLp8wqTz1vEjSqdfaTtqBOc=,UY2AsvmDOEOa92sz7cl9GpyrZug=
14,-6,sgjGQLp8wqTz1vEjSqdfaTtqBOc=,TOGhroOISrNn0c8LMr0B3uvH8tg=
10,-1,4/Gc9HiiMiL3ppgy8Su9dQJaycw=,3jR9H22d1V+5wjT6JSKpmbPsD0E=
13,-6,9iP2INU+yg09F1vLFJVsC4zbYMU=,r0itIfRcUMUX4folzfCMyxcfdAA=
9,-1,4/Gc9HiiMiL3ppgy8Su9dQJaycw=,mx4X93HC7gkvpJdYhqPhgBd2uP4=
13,-5,9iP2INU+yg09F1vLFJVsC4zbYMU=,r0itIfRcUMUX4folzfCMyxcfdAA=
15,-5,sgjGQLp8wqTz1vEjSqdfaTtqBOc=,TOGhroOISrNn0c8LMr0B3uvH8tg=
15,-4,9iP2INU+yg09F1vLFJVsC4zbYMU=,1s8QXILuqRi5C9vAc5Z74zf7jKc=
14,-4,9iP2INU+yg09F1vLFJVsC4zbYMU=,1s8QXILuqRi5C9vAc5Z74zf7jKc=
7,-1,4/Gc9HiiMiL3ppgy8Su9dQJaycw=,tp7vxy7QubNZSfy+mbcPeKg9VwM=
14,-5,sgjGQLp8wqTz1vEjSqdfaTtqBOc=,TOGhroOISrNn0c8LMr0B3uvH8tg=
13,-4,9iP2INU+yg09F1vLFJVsC4zbYMU=,VCw7ZFDfhROqHOe1ZCcJExmPBxc=
8,-1,4/Gc9HiiMiL3ppgy8Su9dQJaycw=,mx4X93HC7gkvpJdYhqPhgBd2uP4=
4,-1,9iP2INU+yg09F1vLFJVsC4zbYMU=,K3jI38yBmgYiPBhF0L/TxjX099A=
5,-1,4/Gc9HiiMiL3ppgy8Su9dQJaycw=,K3jI38yBmgYiPBhF0L/TxjX099A=
3,-1,sgjGQLp8wqTz1vEjSqdfaTtqBOc=,/8px5TZg2beiwByr+tO6cYMe6G4=
6,-1,9iP2INU+yg09F1vLFJVsC4zbYMU=,tp7vxy7QubNZSfy+mbcPeKg9VwM=
1,-1,4/Gc9HiiMiL3ppgy8Su9dQJaycw=,8nUhqzIEovMvgcsgRm6fqyQpuw0=
0,-2,wqUHbRu2ZyyvDImsbPaIu9U5yDU=,8nUhqzIEovMvgcsgRm6fqyQpuw0=
2,-1,sgjGQLp8wqTz1vEjSqdfaTtqBOc=,/8px5TZg2beiwByr+tO6cYMe6G4=
0,-3,wqUHbRu2ZyyvDImsbPaIu9U5yDU=,2vsSE6kFj8sx7bVYn882Duw6irg=
0,-5,wqUHbRu2ZyyvDImsbPaIu9U5yDU=,Ea38gJaDxCvvB6TK+uzKG+ux4Bo=
0,-4,wqUHbRu2ZyyvDImsbPaIu9U5yDU=,2vsSE6kFj8sx7bVYn882Duw6irg=
0,-8,sgjGQLp8wqTz1vEjSqdfaTtqBOc=,Qpd4y7vww+ZHIAfnLyyiS70GRms=
0,-6,4/Gc9HiiMiL3ppgy8Su9dQJaycw=,Ea38gJaDxCvvB6TK+uzKG+ux4Bo=
0,-9,sgjGQLp8wqTz1vEjSqdfaTtqBOc=,ME38EV0MdLvHp3SLpqIAWJvFxo8=
0,-7,sgjGQLp8wqTz1vEjSqdfaTtqBOc=,Qpd4y7vww+ZHIAfnLyyiS70GRms=
0,-10,sgjGQLp8wqTz1vEjSqdfaTtqBOc=,ME38EV0MdLvHp3SLpqIAWJvFxo8=
0,-12,sgjGQLp8wqTz1vEjSqdfaTtqBOc=,BjQkRETUlA5THqG9pr8yKK9v+6k=
0,-11,sgjGQLp8wqTz1vEjSqdfaTtqBOc=,BjQkRETUlA5THqG9pr8yKK9v+6k=
0,-13,9iP2INU+yg09F1vLFJVsC4zbYMU=,avdqd9VXrXBfP3DffUb6RHfgdeg=
12,-3,hqTfsf/JhqzLbxB69T6lCRX+znE=,VCw7ZFDfhROqHOe1ZCcJExmPBxc=
11,-2,hqTfsf/JhqzLbxB69T6lCRX+znE=,3jR9H22d1V+5wjT6JSKpmbPsD0E=
11,-3,hqTfsf/JhqzLbxB69T6lCRX+znE=,WFmRErwOOkbzhgUdnA4qQ9IPJJ4=
12,-1,4/Gc9HiiMiL3ppgy8Su9dQJaycw=,TqbheX3QgyYBvtlIX9WBWUh9hyY=
12,-2,hqTfsf/JhqzLbxB69T6lCRX+znE=,TqbheX3QgyYBvtlIX9WBWUh9hyY=
11,-1,4/Gc9HiiMiL3ppgy8Su9dQJaycw=,3jR9H22d1V+5wjT6JSKpmbPsD0E=
15,-3,9iP2INU+yg09F1vLFJVsC4zbYMU=,1s8QXILuqRi5C9vAc5Z74zf7jKc=
14,-3,9iP2INU+yg09F1vLFJVsC4zbYMU=,1s8QXILuqRi5C9vAc5Z74zf7jKc=
15,-2,sgjGQLp8wqTz1vEjSqdfaTtqBOc=,FXBrf76dlVrzjHgO4jyQxRPwgHs=
13,-3,9iP2INU+yg09F1vLFJVsC4zbYMU=,VCw7ZFDfhROqHOe1ZCcJExmPBxc=
15,-1,sgjGQLp8wqTz1vEjSqdfaTtqBOc=,FXBrf76dlVrzjHgO4jyQxRPwgHs=
13,-1,9iP2INU+yg09F1vLFJVsC4zbYMU=,TqbheX3QgyYBvtlIX9WBWUh9hyY=
13,-2,9iP2INU+yg09F1vLFJVsC4zbYMU=,TqbheX3QgyYBvtlIX9WBWUh9hyY=
14,-1,sgjGQLp8wqTz1vEjSqdfaTtqBOc=,FXBrf76dlVrzjHgO4jyQxRPwgHs=
14,-2,sgjGQLp8wqTz1vEjSqdfaTtqBOc=,FXBrf76dlVrzjHgO4jyQxRPwgHs=
2,-14,4/Gc9HiiMiL3ppgy8Su9dQJaycw=,Ssro7pyK2h98X0bCRYNmoZUBaJM=
2,-16,+okvDfiJMmbBZ/D6ttb3/sSFhxs=,WCSuPa3CvOwhh/J7/xtzzM9YbK4=
0,-14,9iP2INU+yg09F1vLFJVsC4zbYMU=,avdqd9VXrXBfP3DffUb6RHfgdeg=
1,-14,+okvDfiJMmbBZ/D6ttb3/sSFhxs=,avdqd9VXrXBfP3DffUb6RHfgdeg=
1,-15,sgjGQLp8wqTz1vEjSqdfaTtqBOc=,dcTW9UObvovnSRHhjpyaXDuFgQ0=
2,-15,+okvDfiJMmbBZ/D6ttb3/sSFhxs=,WCSuPa3CvOwhh/J7/xtzzM9YbK4=
0,-15,sgjGQLp8wqTz1vEjSqdfaTtqBOc=,dcTW9UObvovnSRHhjpyaXDuFgQ0=
0,-16,sgjGQLp8wqTz1vEjSqdfaTtqBOc=,dcTW9UObvovnSRHhjpyaXDuFgQ0=
1,-16,sgjGQLp8wqTz1vEjSqdfaTtqBOc=,dcTW9UObvovnSRHhjpyaXDuFgQ0=
15,-8,sgjGQLp8wqTz1vEjSqdfaTtqBOc=,VBm7pdMy1or5BWKDyZrVzuWRA6o=
13,-8,sgjGQLp8wqTz1vEjSqdfaTtqBOc=,UY2AsvmDOEOa92sz7cl9GpyrZug=
15,-9,sgjGQLp8wqTz1vEjSqdfaTtqBOc=,daooMKz827hfBAiLu+3zitaubI8=
13,-9,sgjGQLp8wqTz1vEjSqdfaTtqBOc=,O/Me7iG8cVTqTTDyDQJec+1Cd04=
14,-9,sgjGQLp8wqTz1vEjSqdfaTtqBOc=,daooMKz827hfBAiLu+3zitaubI8=
12,-9,sgjGQLp8wqTz1vEjSqdfaTtqBOc=,O/Me7iG8cVTqTTDyDQJec+1Cd04=
14,-8,sgjGQLp8wqTz1vEjSqdfaTtqBOc=,VBm7pdMy1or5BWKDyZrVzuWRA6o=
9,-8,sgjGQLp8wqTz1vEjSqdfaTtqBOc=,n6YXxB/8ioxnTcDin2qjQp9Pg6Q=
10,-9,sgjGQLp8wqTz1vEjSqdfaTtqBOc=,idT0G4104O/6KEZvgsaGpfPLgko=
11,-9,sgjGQLp8wqTz1vEjSqdfaTtqBOc=,idT0G4104O/6KEZvgsaGpfPLgko=
12,-8,sgjGQLp8wqTz1vEjSqdfaTtqBOc=,UY2AsvmDOEOa92sz7cl9GpyrZug=
10,-8,sgjGQLp8wqTz1vEjSqdfaTtqBOc=,ZJSHeh4e6S7uX1G4BBHqIrsNFYM=
11,-8,sgjGQLp8wqTz1vEjSqdfaTtqBOc=,ZJSHeh4e6S7uX1G4BBHqIrsNFYM=
9,-9,i/+orUQFCgqo+drzV5p5cnrdad4=,DlSP1D21GMlEjr2YdEY8aIreS+Q=
9,-10,i/+orUQFCgqo+drzV5p5cnrdad4=,DlSP1D21GMlEjr2YdEY8aIreS+Q=
9,-11,i/+orUQFCgqo+drzV5p5cnrdad4=,IddWf4bC3TM9sQsZS0KjpPE/usY=
10,-11,i/+orUQFCgqo+drzV5p5cnrdad4=,zjgulde4Mjx3QeGcjuij7bf8cwo=
10,-10,sgjGQLp8wqTz1vEjSqdfaTtqBOc=,idT0G4104O/6KEZvgsaGpfPLgko=
12,-11,sgjGQLp8wqTz1vEjSqdfaTtqBOc=,LQsOSMMXqd96rUycHQqLroVaYjM=
12,-10,sgjGQLp8wqTz1vEjSqdfaTtqBOc=,O/Me7iG8cVTqTTDyDQJec+1Cd04=
11,-10,sgjGQLp8wqTz1vEjSqdfaTtqBOc=,idT0G4104O/6KEZvgsaGpfPLgko=
11,-11,4/Gc9HiiMiL3ppgy8Su9dQJaycw=,zjgulde4Mjx3QeGcjuij7bf8cwo=
14,-10,sgjGQLp8wqTz1vEjSqdfaTtqBOc=,daooMKz827hfBAiLu+3zitaubI8=
15,-10,sgjGQLp8wqTz1vEjSqdfaTtqBOc=,daooMKz827hfBAiLu+3zitaubI8=
14,-11,sgjGQLp8wqTz1vEjSqdfaTtqBOc=,OH9JoPyZoTuEvCM3K2YJuwLui9A=
15,-11,sgjGQLp8wqTz1vEjSqdfaTtqBOc=,OH9JoPyZoTuEvCM3K2YJuwLui9A=
13,-11,sgjGQLp8wqTz1vEjSqdfaTtqBOc=,LQsOSMMXqd96rUycHQqLroVaYjM=
13,-10,sgjGQLp8wqTz1vEjSqdfaTtqBOc=,O/Me7iG8cVTqTTDyDQJec+1Cd04=
9,-12,i/+orUQFCgqo+drzV5p5cnrdad4=,IddWf4bC3TM9sQsZS0KjpPE/usY=
10,-13,i/+orUQFCgqo+drzV5p5cnrdad4=,+HiVxn/KyrojCfW/tJZIKVCtKtE=
9,-13,i/+orUQFCgqo+drzV5p5cnrdad4=,iStgVg2SB3huUbUXKAwM0She8TE=
10,-12,i/+orUQFCgqo+drzV5p5cnrdad4=,zjgulde4Mjx3QeGcjuij7bf8cwo=
15,-12,sgjGQLp8wqTz1vEjSqdfaTtqBOc=,OH9JoPyZoTuEvCM3K2YJuwLui9A=
15,-13,sgjGQLp8wqTz1vEjSqdfaTtqBOc=,71yY5//qWHnP9/YWBtmf7VheXHQ=
9,-16,sgjGQLp8wqTz1vEjSqdfaTtqBOc=,d1T2mu0eYpO47V9+bCl11xEM0wM=
10,-16,sgjGQLp8wqTz1vEjSqdfaTtqBOc=,Z4m9qMuJzb4YQaZ2s1KP4BLAZ1E=
9,-14,i/+orUQFCgqo+drzV5p5cnrdad4=,iStgVg2SB3huUbUXKAwM0She8TE=
10,-15,sgjGQLp8wqTz1vEjSqdfaTtqBOc=,Z4m9qMuJzb4YQaZ2s1KP4BLAZ1E=
10,-14,i/+orUQFCgqo+drzV5p5cnrdad4=,+HiVxn/KyrojCfW/tJZIKVCtKtE=
9,-15,sgjGQLp8wqTz1vEjSqdfaTtqBOc=,d1T2mu0eYpO47V9+bCl11xEM0wM=
14,-12,sgjGQLp8wqTz1vEjSqdfaTtqBOc=,OH9JoPyZoTuEvCM3K2YJuwLui9A=
12,-12,sgjGQLp8wqTz1vEjSqdfaTtqBOc=,LQsOSMMXqd96rUycHQqLroVaYjM=
13,-12,sgjGQLp8wqTz1vEjSqdfaTtqBOc=,LQsOSMMXqd96rUycHQqLroVaYjM=
11,-12,i/+orUQFCgqo+drzV5p5cnrdad4=,zjgulde4Mjx3QeGcjuij7bf8cwo=
14,-13,sgjGQLp8wqTz1vEjSqdfaTtqBOc=,71yY5//qWHnP9/YWBtmf7VheXHQ=
11,-13,i/+orUQFCgqo+drzV5p5cnrdad4=,+HiVxn/KyrojCfW/tJZIKVCtKtE=
13,-13,sgjGQLp8wqTz1vEjSqdfaTtqBOc=,3y663Q85NqYqiF1Qpz8S6gTAmiw=
12,-13,sgjGQLp8wqTz1vEjSqdfaTtqBOc=,3y663Q85NqYqiF1Qpz8S6gTAmiw=
11,-14,i/+orUQFCgqo+drzV5p5cnrdad4=,+HiVxn/KyrojCfW/tJZIKVCtKtE=
12,-14,sgjGQLp8wqTz1vEjSqdfaTtqBOc=,3y663Q85NqYqiF1Qpz8S6gTAmiw=
12,-15,sgjGQLp8wqTz1vEjSqdfaTtqBOc=,Us/0exlX4y8SCJq7Ghe/Oi4zBJM=
11,-16,sgjGQLp8wqTz1vEjSqdfaTtqBOc=,Z4m9qMuJzb4YQaZ2s1KP4BLAZ1E=
0,-1,4/Gc9HiiMiL3ppgy8Su9dQJaycw=,8nUhqzIEovMvgcsgRm6fqyQpuw0=
12,-16,sgjGQLp8wqTz1vEjSqdfaTtqBOc=,Us/0exlX4y8SCJq7Ghe/Oi4zBJM=
11,-15,sgjGQLp8wqTz1vEjSqdfaTtqBOc=,Z4m9qMuJzb4YQaZ2s1KP4BLAZ1E=
14,-14,sgjGQLp8wqTz1vEjSqdfaTtqBOc=,71yY5//qWHnP9/YWBtmf7VheXHQ=
15,-16,sgjGQLp8wqTz1vEjSqdfaTtqBOc=,z0IhwdY/vZJNH+sptQiSIvnCptU=
13,-16,sgjGQLp8wqTz1vEjSqdfaTtqBOc=,Us/0exlX4y8SCJq7Ghe/Oi4zBJM=
13,-15,sgjGQLp8wqTz1vEjSqdfaTtqBOc=,Us/0exlX4y8SCJq7Ghe/Oi4zBJM=
15,-15,sgjGQLp8wqTz1vEjSqdfaTtqBOc=,z0IhwdY/vZJNH+sptQiSIvnCptU=
15,-14,sgjGQLp8wqTz1vEjSqdfaTtqBOc=,71yY5//qWHnP9/YWBtmf7VheXHQ=
14,-15,sgjGQLp8wqTz1vEjSqdfaTtqBOc=,z0IhwdY/vZJNH+sptQiSIvnCptU=
14,-16,sgjGQLp8wqTz1vEjSqdfaTtqBOc=,z0IhwdY/vZJNH+sptQiSIvnCptU=
13,-14,sgjGQLp8wqTz1vEjSqdfaTtqBOc=,3y663Q85NqYqiF1Qpz8S6gTAmiw=
6,-8,/RA1bL+4r+zzkyM89haaDnlLtqM=,b28Vm0BSKCQB7/79laf9vVPgHTo=
4,-8,4/Gc9HiiMiL3ppgy8Su9dQJaycw=,ZZ9xF+4H4kjOTUVSr9pIcTdSPGs=
6,-9,/RA1bL+4r+zzkyM89haaDnlLtqM=,oiItPBSxR0RwCIFwxJEG550LSAE=
3,-8,3DTjts9THXiI3eGBhwpdToKf8vo=,N/78c4GS8tkbsLrcSR/gZahDdfI=
4,-9,4/Gc9HiiMiL3ppgy8Su9dQJaycw=,H5GVn6/F0UNVurD68CBP2rWrum8=
5,-9,/RA1bL+4r+zzkyM89haaDnlLtqM=,H5GVn6/F0UNVurD68CBP2rWrum8=
3,-9,4/Gc9HiiMiL3ppgy8Su9dQJaycw=,gqtG3iAX+ACYz2igLz3gaIBUhwA=
5,-8,/RA1bL+4r+zzkyM89haaDnlLtqM=,ZZ9xF+4H4kjOTUVSr9pIcTdSPGs=
3,-11,+okvDfiJMmbBZ/D6ttb3/sSFhxs=,JDquP/MSRWG3IoD3asLYMoJY2Ws=
6,-13,+okvDfiJMmbBZ/D6ttb3/sSFhxs=,NI/JjdN2KMP1xWMKT6edlGI2Cmg=
6,-10,/RA1bL+4r+zzkyM89haaDnlLtqM=,oiItPBSxR0RwCIFwxJEG550LSAE=
3,-12,+okvDfiJMmbBZ/D6ttb3/sSFhxs=,JDquP/MSRWG3IoD3asLYMoJY2Ws=
6,-12,+okvDfiJMmbBZ/D6ttb3/sSFhxs=,awFGgjgoNE0Go+lk+XFWws47gTI=
4,-12,+okvDfiJMmbBZ/D6ttb3/sSFhxs=,ppBDIm6nmPw67/qRnvYWXUVGyf4=
5,-13,kocIaepVXKl7zme0t7WyETdY6tg=,HONdu5Of30PNVtBxXzAiXyi2uGo=
5,-11,/RA1bL+4r+zzkyM89haaDnlLtqM=,ppBDIm6nmPw67/qRnvYWXUVGyf4=
5,-10,/RA1bL+4r+zzkyM89haaDnlLtqM=,H5GVn6/F0UNVurD68CBP2rWrum8=
4,-10,+okvDfiJMmbBZ/D6ttb3/sSFhxs=,H5GVn6/F0UNVurD68CBP2rWrum8=
5,-12,+okvDfiJMmbBZ/D6ttb3/sSFhxs=,ppBDIm6nmPw67/qRnvYWXUVGyf4=
4,-13,+wN8wtLawc4jrrDstDAWLIrhYQY=,HONdu5Of30PNVtBxXzAiXyi2uGo=
4,-11,+okvDfiJMmbBZ/D6ttb3/sSFhxs=,ppBDIm6nmPw67/qRnvYWXUVGyf4=
3,-10,+okvDfiJMmbBZ/D6ttb3/sSFhxs=,gqtG3iAX+ACYz2igLz3gaIBUhwA=
6,-11,/RA1bL+4r+zzkyM89haaDnlLtqM=,awFGgjgoNE0Go+lk+XFWws47gTI=
3,-13,+okvDfiJMmbBZ/D6ttb3/sSFhxs=,Ssro7pyK2h98X0bCRYNmoZUBaJM=
