1,2,e30lKM7UpC4Bz6/PUGrh3ZXJ5Ng=,7YDk45GhViuQZ30qXjv3mi6lcFk=
2,1,OI7yI5Pp/CJzfagQZsXlWmiWqQI=,MZfHU++OFYepUSGHLa6WdWB22zY=
1,1,CfFa8dJMD16dW5UW7e40KALH+Xk=,XUeCVpAyWoVyGOIJi7UbdQpx95E=
2,2,RKXjuj6IQKoAT3U2eFi3p7zb2Ek=,5mrVYjyXuwaOqSs8637A0PaFWC8=
2,4,oLyw30n+/GshIie8I1ygv+tcy50=,aYH/Ffsyiwwr6rt6me3UMs+8Bd8=
1,3,e30lKM7UpC4Bz6/PUGrh3ZXJ5Ng=,7YDk45GhViuQZ30qXjv3mi6lcFk=
2,5,4Jlfji6YkWEfHnZiICgs3CzzvNw=,aYH/Ffsyiwwr6rt6me3UMs+8Bd8=
2,3,wc+qHatusHyRkKtHF48VD0NB4ss=,5mrVYjyXuwaOqSs8637A0PaFWC8=
1,6,oLyw30n+/GshIie8I1ygv+tcy50=,mBDBuFaUzWxTsk1fqp3nf82K0kA=
1,4,oLyw30n+/GshIie8I1ygv+tcy50=,8lqYREavs5xU0tsKqX/I2YsbfAI=
2,6,4Jlfji6YkWEfHnZiICgs3CzzvNw=,2r52y/R+U4h1SqxvkQmBXMfRlL4=
1,5,e30lKM7UpC4Bz6/PUGrh3ZXJ5Ng=,8lqYREavs5xU0tsKqX/I2YsbfAI=
2,8,4Jlfji6YkWEfHnZiICgs3CzzvNw=,HhoeQ5VEgyNSL9KHLYSqr8emycw=
1,7,RYsxf98Iztq7C8xOxC6auHn0cTw=,mBDBuFaUzWxTsk1fqp3nf82K0kA=
1,8,kacOpt7+3+acPXPQYQuXrBGBSvw=,voOtdyYR1wNkJo+66Pz/dYv0oCo=
2,7,RYsxf98Iztq7C8xOxC6auHn0cTw=,2r52y/R+U4h1SqxvkQmBXMfRlL4=
2,9,RYsxf98Iztq7C8xOxC6auHn0cTw=,HhoeQ5VEgyNSL9KHLYSqr8emycw=
1,10,RYsxf98Iztq7C8xOxC6auHn0cTw=,Rlqp1AWuElswUy/U5/oI2F9YXIk=
1,9,RYsxf98Iztq7C8xOxC6auHn0cTw=,voOtdyYR1wNkJo+66Pz/dYv0oCo=
2,10,RYsxf98Iztq7C8xOxC6auHn0cTw=,EE/qtsviXVT9LRu7S5eZNurhMGM=
2,15,RYsxf98Iztq7C8xOxC6auHn0cTw=,uI9nRnu53CJZlNgmVWwc8AVGI+Q=
1,15,RYsxf98Iztq7C8xOxC6auHn0cTw=,MHjlRwHVqhnIARAZng/JKEXxh4I=
1,11,RYsxf98Iztq7C8xOxC6auHn0cTw=,Rlqp1AWuElswUy/U5/oI2F9YXIk=
1,12,FMeT4EjoPGhRYUh7hsylFahomSc=,G8yhVVPT1calKSPbGYalIQLHW5I=
1,13,eyKs0SGnViBFal5TXBbn1H6a7go=,G8yhVVPT1calKSPbGYalIQLHW5I=
2,11,eyKs0SGnViBFal5TXBbn1H6a7go=,EE/qtsviXVT9LRu7S5eZNurhMGM=
2,14,scEmV5q0eilci+EEgIO3aRs0Qc8=,uI9nRnu53CJZlNgmVWwc8AVGI+Q=
2,12,FMeT4EjoPGhRYUh7hsylFahomSc=,24iviM7d+445nyhLWklXBlPKaf4=
2,13,FMeT4EjoPGhRYUh7hsylFahomSc=,24iviM7d+445nyhLWklXBlPKaf4=
1,14,FMeT4EjoPGhRYUh7hsylFahomSc=,MHjlRwHVqhnIARAZng/JKEXxh4I=
4,11,rtL5E39Phu5fUCaTAgVLCcFRz1M=,d3VG+1PVN3dgmst0Lwg3zW06bEE=
3,12,IdPbB6IAopsFL6MUXzCoVsesAIk=,24iviM7d+445nyhLWklXBlPKaf4=
3,11,N+eWltKVzdA7fL7Y6R6RuF2/7UU=,EE/qtsviXVT9LRu7S5eZNurhMGM=
4,12,eWP59FbUDwIbkH3WdWZmptHcPIo=,aqLCftFMsAy3TEc9SYQt4er6bSE=
4,10,uZN+6Tjdh3AkZnZvgzr+wkONR/w=,d3VG+1PVN3dgmst0Lwg3zW06bEE=
4,9,uZN+6Tjdh3AkZnZvgzr+wkONR/w=,7E4qGvr+49wLMnZu90t6Yez6jmo=
3,8,9VK2IMilRiEYEQJIUwDCJPir5TM=,HhoeQ5VEgyNSL9KHLYSqr8emycw=
3,10,rtL5E39Phu5fUCaTAgVLCcFRz1M=,EE/qtsviXVT9LRu7S5eZNurhMGM=
4,8,9VK2IMilRiEYEQJIUwDCJPir5TM=,7E4qGvr+49wLMnZu90t6Yez6jmo=
3,7,w/UIvuBJO+f8m7qu/mr+RccdSNA=,2r52y/R+U4h1SqxvkQmBXMfRlL4=
3,9,rtL5E39Phu5fUCaTAgVLCcFRz1M=,HhoeQ5VEgyNSL9KHLYSqr8emycw=
4,7,w/UIvuBJO+f8m7qu/mr+RccdSNA=,Mlmql/HoPcpTXWxXPYve+YQ5KJA=
3,6,w/UIvuBJO+f8m7qu/mr+RccdSNA=,2r52y/R+U4h1SqxvkQmBXMfRlL4=
4,5,w/UIvuBJO+f8m7qu/mr+RccdSNA=,4wzaNHKhwz+yQZU3nod1n8SmNk0=
3,5,w/UIvuBJO+f8m7qu/mr+RccdSNA=,aYH/Ffsyiwwr6rt6me3UMs+8Bd8=
4,6,w/UIvuBJO+f8m7qu/mr+RccdSNA=,Mlmql/HoPcpTXWxXPYve+YQ5KJA=
4,3,w/UIvuBJO+f8m7qu/mr+RccdSNA=,SIeTi+pVAJR6nzD4uKyruJoq1ys=
3,3,w/UIvuBJO+f8m7qu/mr+RccdSNA=,5mrVYjyXuwaOqSs8637A0PaFWC8=
4,4,w/UIvuBJO+f8m7qu/mr+RccdSNA=,4wzaNHKhwz+yQZU3nod1n8SmNk0=
3,4,w/UIvuBJO+f8m7qu/mr+RccdSNA=,aYH/Ffsyiwwr6rt6me3UMs+8Bd8=
4,2,w/UIvuBJO+f8m7qu/mr+RccdSNA=,SIeTi+pVAJR6nzD4uKyruJoq1ys=
3,2,w/UIvuBJO+f8m7qu/mr+RccdSNA=,5mrVYjyXuwaOqSs8637A0PaFWC8=
3,1,w/UIvuBJO+f8m7qu/mr+RccdSNA=,MZfHU++OFYepUSGHLa6WdWB22zY=
4,1,w/UIvuBJO+f8m7qu/mr+RccdSNA=,xc9tG++No4/imhr8lFYVqgwhJ54=
5,4,w/UIvuBJO+f8m7qu/mr+RccdSNA=,4wzaNHKhwz+yQZU3nod1n8SmNk0=
6,3,w/UIvuBJO+f8m7qu/mr+RccdSNA=,sIIn/2JML2a3+FXVoRJOAuJ7KC0=
5,3,w/UIvuBJO+f8m7qu/mr+RccdSNA=,SIeTi+pVAJR6nzD4uKyruJoq1ys=
6,4,w/UIvuBJO+f8m7qu/mr+RccdSNA=,qjOcM02PvN5BAVnGrfB4KK6FXeE=
5,1,w/UIvuBJO+f8m7qu/mr+RccdSNA=,xc9tG++No4/imhr8lFYVqgwhJ54=
6,1,w/UIvuBJO+f8m7qu/mr+RccdSNA=,JlP7d+r4o+AB1NqJH2TIuyxi/T0=
5,2,w/UIvuBJO+f8m7qu/mr+RccdSNA=,SIeTi+pVAJR6nzD4uKyruJoq1ys=
6,2,w/UIvuBJO+f8m7qu/mr+RccdSNA=,sIIn/2JML2a3+FXVoRJOAuJ7KC0=
6,5,w/UIvuBJO+f8m7qu/mr+RccdSNA=,qjOcM02PvN5BAVnGrfB4KK6FXeE=
5,5,w/UIvuBJO+f8m7qu/mr+RccdSNA=,4wzaNHKhwz+yQZU3nod1n8SmNk0=
5,6,w/UIvuBJO+f8m7qu/mr+RccdSNA=,Mlmql/HoPcpTXWxXPYve+YQ5KJA=
6,6,w/UIvuBJO+f8m7qu/mr+RccdSNA=,PZ/1s1tY4R+5toIMP51bCLbdzTk=
6,8,w/UIvuBJO+f8m7qu/mr+RccdSNA=,I+S4w6SF7eqpFQulH8yQuIfw90s=
6,7,w/UIvuBJO+f8m7qu/mr+RccdSNA=,PZ/1s1tY4R+5toIMP51bCLbdzTk=
5,8,w/UIvuBJO+f8m7qu/mr+RccdSNA=,7E4qGvr+49wLMnZu90t6Yez6jmo=
5,7,w/UIvuBJO+f8m7qu/mr+RccdSNA=,Mlmql/HoPcpTXWxXPYve+YQ5KJA=
6,9,w/UIvuBJO+f8m7qu/mr+RccdSNA=,I+S4w6SF7eqpFQulH8yQuIfw90s=
5,9,w/UIvuBJO+f8m7qu/mr+RccdSNA=,7E4qGvr+49wLMnZu90t6Yez6jmo=
5,10,w/UIvuBJO+f8m7qu/mr+RccdSNA=,d3VG+1PVN3dgmst0Lwg3zW06bEE=
6,10,w/UIvuBJO+f8m7qu/mr+RccdSNA=,aeikymJTVnW87lLj6r2rLSp90B8=
6,11,w/UIvuBJO+f8m7qu/mr+RccdSNA=,aeikymJTVnW87lLj6r2rLSp90B8=
5,12,w/UIvuBJO+f8m7qu/mr+RccdSNA=,aqLCftFMsAy3TEc9SYQt4er6bSE=
5,11,w/UIvuBJO+f8m7qu/mr+RccdSNA=,d3VG+1PVN3dgmst0Lwg3zW06bEE=
6,12,w/UIvuBJO+f8m7qu/mr+RccdSNA=,fL9JHhOtZbRV5uItWpD1nvRAJwU=
8,10,w/UIvuBJO+f8m7qu/mr+RccdSNA=,vQ0YkhwPKbSW7ZT9zZqooTj2krU=
7,10,w/UIvuBJO+f8m7qu/mr+RccdSNA=,aeikymJTVnW87lLj6r2rLSp90B8=
8,9,w/UIvuBJO+f8m7qu/mr+RccdSNA=,GJGya8VQ/wCtT+8AVsYotpkpySE=
7,9,w/UIvuBJO+f8m7qu/mr+RccdSNA=,I+S4w6SF7eqpFQulH8yQuIfw90s=
7,11,w/UIvuBJO+f8m7qu/mr+RccdSNA=,aeikymJTVnW87lLj6r2rLSp90B8=
8,12,w/UIvuBJO+f8m7qu/mr+RccdSNA=,6oc4XAmCxfnfNgo0DDT8lDasA1o=
7,12,w/UIvuBJO+f8m7qu/mr+RccdSNA=,fL9JHhOtZbRV5uItWpD1nvRAJwU=
8,11,w/UIvuBJO+f8m7qu/mr+RccdSNA=,vQ0YkhwPKbSW7ZT9zZqooTj2krU=
8,7,w/UIvuBJO+f8m7qu/mr+RccdSNA=,1K2nXHPNi6jYhmKHsUGEP5zk0aU=
7,7,w/UIvuBJO+f8m7qu/mr+RccdSNA=,PZ/1s1tY4R+5toIMP51bCLbdzTk=
7,8,w/UIvuBJO+f8m7qu/mr+RccdSNA=,I+S4w6SF7eqpFQulH8yQuIfw90s=
8,8,w/UIvuBJO+f8m7qu/mr+RccdSNA=,GJGya8VQ/wCtT+8AVsYotpkpySE=
8,6,w/UIvuBJO+f8m7qu/mr+RccdSNA=,1K2nXHPNi6jYhmKHsUGEP5zk0aU=
8,5,w/UIvuBJO+f8m7qu/mr+RccdSNA=,G2fUi7OIv5t86b90f7FWFi6vTOE=
7,6,w/UIvuBJO+f8m7qu/mr+RccdSNA=,PZ/1s1tY4R+5toIMP51bCLbdzTk=
7,5,w/UIvuBJO+f8m7qu/mr+RccdSNA=,qjOcM02PvN5BAVnGrfB4KK6FXeE=
8,4,w/UIvuBJO+f8m7qu/mr+RccdSNA=,G2fUi7OIv5t86b90f7FWFi6vTOE=
8,3,w/UIvuBJO+f8m7qu/mr+RccdSNA=,HBl68NYd6GTRrvwbhFuYEUqcvMM=
7,4,w/UIvuBJO+f8m7qu/mr+RccdSNA=,qjOcM02PvN5BAVnGrfB4KK6FXeE=
7,3,w/UIvuBJO+f8m7qu/mr+RccdSNA=,sIIn/2JML2a3+FXVoRJOAuJ7KC0=
8,2,w/UIvuBJO+f8m7qu/mr+RccdSNA=,HBl68NYd6GTRrvwbhFuYEUqcvMM=
7,2,w/UIvuBJO+f8m7qu/mr+RccdSNA=,sIIn/2JML2a3+FXVoRJOAuJ7KC0=
7,1,w/UIvuBJO+f8m7qu/mr+RccdSNA=,JlP7d+r4o+AB1NqJH2TIuyxi/T0=
8,1,w/UIvuBJO+f8m7qu/mr+RccdSNA=,yGJTGeihcHvp8P2fIAufeNbRuJg=
10,5,w/UIvuBJO+f8m7qu/mr+RccdSNA=,YPO90Anpi+55zgO5VCkxbATkaNg=
10,6,w/UIvuBJO+f8m7qu/mr+RccdSNA=,0Wf+AjXDSwT8wdGezQE4fRV+eks=
9,6,w/UIvuBJO+f8m7qu/mr+RccdSNA=,1K2nXHPNi6jYhmKHsUGEP5zk0aU=
9,5,w/UIvuBJO+f8m7qu/mr+RccdSNA=,G2fUi7OIv5t86b90f7FWFi6vTOE=
10,4,w/UIvuBJO+f8m7qu/mr+RccdSNA=,YPO90Anpi+55zgO5VCkxbATkaNg=
9,4,w/UIvuBJO+f8m7qu/mr+RccdSNA=,G2fUi7OIv5t86b90f7FWFi6vTOE=
10,3,w/UIvuBJO+f8m7qu/mr+RccdSNA=,w1fV3VZth/g022snGE5HMKG7F3M=
9,3,w/UIvuBJO+f8m7qu/mr+RccdSNA=,HBl68NYd6GTRrvwbhFuYEUqcvMM=
9,2,w/UIvuBJO+f8m7qu/mr+RccdSNA=,HBl68NYd6GTRrvwbhFuYEUqcvMM=
10,1,w/UIvuBJO+f8m7qu/mr+RccdSNA=,nYYPmJ1AN46yGsr6ehvWJfRD30Q=
9,1,w/UIvuBJO+f8m7qu/mr+RccdSNA=,yGJTGeihcHvp8P2fIAufeNbRuJg=
10,2,w/UIvuBJO+f8m7qu/mr+RccdSNA=,w1fV3VZth/g022snGE5HMKG7F3M=
10,7,w/UIvuBJO+f8m7qu/mr+RccdSNA=,0Wf+AjXDSwT8wdGezQE4fRV+eks=
9,8,w/UIvuBJO+f8m7qu/mr+RccdSNA=,GJGya8VQ/wCtT+8AVsYotpkpySE=
9,7,w/UIvuBJO+f8m7qu/mr+RccdSNA=,1K2nXHPNi6jYhmKHsUGEP5zk0aU=
10,8,w/UIvuBJO+f8m7qu/mr+RccdSNA=,8zF1048jbq1+CiiUkNPbIauGifE=
10,9,w/UIvuBJO+f8m7qu/mr+RccdSNA=,8zF1048jbq1+CiiUkNPbIauGifE=
9,9,w/UIvuBJO+f8m7qu/mr+RccdSNA=,GJGya8VQ/wCtT+8AVsYotpkpySE=
10,10,w/UIvuBJO+f8m7qu/mr+RccdSNA=,8W0TAL1+oKErqdxNwCLsLAZpcVc=
9,10,w/UIvuBJO+f8m7qu/mr+RccdSNA=,vQ0YkhwPKbSW7ZT9zZqooTj2krU=
10,12,w/UIvuBJO+f8m7qu/mr+RccdSNA=,Jn1Rw+pztdcwMRSRHqecosjTUJE=
10,11,w/UIvuBJO+f8m7qu/mr+RccdSNA=,8W0TAL1+oKErqdxNwCLsLAZpcVc=
9,12,w/UIvuBJO+f8m7qu/mr+RccdSNA=,6oc4XAmCxfnfNgo0DDT8lDasA1o=
9,11,w/UIvuBJO+f8m7qu/mr+RccdSNA=,vQ0YkhwPKbSW7ZT9zZqooTj2krU=
12,10,w/UIvuBJO+f8m7qu/mr+RccdSNA=,KG5Avg7hI9r2vU9lmvCOUv/Kmc4=
11,10,w/UIvuBJO+f8m7qu/mr+RccdSNA=,8W0TAL1+oKErqdxNwCLsLAZpcVc=
11,9,w/UIvuBJO+f8m7qu/mr+RccdSNA=,8zF1048jbq1+CiiUkNPbIauGifE=
12,9,w/UIvuBJO+f8m7qu/mr+RccdSNA=,6KMIcpywe6y2+rEidlvF/yM2Ws8=
11,12,w/UIvuBJO+f8m7qu/mr+RccdSNA=,Jn1Rw+pztdcwMRSRHqecosjTUJE=
12,11,w/UIvuBJO+f8m7qu/mr+RccdSNA=,KG5Avg7hI9r2vU9lmvCOUv/Kmc4=
11,11,w/UIvuBJO+f8m7qu/mr+RccdSNA=,8W0TAL1+oKErqdxNwCLsLAZpcVc=
12,15,w/UIvuBJO+f8m7qu/mr+RccdSNA=,Q0SvReu5ddNH2xsxQ2Kw8DlJsbY=
12,12,w/UIvuBJO+f8m7qu/mr+RccdSNA=,T8rZSWtZ8GqVNFZ04OTMSQVdJVY=
12,14,w/UIvuBJO+f8m7qu/mr+RccdSNA=,Q0SvReu5ddNH2xsxQ2Kw8DlJsbY=
12,13,w/UIvuBJO+f8m7qu/mr+RccdSNA=,T8rZSWtZ8GqVNFZ04OTMSQVdJVY=
11,14,w/UIvuBJO+f8m7qu/mr+RccdSNA=,qrmtBTmAzpb3GaDh/pXR5kOOcec=
11,15,w/UIvuBJO+f8m7qu/mr+RccdSNA=,qrmtBTmAzpb3GaDh/pXR5kOOcec=
11,13,w/UIvuBJO+f8m7qu/mr+RccdSNA=,Jn1Rw+pztdcwMRSRHqecosjTUJE=
11,8,w/UIvuBJO+f8m7qu/mr+RccdSNA=,8zF1048jbq1+CiiUkNPbIauGifE=
11,7,w/UIvuBJO+f8m7qu/mr+RccdSNA=,0Wf+AjXDSwT8wdGezQE4fRV+eks=
12,7,w/UIvuBJO+f8m7qu/mr+RccdSNA=,le7kTTO2ojHB+VoQaUNcPpCAD3M=
12,8,w/UIvuBJO+f8m7qu/mr+RccdSNA=,6KMIcpywe6y2+rEidlvF/yM2Ws8=
12,6,w/UIvuBJO+f8m7qu/mr+RccdSNA=,le7kTTO2ojHB+VoQaUNcPpCAD3M=
12,5,w/UIvuBJO+f8m7qu/mr+RccdSNA=,dwGftskL0sdsHYmECA8yqLSTyEA=
11,6,w/UIvuBJO+f8m7qu/mr+RccdSNA=,0Wf+AjXDSwT8wdGezQE4fRV+eks=
11,5,w/UIvuBJO+f8m7qu/mr+RccdSNA=,YPO90Anpi+55zgO5VCkxbATkaNg=
12,3,w/UIvuBJO+f8m7qu/mr+RccdSNA=,GFL1+jdPx4XyNiZTWdSFmGlb240=
12,2,w/UIvuBJO+f8m7qu/mr+RccdSNA=,GFL1+jdPx4XyNiZTWdSFmGlb240=
11,2,w/UIvuBJO+f8m7qu/mr+RccdSNA=,w1fV3VZth/g022snGE5HMKG7F3M=
11,1,w/UIvuBJO+f8m7qu/mr+RccdSNA=,nYYPmJ1AN46yGsr6ehvWJfRD30Q=
12,1,w/UIvuBJO+f8m7qu/mr+RccdSNA=,IIn8CiqWG4uFrF03am3HEEkwAH0=
12,4,w/UIvuBJO+f8m7qu/mr+RccdSNA=,dwGftskL0sdsHYmECA8yqLSTyEA=
11,4,w/UIvuBJO+f8m7qu/mr+RccdSNA=,YPO90Anpi+55zgO5VCkxbATkaNg=
11,3,w/UIvuBJO+f8m7qu/mr+RccdSNA=,w1fV3VZth/g022snGE5HMKG7F3M=
12,0,w/UIvuBJO+f8m7qu/mr+RccdSNA=,IIn8CiqWG4uFrF03am3HEEkwAH0=
10,0,w/UIvuBJO+f8m7qu/mr+RccdSNA=,nYYPmJ1AN46yGsr6ehvWJfRD30Q=
8,0,w/UIvuBJO+f8m7qu/mr+RccdSNA=,yGJTGeihcHvp8P2fIAufeNbRuJg=
9,0,w/UIvuBJO+f8m7qu/mr+RccdSNA=,yGJTGeihcHvp8P2fIAufeNbRuJg=
7,0,w/UIvuBJO+f8m7qu/mr+RccdSNA=,JlP7d+r4o+AB1NqJH2TIuyxi/T0=
11,0,w/UIvuBJO+f8m7qu/mr+RccdSNA=,nYYPmJ1AN46yGsr6ehvWJfRD30Q=
6,0,w/UIvuBJO+f8m7qu/mr+RccdSNA=,JlP7d+r4o+AB1NqJH2TIuyxi/T0=
5,0,w/UIvuBJO+f8m7qu/mr+RccdSNA=,xc9tG++No4/imhr8lFYVqgwhJ54=
13,5,w/UIvuBJO+f8m7qu/mr+RccdSNA=,dwGftskL0sdsHYmECA8yqLSTyEA=
4,0,w/UIvuBJO+f8m7qu/mr+RccdSNA=,xc9tG++No4/imhr8lFYVqgwhJ54=
15,5,w/UIvuBJO+f8m7qu/mr+RccdSNA=,ddPq72pA5Un1+atZCryyfXjfbYI=
1,0,w/UIvuBJO+f8m7qu/mr+RccdSNA=,XUeCVpAyWoVyGOIJi7UbdQpx95E=
3,0,w/UIvuBJO+f8m7qu/mr+RccdSNA=,MZfHU++OFYepUSGHLa6WdWB22zY=
14,5,w/UIvuBJO+f8m7qu/mr+RccdSNA=,ddPq72pA5Un1+atZCryyfXjfbYI=
14,6,w/UIvuBJO+f8m7qu/mr+RccdSNA=,1lF+MFDOPF3o2QesBs+v0K2Eg1s=
2,0,w/UIvuBJO+f8m7qu/mr+RccdSNA=,MZfHU++OFYepUSGHLa6WdWB22zY=
15,6,w/UIvuBJO+f8m7qu/mr+RccdSNA=,1lF+MFDOPF3o2QesBs+v0K2Eg1s=
13,6,w/UIvuBJO+f8m7qu/mr+RccdSNA=,le7kTTO2ojHB+VoQaUNcPpCAD3M=
0,0,w/UIvuBJO+f8m7qu/mr+RccdSNA=,XUeCVpAyWoVyGOIJi7UbdQpx95E=
0,1,w/UIvuBJO+f8m7qu/mr+RccdSNA=,XUeCVpAyWoVyGOIJi7UbdQpx95E=
0,4,w/UIvuBJO+f8m7qu/mr+RccdSNA=,8lqYREavs5xU0tsKqX/I2YsbfAI=
0,2,w/UIvuBJO+f8m7qu/mr+RccdSNA=,7YDk45GhViuQZ30qXjv3mi6lcFk=
0,3,w/UIvuBJO+f8m7qu/mr+RccdSNA=,7YDk45GhViuQZ30qXjv3mi6lcFk=
0,6,w/UIvuBJO+f8m7qu/mr+RccdSNA=,mBDBuFaUzWxTsk1fqp3nf82K0kA=
0,7,w/UIvuBJO+f8m7qu/mr+RccdSNA=,mBDBuFaUzWxTsk1fqp3nf82K0kA=
0,10,w/UIvuBJO+f8m7qu/mr+RccdSNA=,Rlqp1AWuElswUy/U5/oI2F9YXIk=
0,5,w/UIvuBJO+f8m7qu/mr+RccdSNA=,8lqYREavs5xU0tsKqX/I2YsbfAI=
0,8,w/UIvuBJO+f8m7qu/mr+RccdSNA=,voOtdyYR1wNkJo+66Pz/dYv0oCo=
0,9,w/UIvuBJO+f8m7qu/mr+RccdSNA=,voOtdyYR1wNkJo+66Pz/dYv0oCo=
0,12,w/UIvuBJO+f8m7qu/mr+RccdSNA=,G8yhVVPT1calKSPbGYalIQLHW5I=
0,15,w/UIvuBJO+f8m7qu/mr+RccdSNA=,MHjlRwHVqhnIARAZng/JKEXxh4I=
0,14,w/UIvuBJO+f8m7qu/mr+RccdSNA=,MHjlRwHVqhnIARAZng/JKEXxh4I=
0,11,w/UIvuBJO+f8m7qu/mr+RccdSNA=,Rlqp1AWuElswUy/U5/oI2F9YXIk=
0,13,w/UIvuBJO+f8m7qu/mr+RccdSNA=,G8yhVVPT1calKSPbGYalIQLHW5I=
15,0,w/UIvuBJO+f8m7qu/mr+RccdSNA=,gHA8PVL9dCEaM8G95/H05GTdM9I=
13,0,w/UIvuBJO+f8m7qu/mr+RccdSNA=,IIn8CiqWG4uFrF03am3HEEkwAH0=
14,0,w/UIvuBJO+f8m7qu/mr+RccdSNA=,gHA8PVL9dCEaM8G95/H05GTdM9I=
15,1,w/UIvuBJO+f8m7qu/mr+RccdSNA=,gHA8PVL9dCEaM8G95/H05GTdM9I=
13,4,w/UIvuBJO+f8m7qu/mr+RccdSNA=,dwGftskL0sdsHYmECA8yqLSTyEA=
14,1,w/UIvuBJO+f8m7qu/mr+RccdSNA=,gHA8PVL9dCEaM8G95/H05GTdM9I=
15,3,w/UIvuBJO+f8m7qu/mr+RccdSNA=,Dmsls/5P/3D+2jjOW1vEcvMjv7w=
14,3,w/UIvuBJO+f8m7qu/mr+RccdSNA=,Dmsls/5P/3D+2jjOW1vEcvMjv7w=
13,3,w/UIvuBJO+f8m7qu/mr+RccdSNA=,GFL1+jdPx4XyNiZTWdSFmGlb240=
15,2,w/UIvuBJO+f8m7qu/mr+RccdSNA=,Dmsls/5P/3D+2jjOW1vEcvMjv7w=
14,4,w/UIvuBJO+f8m7qu/mr+RccdSNA=,ddPq72pA5Un1+atZCryyfXjfbYI=
13,1,w/UIvuBJO+f8m7qu/mr+RccdSNA=,IIn8CiqWG4uFrF03am3HEEkwAH0=
13,2,w/UIvuBJO+f8m7qu/mr+RccdSNA=,GFL1+jdPx4XyNiZTWdSFmGlb240=
15,4,w/UIvuBJO+f8m7qu/mr+RccdSNA=,ddPq72pA5Un1+atZCryyfXjfbYI=
14,2,w/UIvuBJO+f8m7qu/mr+RccdSNA=,Dmsls/5P/3D+2jjOW1vEcvMjv7w=
10,13,w/UIvuBJO+f8m7qu/mr+RccdSNA=,Jn1Rw+pztdcwMRSRHqecosjTUJE=
10,15,w/UIvuBJO+f8m7qu/mr+RccdSNA=,qrmtBTmAzpb3GaDh/pXR5kOOcec=
10,14,w/UIvuBJO+f8m7qu/mr+RccdSNA=,qrmtBTmAzpb3GaDh/pXR5kOOcec=
9,15,w/UIvuBJO+f8m7qu/mr+RccdSNA=,Rmiou7yZv3QNPqX2DQdRyaYtp6A=
7,15,w/UIvuBJO+f8m7qu/mr+RccdSNA=,mxuMmY+n4lvOKFyofsfuc1zEQ2c=
8,15,w/UIvuBJO+f8m7qu/mr+RccdSNA=,Rmiou7yZv3QNPqX2DQdRyaYtp6A=
7,14,w/UIvuBJO+f8m7qu/mr+RccdSNA=,mxuMmY+n4lvOKFyofsfuc1zEQ2c=
9,13,w/UIvuBJO+f8m7qu/mr+RccdSNA=,6oc4XAmCxfnfNgo0DDT8lDasA1o=
8,13,w/UIvuBJO+f8m7qu/mr+RccdSNA=,6oc4XAmCxfnfNgo0DDT8lDasA1o=
9,14,w/UIvuBJO+f8m7qu/mr+RccdSNA=,Rmiou7yZv3QNPqX2DQdRyaYtp6A=
7,13,w/UIvuBJO+f8m7qu/mr+RccdSNA=,fL9JHhOtZbRV5uItWpD1nvRAJwU=
8,14,w/UIvuBJO+f8m7qu/mr+RccdSNA=,Rmiou7yZv3QNPqX2DQdRyaYtp6A=
5,13,w/UIvuBJO+f8m7qu/mr+RccdSNA=,aqLCftFMsAy3TEc9SYQt4er6bSE=
4,13,eyKs0SGnViBFal5TXBbn1H6a7go=,aqLCftFMsAy3TEc9SYQt4er6bSE=
3,13,rtL5E39Phu5fUCaTAgVLCcFRz1M=,24iviM7d+445nyhLWklXBlPKaf4=
6,13,w/UIvuBJO+f8m7qu/mr+RccdSNA=,fL9JHhOtZbRV5uItWpD1nvRAJwU=
3,14,eyKs0SGnViBFal5TXBbn1H6a7go=,uI9nRnu53CJZlNgmVWwc8AVGI+Q=
3,15,eyKs0SGnViBFal5TXBbn1H6a7go=,uI9nRnu53CJZlNgmVWwc8AVGI+Q=
4,15,eyKs0SGnViBFal5TXBbn1H6a7go=,MuF4yL4IY8c0Rt1mgMsReyFzu7U=
4,14,eyKs0SGnViBFal5TXBbn1H6a7go=,MuF4yL4IY8c0Rt1mgMsReyFzu7U=
5,15,w/UIvuBJO+f8m7qu/mr+RccdSNA=,MuF4yL4IY8c0Rt1mgMsReyFzu7U=
6,15,w/UIvuBJO+f8m7qu/mr+RccdSNA=,mxuMmY+n4lvOKFyofsfuc1zEQ2c=
6,14,w/UIvuBJO+f8m7qu/mr+RccdSNA=,mxuMmY+n4lvOKFyofsfuc1zEQ2c=
5,14,w/UIvuBJO+f8m7qu/mr+RccdSNA=,MuF4yL4IY8c0Rt1mgMsReyFzu7U=
15,11,w/UIvuBJO+f8m7qu/mr+RccdSNA=,i/uM0zPj2+cQK+xsr3yEkwoFUtk=
13,12,w/UIvuBJO+f8m7qu/mr+RccdSNA=,T8rZSWtZ8GqVNFZ04OTMSQVdJVY=
13,11,w/UIvuBJO+f8m7qu/mr+RccdSNA=,KG5Avg7hI9r2vU9lmvCOUv/Kmc4=
14,11,w/UIvuBJO+f8m7qu/mr+RccdSNA=,i/uM0zPj2+cQK+xsr3yEkwoFUtk=
14,12,w/UIvuBJO+f8m7qu/mr+RccdSNA=,8gMn/62BF6iME1470iIrLayyY/s=
15,12,w/UIvuBJO+f8m7qu/mr+RccdSNA=,8gMn/62BF6iME1470iIrLayyY/s=
13,13,w/UIvuBJO+f8m7qu/mr+RccdSNA=,T8rZSWtZ8GqVNFZ04OTMSQVdJVY=
15,13,w/UIvuBJO+f8m7qu/mr+RccdSNA=,8gMn/62BF6iME1470iIrLayyY/s=
15,14,w/UIvuBJO+f8m7qu/mr+RccdSNA=,0aTwcJ6yd1/6awGL8VigAMrrZW0=
13,15,w/UIvuBJO+f8m7qu/mr+RccdSNA=,Q0SvReu5ddNH2xsxQ2Kw8DlJsbY=
13,14,w/UIvuBJO+f8m7qu/mr+RccdSNA=,Q0SvReu5ddNH2xsxQ2Kw8DlJsbY=
14,15,w/UIvuBJO+f8m7qu/mr+RccdSNA=,0aTwcJ6yd1/6awGL8VigAMrrZW0=
15,15,w/UIvuBJO+f8m7qu/mr+RccdSNA=,0aTwcJ6yd1/6awGL8VigAMrrZW0=
14,14,w/UIvuBJO+f8m7qu/mr+RccdSNA=,0aTwcJ6yd1/6awGL8VigAMrrZW0=
14,13,w/UIvuBJO+f8m7qu/mr+RccdSNA=,8gMn/62BF6iME1470iIrLayyY/s=
15,7,w/UIvuBJO+f8m7qu/mr+RccdSNA=,1lF+MFDOPF3o2QesBs+v0K2Eg1s=
15,10,w/UIvuBJO+f8m7qu/mr+RccdSNA=,i/uM0zPj2+cQK+xsr3yEkwoFUtk=
15,8,w/UIvuBJO+f8m7qu/mr+RccdSNA=,VFzdcrIAoRBOa+Vyw+WrAo7puOI=
13,7,w/UIvuBJO+f8m7qu/mr+RccdSNA=,le7kTTO2ojHB+VoQaUNcPpCAD3M=
13,8,w/UIvuBJO+f8m7qu/mr+RccdSNA=,6KMIcpywe6y2+rEidlvF/yM2Ws8=
13,9,w/UIvuBJO+f8m7qu/mr+RccdSNA=,6KMIcpywe6y2+rEidlvF/yM2Ws8=
13,10,w/UIvuBJO+f8m7qu/mr+RccdSNA=,KG5Avg7hI9r2vU9lmvCOUv/Kmc4=
14,10,w/UIvuBJO+f8m7qu/mr+RccdSNA=,i/uM0zPj2+cQK+xsr3yEkwoFUtk=
14,8,w/UIvuBJO+f8m7qu/mr+RccdSNA=,VFzdcrIAoRBOa+Vyw+WrAo7puOI=
15,9,w/UIvuBJO+f8m7qu/mr+RccdSNA=,VFzdcrIAoRBOa+Vyw+WrAo7puOI=
14,9,w/UIvuBJO+f8m7qu/mr+RccdSNA=,VFzdcrIAoRBOa+Vyw+WrAo7puOI=
14,7,w/UIvuBJO+f8m7qu/mr+RccdSNA=,1lF+MFDOPF3o2QesBs+v0K2Eg1s=
