-8,0,mqX/AVhiO5j16IxcTwUwbdMqeuI=,Lx59HebCKZT9aDGkGnjlKj1TSWM=
-8,1,mqX/AVhiO5j16IxcTwUwbdMqeuI=,pw5qgmdOClpMeW7LlLu08QmaX3s=
-8,2,mqX/AVhiO5j16IxcTwUwbdMqeuI=,WK7IWQni/ZSPGmWp9bpPurlVH3w=
-8,3,mqX/AVhiO5j16IxcTwUwbdMqeuI=,9vRWbeWLhM+ttEl770RJ5vK8cvA=
-8,4,mqX/AVhiO5j16IxcTwUwbdMqeuI=,8AQtCOfpSIC5Z0F7I2aD2mS530g=
-8,5,BfuTw7h2CBq4b7QQUoF5zgIJ9Lg=,QbFuzWMcoDmFmOdDcTaK27iBUJM=
-8,6,BfuTw7h2CBq4b7QQUoF5zgIJ9Lg=,OYk7cnlfXHln52Vk/lWBZnKgHsA=
-8,7,BfuTw7h2CBq4b7QQUoF5zgIJ9Lg=,OYk7cnlfXHln52Vk/lWBZnKgHsA=
-7,1,lUnCVItjbZ99KGW5jfr8qk/x2Wo=,d9dtWvrk2NVXeUUmuDhad8WBuTE=
-7,0,lUnCVItjbZ99KGW5jfr8qk/x2Wo=,T1SnfknshsZvCgVR5EClvpv6VHQ=
-7,3,lUnCVItjbZ99KGW5jfr8qk/x2Wo=,ozfMda5w+Wiq7FC2oS/PZSAYaQI=
-7,2,lUnCVItjbZ99KGW5jfr8qk/x2Wo=,60qIYSrwkM3Ju2X3+U4N8KlDAOc=
-7,5,4Ee65AKDOw3XIw6LKliKhiJIiR4=,QbFuzWMcoDmFmOdDcTaK27iBUJM=
-7,4,4Ee65AKDOw3XIw6LKliKhiJIiR4=,6b19gDzijUJGGNMI9IE/ITjIPY0=
-7,7,4Ee65AKDOw3XIw6LKliKhiJIiR4=,OYk7cnlfXHln52Vk/lWBZnKgHsA=
-7,6,JqXWrES50T9tCVNsydET70AabCo=,OYk7cnlfXHln52Vk/lWBZnKgHsA=
-6,2,V3hfoGcpzALKoH6mGIGWsms2M+g=,NB9NGy2HUgPnuH7Qm2+Zp0A3O24=
-6,3,N5y57AFN6bO2h/OE1o9ZokWwbd8=,kSSkz4pZt/TZHl1N4MKaKw1Hb1w=
-6,0,N5y57AFN6bO2h/OE1o9ZokWwbd8=,2Xrlcje3HkhTxN9dh2BE4Rwkfxk=
-6,1,N5y57AFN6bO2h/OE1o9ZokWwbd8=,7tzdduPm4W86v2NVLVmheHqSQ8Y=
-6,6,PIJjkq+8cb0Amil7esxFNSJ6ENQ=,OYk7cnlfXHln52Vk/lWBZnKgHsA=
-6,7,PIJjkq+8cb0Amil7esxFNSJ6ENQ=,OYk7cnlfXHln52Vk/lWBZnKgHsA=
-6,4,PIJjkq+8cb0Amil7esxFNSJ6ENQ=,djdOrCctQ75CEnPVAoTBp+kbxjo=
-6,5,/yCIsyUtCQ4jGmbmJ4ZcGMy/YdI=,mEHC25XtjLk1tu8864IzHqk8EIY=
-5,3,E8BUGhjJJL2Bv7BG9IrfKOQzkmA=,OYk7cnlfXHln52Vk/lWBZnKgHsA=
-5,2,dxONbwh2LIgMDGs09OBP8ak5LyQ=,MdbNUX5t/rx96Yf16Jj/9fb07Lk=
-5,1,dxONbwh2LIgMDGs09OBP8ak5LyQ=,M+Wc1fahjFM5kbVnCMB5vAfGaKs=
-5,0,dxONbwh2LIgMDGs09OBP8ak5LyQ=,Iulf4nLznpMliyoaUDp1fdumuys=
-5,7,OwhGZLfmiOi+cDQOpCwNiXCVTrM=,OYk7cnlfXHln52Vk/lWBZnKgHsA=
-5,6,OwhGZLfmiOi+cDQOpCwNiXCVTrM=,OYk7cnlfXHln52Vk/lWBZnKgHsA=
-5,5,OwhGZLfmiOi+cDQOpCwNiXCVTrM=,OYk7cnlfXHln52Vk/lWBZnKgHsA=
-5,4,gPrSjvvSbiatvP3pOKP455tMGRo=,OYk7cnlfXHln52Vk/lWBZnKgHsA=
-4,4,A2Fdy3njZZbvva6146PEGQavtAo=,OYk7cnlfXHln52Vk/lWBZnKgHsA=
-4,5,A2Fdy3njZZbvva6146PEGQavtAo=,OYk7cnlfXHln52Vk/lWBZnKgHsA=
-4,6,XkZurwI1U+gAKqSTXrzBAdhHv0k=,OYk7cnlfXHln52Vk/lWBZnKgHsA=
-4,7,XkZurwI1U+gAKqSTXrzBAdhHv0k=,OYk7cnlfXHln52Vk/lWBZnKgHsA=
-4,0,XkZurwI1U+gAKqSTXrzBAdhHv0k=,6ery1Y0kn3CJUbCJ+kpJKJLZz3Y=
-4,1,Bz6s2m8PP8Debxmt/E1jwRkqSkU=,rkCH/698JJqZGl6WzZQRY0MliT8=
-4,2,Bz6s2m8PP8Debxmt/E1jwRkqSkU=,cJCQrd2s7wU3Hq4hRW73OrlD5xA=
-4,3,Bz6s2m8PP8Debxmt/E1jwRkqSkU=,OYk7cnlfXHln52Vk/lWBZnKgHsA=
-3,5,CmiiSo28Zi8oNhZdeehEF3ujxqY=,OYk7cnlfXHln52Vk/lWBZnKgHsA=
-3,4,CmiiSo28Zi8oNhZdeehEF3ujxqY=,OYk7cnlfXHln52Vk/lWBZnKgHsA=
-3,7,CmiiSo28Zi8oNhZdeehEF3ujxqY=,OYk7cnlfXHln52Vk/lWBZnKgHsA=
-3,6,rgVKBJn4yEbN+GaBcRlZJx/YGkA=,OYk7cnlfXHln52Vk/lWBZnKgHsA=
-3,1,rgVKBJn4yEbN+GaBcRlZJx/YGkA=,OYk7cnlfXHln52Vk/lWBZnKgHsA=
-3,0,rgVKBJn4yEbN+GaBcRlZJx/YGkA=,OYk7cnlfXHln52Vk/lWBZnKgHsA=
-3,3,BmLzzD+0XPmRDwMRRgL4oZnFbXo=,OYk7cnlfXHln52Vk/lWBZnKgHsA=
-3,2,BmLzzD+0XPmRDwMRRgL4oZnFbXo=,OYk7cnlfXHln52Vk/lWBZnKgHsA=
-2,6,BmLzzD+0XPmRDwMRRgL4oZnFbXo=,OYk7cnlfXHln52Vk/lWBZnKgHsA=
-2,7,DWiItQ1DGcmWc59oO/A0+2p3i7Q=,OYk7cnlfXHln52Vk/lWBZnKgHsA=
-2,4,DWiItQ1DGcmWc59oO/A0+2p3i7Q=,OYk7cnlfXHln52Vk/lWBZnKgHsA=
-2,5,DWiItQ1DGcmWc59oO/A0+2p3i7Q=,OYk7cnlfXHln52Vk/lWBZnKgHsA=
-2,2,vF4wJo2sHdTqUY1K++Oq3ct5pIs=,OYk7cnlfXHln52Vk/lWBZnKgHsA=
-2,3,vF4wJo2sHdTqUY1K++Oq3ct5pIs=,OYk7cnlfXHln52Vk/lWBZnKgHsA=
-2,0,vF4wJo2sHdTqUY1K++Oq3ct5pIs=,OYk7cnlfXHln52Vk/lWBZnKgHsA=
-2,1,vF4wJo2sHdTqUY1K++Oq3ct5pIs=,OYk7cnlfXHln52Vk/lWBZnKgHsA=
-1,7,SdEEh+ckeH33gFZigWhzDRBaVBQ=,OYk7cnlfXHln52Vk/lWBZnKgHsA=
-1,6,SdEEh+ckeH33gFZigWhzDRBaVBQ=,OYk7cnlfXHln52Vk/lWBZnKgHsA=
-1,5,B/m3IVCEx5AIEq1ZCHv5C9WhWNI=,OYk7cnlfXHln52Vk/lWBZnKgHsA=
-1,4,B/m3IVCEx5AIEq1ZCHv5C9WhWNI=,OYk7cnlfXHln52Vk/lWBZnKgHsA=
-1,3,BNmJlXjrmUv2XCrnfQ2jFs3ZTbo=,OYk7cnlfXHln52Vk/lWBZnKgHsA=
-1,2,BNmJlXjrmUv2XCrnfQ2jFs3ZTbo=,OYk7cnlfXHln52Vk/lWBZnKgHsA=
-1,1,BNmJlXjrmUv2XCrnfQ2jFs3ZTbo=,OYk7cnlfXHln52Vk/lWBZnKgHsA=
-1,0,BNmJlXjrmUv2XCrnfQ2jFs3ZTbo=,OYk7cnlfXHln52Vk/lWBZnKgHsA=
