7,-1,y5m1IoUMkeQPvpZJaaLe2oKUfIc=,sC0hJ2DG870RPfBvUEOhwHYqTIs=
7,-2,lUnCVItjbZ99KGW5jfr8qk/x2Wo=,sC0hJ2DG870RPfBvUEOhwHYqTIs=
7,-3,lUnCVItjbZ99KGW5jfr8qk/x2Wo=,sC0hJ2DG870RPfBvUEOhwHYqTIs=
7,-4,lUnCVItjbZ99KGW5jfr8qk/x2Wo=,sC0hJ2DG870RPfBvUEOhwHYqTIs=
7,-5,4Ee65AKDOw3XIw6LKliKhiJIiR4=,sC0hJ2DG870RPfBvUEOhwHYqTIs=
7,-6,4Ee65AKDOw3XIw6LKliKhiJIiR4=,sC0hJ2DG870RPfBvUEOhwHYqTIs=
7,-7,4Ee65AKDOw3XIw6LKliKhiJIiR4=,sC0hJ2DG870RPfBvUEOhwHYqTIs=
7,-8,4Ee65AKDOw3XIw6LKliKhiJIiR4=,sC0hJ2DG870RPfBvUEOhwHYqTIs=
6,-2,V3hfoGcpzALKoH6mGIGWsms2M+g=,sC0hJ2DG870RPfBvUEOhwHYqTIs=
6,-1,V3hfoGcpzALKoH6mGIGWsms2M+g=,sC0hJ2DG870RPfBvUEOhwHYqTIs=
6,-4,N5y57AFN6bO2h/OE1o9ZokWwbd8=,sC0hJ2DG870RPfBvUEOhwHYqTIs=
6,-3,N5y57AFN6bO2h/OE1o9ZokWwbd8=,sC0hJ2DG870RPfBvUEOhwHYqTIs=
6,-6,N5y57AFN6bO2h/OE1o9ZokWwbd8=,sC0hJ2DG870RPfBvUEOhwHYqTIs=
6,-5,PIJjkq+8cb0Amil7esxFNSJ6ENQ=,sC0hJ2DG870RPfBvUEOhwHYqTIs=
6,-8,PIJjkq+8cb0Amil7esxFNSJ6ENQ=,sC0hJ2DG870RPfBvUEOhwHYqTIs=
6,-7,PIJjkq+8cb0Amil7esxFNSJ6ENQ=,sC0hJ2DG870RPfBvUEOhwHYqTIs=
5,-3,E8BUGhjJJL2Bv7BG9IrfKOQzkmA=,sC0hJ2DG870RPfBvUEOhwHYqTIs=
5,-4,dxONbwh2LIgMDGs09OBP8ak5LyQ=,sC0hJ2DG870RPfBvUEOhwHYqTIs=
5,-1,dxONbwh2LIgMDGs09OBP8ak5LyQ=,sC0hJ2DG870RPfBvUEOhwHYqTIs=
5,-2,dxONbwh2LIgMDGs09OBP8ak5LyQ=,sC0hJ2DG870RPfBvUEOhwHYqTIs=
5,-7,dxONbwh2LIgMDGs09OBP8ak5LyQ=,sC0hJ2DG870RPfBvUEOhwHYqTIs=
5,-8,OwhGZLfmiOi+cDQOpCwNiXCVTrM=,sC0hJ2DG870RPfBvUEOhwHYqTIs=
5,-5,OwhGZLfmiOi+cDQOpCwNiXCVTrM=,sC0hJ2DG870RPfBvUEOhwHYqTIs=
5,-6,OwhGZLfmiOi+cDQOpCwNiXCVTrM=,sC0hJ2DG870RPfBvUEOhwHYqTIs=
4,-4,A2Fdy3njZZbvva6146PEGQavtAo=,+9pVnOufbMPvBymFkUh+rKE8+Bg=
4,-3,A2Fdy3njZZbvva6146PEGQavtAo=,2Q/wymi1AT0RWcUJ0trloB1FXeI=
4,-2,XkZurwI1U+gAKqSTXrzBAdhHv0k=,sC0hJ2DG870RPfBvUEOhwHYqTIs=
4,-1,XkZurwI1U+gAKqSTXrzBAdhHv0k=,sC0hJ2DG870RPfBvUEOhwHYqTIs=
4,-8,Bz6s2m8PP8Debxmt/E1jwRkqSkU=,sC0hJ2DG870RPfBvUEOhwHYqTIs=
4,-7,Bz6s2m8PP8Debxmt/E1jwRkqSkU=,sC0hJ2DG870RPfBvUEOhwHYqTIs=
4,-6,Bz6s2m8PP8Debxmt/E1jwRkqSkU=,sC0hJ2DG870RPfBvUEOhwHYqTIs=
4,-5,CmiiSo28Zi8oNhZdeehEF3ujxqY=,/pv+Zm4mTyrTtbjUWNnBcPV0PlY=
3,-5,CmiiSo28Zi8oNhZdeehEF3ujxqY=,oVR0K4oPX2Zern5uZPTQMO+6PqM=
3,-6,CmiiSo28Zi8oNhZdeehEF3ujxqY=,i9Yh1N/w1EGh+S2+i19KNCRTd+w=
3,-7,rgVKBJn4yEbN+GaBcRlZJx/YGkA=,sC0hJ2DG870RPfBvUEOhwHYqTIs=
3,-8,rgVKBJn4yEbN+GaBcRlZJx/YGkA=,sC0hJ2DG870RPfBvUEOhwHYqTIs=
3,-1,rgVKBJn4yEbN+GaBcRlZJx/YGkA=,sC0hJ2DG870RPfBvUEOhwHYqTIs=
3,-2,rgVKBJn4yEbN+GaBcRlZJx/YGkA=,sC0hJ2DG870RPfBvUEOhwHYqTIs=
3,-3,BmLzzD+0XPmRDwMRRgL4oZnFbXo=,tj8BE3IDReq7G5MW1UltHooRDw0=
3,-4,BmLzzD+0XPmRDwMRRgL4oZnFbXo=,UtlKFPcqxm845qOUI8o3hlXZLg4=
2,-6,BmLzzD+0XPmRDwMRRgL4oZnFbXo=,CBF4g1GbFPaIQzLKlGEKz8tmd1E=
2,-5,DWiItQ1DGcmWc59oO/A0+2p3i7Q=,L+o0sHFLbL8/71+rw8mnE9x8q28=
2,-8,DWiItQ1DGcmWc59oO/A0+2p3i7Q=,sC0hJ2DG870RPfBvUEOhwHYqTIs=
2,-7,DWiItQ1DGcmWc59oO/A0+2p3i7Q=,sC0hJ2DG870RPfBvUEOhwHYqTIs=
2,-2,DWiItQ1DGcmWc59oO/A0+2p3i7Q=,sC0hJ2DG870RPfBvUEOhwHYqTIs=
2,-1,vF4wJo2sHdTqUY1K++Oq3ct5pIs=,sC0hJ2DG870RPfBvUEOhwHYqTIs=
2,-4,vF4wJo2sHdTqUY1K++Oq3ct5pIs=,sC0hJ2DG870RPfBvUEOhwHYqTIs=
2,-3,vF4wJo2sHdTqUY1K++Oq3ct5pIs=,sC0hJ2DG870RPfBvUEOhwHYqTIs=
1,-7,SdEEh+ckeH33gFZigWhzDRBaVBQ=,sC0hJ2DG870RPfBvUEOhwHYqTIs=
1,-8,SdEEh+ckeH33gFZigWhzDRBaVBQ=,sC0hJ2DG870RPfBvUEOhwHYqTIs=
1,-5,B/m3IVCEx5AIEq1ZCHv5C9WhWNI=,4NY7qwxbiJnkfKDGf567X4wI87g=
1,-6,B/m3IVCEx5AIEq1ZCHv5C9WhWNI=,Tfp1mvp5o2DmiB70FUziIauEdrM=
1,-3,B/m3IVCEx5AIEq1ZCHv5C9WhWNI=,dHoaSmxcCVLa32B4TPHcgi1jm4s=
1,-4,BNmJlXjrmUv2XCrnfQ2jFs3ZTbo=,wUO2jGklVzbCxYFJO7Jj6deU450=
1,-1,BNmJlXjrmUv2XCrnfQ2jFs3ZTbo=,sC0hJ2DG870RPfBvUEOhwHYqTIs=
1,-2,BNmJlXjrmUv2XCrnfQ2jFs3ZTbo=,9qv+33HweFqb4gd1X5CkZPeSP2Y=
0,-8,6FcfAQu8DZREa+qqoqds1g2XCtc=,sC0hJ2DG870RPfBvUEOhwHYqTIs=
0,-7,6FcfAQu8DZREa+qqoqds1g2XCtc=,sC0hJ2DG870RPfBvUEOhwHYqTIs=
0,-6,6FcfAQu8DZREa+qqoqds1g2XCtc=,5nJ5nJLss+/7x6/JkSKOhMot4ww=
0,-5,6FcfAQu8DZREa+qqoqds1g2XCtc=,zViOgnPpOof8G1/Ypx+NvHwnfJg=
0,-4,6FcfAQu8DZREa+qqoqds1g2XCtc=,3yiHSrSA2N4aif4t4FKd2yjHWp8=
0,-3,6FcfAQu8DZREa+qqoqds1g2XCtc=,g67HIEsI4irwoL2dcR9hY1rY3H8=
0,-2,Hu9zkEr8mIAMapRPEy9WPpqb+yg=,iQ++ZlqFuVKnaiMMFPHy7XaHJjg=
0,-1,Hu9zkEr8mIAMapRPEy9WPpqb+yg=,sC0hJ2DG870RPfBvUEOhwHYqTIs=
